"IDConfig","CodigoUH","carpeta_cuenca","archivo","ruta_relativa","tamano_bytes","tamano_kb","md5"
1094,"13154","13154_Cuenca_Hospicio","IDConfig_1094_completo.xlsx","13154_Cuenca_Hospicio/_raw_reportes_xlsx/IDConfig_1094_completo.xlsx",8042,7.85,"216a9ebbc6fed0c1b9da45a1022b7dd3"
3701,"13154","13154_Cuenca_Hospicio","IDConfig_3701_completo.xlsx","13154_Cuenca_Hospicio/_raw_reportes_xlsx/IDConfig_3701_completo.xlsx",63756,62.26,"149f8c1d07f031f601a6ab97bf23338f"
184,"13155","13155_Intercuenca_13155","IDConfig_184_completo.xlsx","13155_Intercuenca_13155/_raw_reportes_xlsx/IDConfig_184_completo.xlsx",133211,130.09,"f049bec1d0f3b8ef5dfc9a7bcfbcc8a0"
252,"13155","13155_Intercuenca_13155","IDConfig_252_completo.xlsx","13155_Intercuenca_13155/_raw_reportes_xlsx/IDConfig_252_completo.xlsx",26761,26.13,"3a7aaae36a82ebd8d057b68e666b972b"
387,"13155","13155_Intercuenca_13155","IDConfig_387_completo.xlsx","13155_Intercuenca_13155/_raw_reportes_xlsx/IDConfig_387_completo.xlsx",15415,15.05,"45ba0931d25d75536babf9fa81225506"
680,"13155","13155_Intercuenca_13155","IDConfig_680_completo.xlsx","13155_Intercuenca_13155/_raw_reportes_xlsx/IDConfig_680_completo.xlsx",3599,3.51,"a726fe3027951082ba38dc687f88a4f9"
969,"13155","13155_Intercuenca_13155","IDConfig_969_completo.xlsx","13155_Intercuenca_13155/_raw_reportes_xlsx/IDConfig_969_completo.xlsx",8953,8.74,"9f44301b159bd2f5fc927f3c851c7d96"
1106,"13155","13155_Intercuenca_13155","IDConfig_1106_completo.xlsx","13155_Intercuenca_13155/_raw_reportes_xlsx/IDConfig_1106_completo.xlsx",3559,3.48,"d5c00c6eef6525249992aad3e17bed7b"
1478,"13155","13155_Intercuenca_13155","IDConfig_1478_completo.xlsx","13155_Intercuenca_13155/_raw_reportes_xlsx/IDConfig_1478_completo.xlsx",3616,3.53,"79b5c6ef61918fc3557053075d8a67c7"
1862,"13155","13155_Intercuenca_13155","IDConfig_1862_completo.xlsx","13155_Intercuenca_13155/_raw_reportes_xlsx/IDConfig_1862_completo.xlsx",7290,7.12,"62c4437ceb7e542e7ed8caa116e5ea6c"
1937,"13155","13155_Intercuenca_13155","IDConfig_1937_completo.xlsx","13155_Intercuenca_13155/_raw_reportes_xlsx/IDConfig_1937_completo.xlsx",18640,18.2,"0ac26926a3808ec00809ef4021c9f400"
2097,"13155","13155_Intercuenca_13155","IDConfig_2097_completo.xlsx","13155_Intercuenca_13155/_raw_reportes_xlsx/IDConfig_2097_completo.xlsx",69503,67.87,"7296be0890a285d2aa7b2fab66cba622"
2638,"13155","13155_Intercuenca_13155","IDConfig_2638_completo.xlsx","13155_Intercuenca_13155/_raw_reportes_xlsx/IDConfig_2638_completo.xlsx",4598,4.49,"3a294b90b2caab8690541fff7fbbbb4c"
2653,"13155","13155_Intercuenca_13155","IDConfig_2653_completo.xlsx","13155_Intercuenca_13155/_raw_reportes_xlsx/IDConfig_2653_completo.xlsx",15288,14.93,"603cb8d32f9cd2c873b62b452b45373b"
3057,"13155","13155_Intercuenca_13155","IDConfig_3057_completo.xlsx","13155_Intercuenca_13155/_raw_reportes_xlsx/IDConfig_3057_completo.xlsx",3570,3.49,"8befad81b079391f76d0611b6e76f4c8"
3311,"13155","13155_Intercuenca_13155","IDConfig_3311_completo.xlsx","13155_Intercuenca_13155/_raw_reportes_xlsx/IDConfig_3311_completo.xlsx",3592,3.51,"3c1a298d001896e698d842a79c990419"
3840,"13155","13155_Intercuenca_13155","IDConfig_3840_completo.xlsx","13155_Intercuenca_13155/_raw_reportes_xlsx/IDConfig_3840_completo.xlsx",31560,30.82,"365d6d0b3a99059e12eb13dccfdac561"
3866,"13155","13155_Intercuenca_13155","IDConfig_3866_completo.xlsx","13155_Intercuenca_13155/_raw_reportes_xlsx/IDConfig_3866_completo.xlsx",3589,3.5,"933a3735aadcb4b8eec2849069dea8dd"
4136,"13155","13155_Intercuenca_13155","IDConfig_4136_completo.xlsx","13155_Intercuenca_13155/_raw_reportes_xlsx/IDConfig_4136_completo.xlsx",7138,6.97,"5e66fb54acf492bcebbe773dd0a70297"
52027,"13155","13155_Intercuenca_13155","IDConfig_52027_completo.xlsx","13155_Intercuenca_13155/_raw_reportes_xlsx/IDConfig_52027_completo.xlsx",36089,35.24,"a09996c315c7b419d619ff9c0f1968e7"
63297,"13155","13155_Intercuenca_13155","IDConfig_63297_completo.xlsx","13155_Intercuenca_13155/_raw_reportes_xlsx/IDConfig_63297_completo.xlsx",8938,8.73,"34785ddeb4915727e1570c5c2093deb4"
64921,"13155","13155_Intercuenca_13155","IDConfig_64921_completo.xlsx","13155_Intercuenca_13155/_raw_reportes_xlsx/IDConfig_64921_completo.xlsx",11863,11.58,"4e6256531e8f66a65bb328e46c3ce854"
65015,"13155","13155_Intercuenca_13155","IDConfig_65015_completo.xlsx","13155_Intercuenca_13155/_raw_reportes_xlsx/IDConfig_65015_completo.xlsx",147561,144.1,"ea21dc315551867d08d51df9c46b37dc"
67580,"13155","13155_Intercuenca_13155","IDConfig_67580_completo.xlsx","13155_Intercuenca_13155/_raw_reportes_xlsx/IDConfig_67580_completo.xlsx",9683,9.46,"ddfeb8bcce50d17f0e5d75497c5579ae"
67681,"13155","13155_Intercuenca_13155","IDConfig_67681_completo.xlsx","13155_Intercuenca_13155/_raw_reportes_xlsx/IDConfig_67681_completo.xlsx",9569,9.34,"0934485315fa4ea772080e0e807c353e"
166,"13156","13156_Cuenca_Caplina","IDConfig_166_completo.xlsx","13156_Cuenca_Caplina/_raw_reportes_xlsx/IDConfig_166_completo.xlsx",110218,107.63,"b0094e2bb7d19af3d0643e8e6092046f"
200,"13156","13156_Cuenca_Caplina","IDConfig_200_completo.xlsx","13156_Cuenca_Caplina/_raw_reportes_xlsx/IDConfig_200_completo.xlsx",132317,129.22,"f2ba0c29674d955b157478f3dc033930"
528,"13156","13156_Cuenca_Caplina","IDConfig_528_completo.xlsx","13156_Cuenca_Caplina/_raw_reportes_xlsx/IDConfig_528_completo.xlsx",70577,68.92,"bc6ef60c0b06d627449747fd1ce8da5f"
678,"13156","13156_Cuenca_Caplina","IDConfig_678_completo.xlsx","13156_Cuenca_Caplina/_raw_reportes_xlsx/IDConfig_678_completo.xlsx",7891,7.71,"e0cdd81cb817da05cdc8c81bf73f69da"
1581,"13156","13156_Cuenca_Caplina","IDConfig_1581_completo.xlsx","13156_Cuenca_Caplina/_raw_reportes_xlsx/IDConfig_1581_completo.xlsx",104670,102.22,"17a654770007e9f8ab8d7385ee663b40"
2096,"13156","13156_Cuenca_Caplina","IDConfig_2096_completo.xlsx","13156_Cuenca_Caplina/_raw_reportes_xlsx/IDConfig_2096_completo.xlsx",48423,47.29,"8f8a64addd20b06771b09985dbedde4a"
3027,"13156","13156_Cuenca_Caplina","IDConfig_3027_completo.xlsx","13156_Cuenca_Caplina/_raw_reportes_xlsx/IDConfig_3027_completo.xlsx",67639,66.05,"24afd0a55ab47979ab1d6df0692c99d2"
3039,"13156","13156_Cuenca_Caplina","IDConfig_3039_completo.xlsx","13156_Cuenca_Caplina/_raw_reportes_xlsx/IDConfig_3039_completo.xlsx",26530,25.91,"85d556ff4c1d7835744a8414da567dac"
3863,"13156","13156_Cuenca_Caplina","IDConfig_3863_completo.xlsx","13156_Cuenca_Caplina/_raw_reportes_xlsx/IDConfig_3863_completo.xlsx",7533,7.36,"d622ded898b033ec869b0cc30749e361"
4131,"13156","13156_Cuenca_Caplina","IDConfig_4131_completo.xlsx","13156_Cuenca_Caplina/_raw_reportes_xlsx/IDConfig_4131_completo.xlsx",9031,8.82,"33415bf8fb4e87c456153c9651719bec"
7741,"13156","13156_Cuenca_Caplina","IDConfig_7741_completo.xlsx","13156_Cuenca_Caplina/_raw_reportes_xlsx/IDConfig_7741_completo.xlsx",26638,26.01,"976187eb606030644c0e89dcbd87b02e"
7742,"13156","13156_Cuenca_Caplina","IDConfig_7742_completo.xlsx","13156_Cuenca_Caplina/_raw_reportes_xlsx/IDConfig_7742_completo.xlsx",19120,18.67,"8e4a15d5a808981350df9d4c8bcd847c"
51799,"13156","13156_Cuenca_Caplina","IDConfig_51799_completo.xlsx","13156_Cuenca_Caplina/_raw_reportes_xlsx/IDConfig_51799_completo.xlsx",67762,66.17,"f765bb283b016668965884704222fa5d"
52145,"13156","13156_Cuenca_Caplina","IDConfig_52145_completo.xlsx","13156_Cuenca_Caplina/_raw_reportes_xlsx/IDConfig_52145_completo.xlsx",47461,46.35,"e3aed42b4a5d3daf0793980f1e01b8bd"
63296,"13156","13156_Cuenca_Caplina","IDConfig_63296_completo.xlsx","13156_Cuenca_Caplina/_raw_reportes_xlsx/IDConfig_63296_completo.xlsx",8217,8.02,"c268c664ab6e52447bd30fae8359452f"
63299,"13156","13156_Cuenca_Caplina","IDConfig_63299_completo.xlsx","13156_Cuenca_Caplina/_raw_reportes_xlsx/IDConfig_63299_completo.xlsx",8717,8.51,"fd14719a9f0cc7319609bd232add9ae8"
63573,"13156","13156_Cuenca_Caplina","IDConfig_63573_completo.xlsx","13156_Cuenca_Caplina/_raw_reportes_xlsx/IDConfig_63573_completo.xlsx",32306,31.55,"c6ccbb34bd98d39194df4eb780ed2b87"
63584,"13156","13156_Cuenca_Caplina","IDConfig_63584_completo.xlsx","13156_Cuenca_Caplina/_raw_reportes_xlsx/IDConfig_63584_completo.xlsx",10395,10.15,"e4931ea2263bbda78f5de8ec865a00e2"
64352,"13156","13156_Cuenca_Caplina","IDConfig_64352_completo.xlsx","13156_Cuenca_Caplina/_raw_reportes_xlsx/IDConfig_64352_completo.xlsx",10801,10.55,"248489be1099b267fef13312edc5b7ef"
64920,"13156","13156_Cuenca_Caplina","IDConfig_64920_completo.xlsx","13156_Cuenca_Caplina/_raw_reportes_xlsx/IDConfig_64920_completo.xlsx",10892,10.64,"0ed9bd63048f73693fb2f12fccdffd4b"
64922,"13156","13156_Cuenca_Caplina","IDConfig_64922_completo.xlsx","13156_Cuenca_Caplina/_raw_reportes_xlsx/IDConfig_64922_completo.xlsx",11498,11.23,"5f4a3a2a06a848ad81bcb2eee19bd28a"
65014,"13156","13156_Cuenca_Caplina","IDConfig_65014_completo.xlsx","13156_Cuenca_Caplina/_raw_reportes_xlsx/IDConfig_65014_completo.xlsx",107055,104.55,"a82daec66eec3e47d062f24e3802b223"
65016,"13156","13156_Cuenca_Caplina","IDConfig_65016_completo.xlsx","13156_Cuenca_Caplina/_raw_reportes_xlsx/IDConfig_65016_completo.xlsx",142196,138.86,"7ed34dcb2620d2e364e116e02019251f"
67579,"13156","13156_Cuenca_Caplina","IDConfig_67579_completo.xlsx","13156_Cuenca_Caplina/_raw_reportes_xlsx/IDConfig_67579_completo.xlsx",8753,8.55,"5125463593b4a2f74261671b7a814790"
67581,"13156","13156_Cuenca_Caplina","IDConfig_67581_completo.xlsx","13156_Cuenca_Caplina/_raw_reportes_xlsx/IDConfig_67581_completo.xlsx",9511,9.29,"6af36aa0c1ca25a766245754d66e7e41"
67680,"13156","13156_Cuenca_Caplina","IDConfig_67680_completo.xlsx","13156_Cuenca_Caplina/_raw_reportes_xlsx/IDConfig_67680_completo.xlsx",8534,8.33,"d3a6fc9039f056757b711c03719ab336"
67682,"13156","13156_Cuenca_Caplina","IDConfig_67682_completo.xlsx","13156_Cuenca_Caplina/_raw_reportes_xlsx/IDConfig_67682_completo.xlsx",9233,9.02,"d4683df173a1743c74c2bbfedfa1ee23"
63536,"13157","13157_Intercuenca_13157","IDConfig_63536_completo.xlsx","13157_Intercuenca_13157/_raw_reportes_xlsx/IDConfig_63536_completo.xlsx",11460,11.19,"cd094f5946fdfb8224106e961f2f34db"
124,"13158","13158_Cuenca_Sama","IDConfig_124_completo.xlsx","13158_Cuenca_Sama/_raw_reportes_xlsx/IDConfig_124_completo.xlsx",3910,3.82,"46ede3e81fb7b76fefbcdbd8d35c2c6b"
126,"13158","13158_Cuenca_Sama","IDConfig_126_completo.xlsx","13158_Cuenca_Sama/_raw_reportes_xlsx/IDConfig_126_completo.xlsx",3999,3.91,"645155ba172fb7f77e39b3954411e07a"
441,"13158","13158_Cuenca_Sama","IDConfig_441_completo.xlsx","13158_Cuenca_Sama/_raw_reportes_xlsx/IDConfig_441_completo.xlsx",106623,104.12,"4ea071bc4447451b7ec6879fa531fcf4"
546,"13158","13158_Cuenca_Sama","IDConfig_546_completo.xlsx","13158_Cuenca_Sama/_raw_reportes_xlsx/IDConfig_546_completo.xlsx",3978,3.88,"bdfef113be3729a8232fcb553deff76f"
681,"13158","13158_Cuenca_Sama","IDConfig_681_completo.xlsx","13158_Cuenca_Sama/_raw_reportes_xlsx/IDConfig_681_completo.xlsx",4195,4.1,"c489b05b26e239c34d4fbc2c00bef2e5"
970,"13158","13158_Cuenca_Sama","IDConfig_970_completo.xlsx","13158_Cuenca_Sama/_raw_reportes_xlsx/IDConfig_970_completo.xlsx",4233,4.13,"a9addb0c55a1ad7d9911a851129bffbc"
1082,"13158","13158_Cuenca_Sama","IDConfig_1082_completo.xlsx","13158_Cuenca_Sama/_raw_reportes_xlsx/IDConfig_1082_completo.xlsx",75025,73.27,"08b3a7b23a4a22a5bc1c626062a9dc14"
1470,"13158","13158_Cuenca_Sama","IDConfig_1470_completo.xlsx","13158_Cuenca_Sama/_raw_reportes_xlsx/IDConfig_1470_completo.xlsx",21034,20.54,"eccdcb1e0b4833c6cedfdfac3c617d0d"
1704,"13158","13158_Cuenca_Sama","IDConfig_1704_completo.xlsx","13158_Cuenca_Sama/_raw_reportes_xlsx/IDConfig_1704_completo.xlsx",126381,123.42,"12a794c5d805922f8e7c71caac458ee4"
1726,"13158","13158_Cuenca_Sama","IDConfig_1726_completo.xlsx","13158_Cuenca_Sama/_raw_reportes_xlsx/IDConfig_1726_completo.xlsx",4292,4.19,"e9439144ae9c7a386c5790cac0453563"
1850,"13158","13158_Cuenca_Sama","IDConfig_1850_completo.xlsx","13158_Cuenca_Sama/_raw_reportes_xlsx/IDConfig_1850_completo.xlsx",17040,16.64,"f656f9b0c66dcd90f73d26d5901e1891"
1860,"13158","13158_Cuenca_Sama","IDConfig_1860_completo.xlsx","13158_Cuenca_Sama/_raw_reportes_xlsx/IDConfig_1860_completo.xlsx",4850,4.74,"c69fc58e24ae041a950097e22ade3316"
1861,"13158","13158_Cuenca_Sama","IDConfig_1861_completo.xlsx","13158_Cuenca_Sama/_raw_reportes_xlsx/IDConfig_1861_completo.xlsx",5132,5.01,"f33ac2401c421a09750c3b6a98e4e686"
1963,"13158","13158_Cuenca_Sama","IDConfig_1963_completo.xlsx","13158_Cuenca_Sama/_raw_reportes_xlsx/IDConfig_1963_completo.xlsx",127179,124.2,"f4a0759e6981d439c80df6060cae6440"
2775,"13158","13158_Cuenca_Sama","IDConfig_2775_completo.xlsx","13158_Cuenca_Sama/_raw_reportes_xlsx/IDConfig_2775_completo.xlsx",8802,8.6,"c94ae42ed18f607f68a4ee97f9ac9820"
2917,"13158","13158_Cuenca_Sama","IDConfig_2917_completo.xlsx","13158_Cuenca_Sama/_raw_reportes_xlsx/IDConfig_2917_completo.xlsx",4133,4.04,"afc59c28ff9d5450a4f5c2966f74fb31"
2918,"13158","13158_Cuenca_Sama","IDConfig_2918_completo.xlsx","13158_Cuenca_Sama/_raw_reportes_xlsx/IDConfig_2918_completo.xlsx",4026,3.93,"c7ace4934000fe780fdc5b3326c54be6"
3038,"13158","13158_Cuenca_Sama","IDConfig_3038_completo.xlsx","13158_Cuenca_Sama/_raw_reportes_xlsx/IDConfig_3038_completo.xlsx",22320,21.8,"d5b570346ff8d00221a63e1c43e86d89"
3310,"13158","13158_Cuenca_Sama","IDConfig_3310_completo.xlsx","13158_Cuenca_Sama/_raw_reportes_xlsx/IDConfig_3310_completo.xlsx",3957,3.86,"2a0439fbb5dd043d794c87d3bf91870c"
3437,"13158","13158_Cuenca_Sama","IDConfig_3437_completo.xlsx","13158_Cuenca_Sama/_raw_reportes_xlsx/IDConfig_3437_completo.xlsx",40088,39.15,"61fba143edceb923038abed9302da7c2"
3568,"13158","13158_Cuenca_Sama","IDConfig_3568_completo.xlsx","13158_Cuenca_Sama/_raw_reportes_xlsx/IDConfig_3568_completo.xlsx",18800,18.36,"7e7eaeb2053aba44d900376532ba69ac"
3583,"13158","13158_Cuenca_Sama","IDConfig_3583_completo.xlsx","13158_Cuenca_Sama/_raw_reportes_xlsx/IDConfig_3583_completo.xlsx",4947,4.83,"b052b21e83edc6a600d699371b4df596"
3865,"13158","13158_Cuenca_Sama","IDConfig_3865_completo.xlsx","13158_Cuenca_Sama/_raw_reportes_xlsx/IDConfig_3865_completo.xlsx",24831,24.25,"584a4dc6ba42701b2353dd9099d57ad4"
4137,"13158","13158_Cuenca_Sama","IDConfig_4137_completo.xlsx","13158_Cuenca_Sama/_raw_reportes_xlsx/IDConfig_4137_completo.xlsx",3656,3.57,"b5243a140f38406e0a55f8117734ea82"
7341,"13158","13158_Cuenca_Sama","IDConfig_7341_completo.xlsx","13158_Cuenca_Sama/_raw_reportes_xlsx/IDConfig_7341_completo.xlsx",77892,76.07,"f5c6766bdb8a8b61c351b9858f59675a"
8166,"13158","13158_Cuenca_Sama","IDConfig_8166_completo.xlsx","13158_Cuenca_Sama/_raw_reportes_xlsx/IDConfig_8166_completo.xlsx",74905,73.15,"a6d3353a0369662759823db76089a03d"
52126,"13158","13158_Cuenca_Sama","IDConfig_52126_completo.xlsx","13158_Cuenca_Sama/_raw_reportes_xlsx/IDConfig_52126_completo.xlsx",64589,63.08,"c50f4d91cec458ccd267a30aa5d61a96"
52216,"13158","13158_Cuenca_Sama","IDConfig_52216_completo.xlsx","13158_Cuenca_Sama/_raw_reportes_xlsx/IDConfig_52216_completo.xlsx",56690,55.36,"1adad4648d895f7d5b65f891fd20b1a0"
52222,"13158","13158_Cuenca_Sama","IDConfig_52222_completo.xlsx","13158_Cuenca_Sama/_raw_reportes_xlsx/IDConfig_52222_completo.xlsx",55999,54.69,"ba54151bb67c86f87bd06d7ecd344b17"
52230,"13158","13158_Cuenca_Sama","IDConfig_52230_completo.xlsx","13158_Cuenca_Sama/_raw_reportes_xlsx/IDConfig_52230_completo.xlsx",69921,68.28,"f6c406f73689398ae701c2121ec90f10"
52284,"13158","13158_Cuenca_Sama","IDConfig_52284_completo.xlsx","13158_Cuenca_Sama/_raw_reportes_xlsx/IDConfig_52284_completo.xlsx",62546,61.08,"e58ecc05b7aa5c346bb97fc31dc6cd7a"
62894,"13158","13158_Cuenca_Sama","IDConfig_62894_completo.xlsx","13158_Cuenca_Sama/_raw_reportes_xlsx/IDConfig_62894_completo.xlsx",72081,70.39,"1bb2455c2d97fd2a67b24a64c0f587f4"
62979,"13158","13158_Cuenca_Sama","IDConfig_62979_completo.xlsx","13158_Cuenca_Sama/_raw_reportes_xlsx/IDConfig_62979_completo.xlsx",15887,15.51,"e300284fd913e843d91333c2d7c00312"
63314,"13158","13158_Cuenca_Sama","IDConfig_63314_completo.xlsx","13158_Cuenca_Sama/_raw_reportes_xlsx/IDConfig_63314_completo.xlsx",7896,7.71,"5847fa978a3b13b049386eb2d6cdb3c2"
63333,"13158","13158_Cuenca_Sama","IDConfig_63333_completo.xlsx","13158_Cuenca_Sama/_raw_reportes_xlsx/IDConfig_63333_completo.xlsx",5983,5.84,"6d109ded92af8146b5b979c3ff766ce7"
63455,"13158","13158_Cuenca_Sama","IDConfig_63455_completo.xlsx","13158_Cuenca_Sama/_raw_reportes_xlsx/IDConfig_63455_completo.xlsx",99429,97.1,"780df2e6e544c22a1867f6a41ba7a97b"
63496,"13158","13158_Cuenca_Sama","IDConfig_63496_completo.xlsx","13158_Cuenca_Sama/_raw_reportes_xlsx/IDConfig_63496_completo.xlsx",7345,7.17,"fad974e1ce251240819b1390112890df"
63975,"13158","13158_Cuenca_Sama","IDConfig_63975_completo.xlsx","13158_Cuenca_Sama/_raw_reportes_xlsx/IDConfig_63975_completo.xlsx",5427,5.3,"bf3d0b4254f8ebdbd6ee2acb89eb0b79"
63976,"13158","13158_Cuenca_Sama","IDConfig_63976_completo.xlsx","13158_Cuenca_Sama/_raw_reportes_xlsx/IDConfig_63976_completo.xlsx",59246,57.86,"382e9236c4f6ab01e45971fc6f1f57fd"
64228,"13158","13158_Cuenca_Sama","IDConfig_64228_completo.xlsx","13158_Cuenca_Sama/_raw_reportes_xlsx/IDConfig_64228_completo.xlsx",44236,43.2,"613a2b5a5a254406c0e8a2094a8d3fe8"
64229,"13158","13158_Cuenca_Sama","IDConfig_64229_completo.xlsx","13158_Cuenca_Sama/_raw_reportes_xlsx/IDConfig_64229_completo.xlsx",45884,44.81,"62da6e1c7c207654c1db96dd04b6ceb8"
64245,"13158","13158_Cuenca_Sama","IDConfig_64245_completo.xlsx","13158_Cuenca_Sama/_raw_reportes_xlsx/IDConfig_64245_completo.xlsx",52381,51.15,"b4bdc4a98f100f705ea0d57bc2062505"
64246,"13158","13158_Cuenca_Sama","IDConfig_64246_completo.xlsx","13158_Cuenca_Sama/_raw_reportes_xlsx/IDConfig_64246_completo.xlsx",28951,28.27,"f2eb6354c1dbd865472e95532d283136"
64248,"13158","13158_Cuenca_Sama","IDConfig_64248_completo.xlsx","13158_Cuenca_Sama/_raw_reportes_xlsx/IDConfig_64248_completo.xlsx",22266,21.74,"2363e16f68b167b90a2e5b82eb956dee"
64249,"13158","13158_Cuenca_Sama","IDConfig_64249_completo.xlsx","13158_Cuenca_Sama/_raw_reportes_xlsx/IDConfig_64249_completo.xlsx",13856,13.53,"ea02dcab29b364fd9703736865c6cb6b"
64250,"13158","13158_Cuenca_Sama","IDConfig_64250_completo.xlsx","13158_Cuenca_Sama/_raw_reportes_xlsx/IDConfig_64250_completo.xlsx",20655,20.17,"b05e43540656408d892e5025521e49e8"
64928,"13158","13158_Cuenca_Sama","IDConfig_64928_completo.xlsx","13158_Cuenca_Sama/_raw_reportes_xlsx/IDConfig_64928_completo.xlsx",11825,11.55,"8a2c1191b65c4364b30bbbc7486dbb1d"
64943,"13158","13158_Cuenca_Sama","IDConfig_64943_completo.xlsx","13158_Cuenca_Sama/_raw_reportes_xlsx/IDConfig_64943_completo.xlsx",11780,11.5,"8d34305ad03380ba83a954e6c858d711"
64962,"13158","13158_Cuenca_Sama","IDConfig_64962_completo.xlsx","13158_Cuenca_Sama/_raw_reportes_xlsx/IDConfig_64962_completo.xlsx",11848,11.57,"2ddb94f2fba1ad38e6bd26e837a090d3"
64982,"13158","13158_Cuenca_Sama","IDConfig_64982_completo.xlsx","13158_Cuenca_Sama/_raw_reportes_xlsx/IDConfig_64982_completo.xlsx",9886,9.65,"a09de84964a7687b0a2274ee717179b6"
65022,"13158","13158_Cuenca_Sama","IDConfig_65022_completo.xlsx","13158_Cuenca_Sama/_raw_reportes_xlsx/IDConfig_65022_completo.xlsx",93769,91.57,"c56e5dceef9208ad8d597b7868397b01"
65037,"13158","13158_Cuenca_Sama","IDConfig_65037_completo.xlsx","13158_Cuenca_Sama/_raw_reportes_xlsx/IDConfig_65037_completo.xlsx",83338,81.38,"c375e00dbf7747181a4dff0d7afd9112"
65056,"13158","13158_Cuenca_Sama","IDConfig_65056_completo.xlsx","13158_Cuenca_Sama/_raw_reportes_xlsx/IDConfig_65056_completo.xlsx",117493,114.74,"adf7232829f341139cae89735b9d65c3"
65076,"13158","13158_Cuenca_Sama","IDConfig_65076_completo.xlsx","13158_Cuenca_Sama/_raw_reportes_xlsx/IDConfig_65076_completo.xlsx",101783,99.4,"c167b561884d980ae0ed8baed9016253"
65142,"13158","13158_Cuenca_Sama","IDConfig_65142_completo.xlsx","13158_Cuenca_Sama/_raw_reportes_xlsx/IDConfig_65142_completo.xlsx",114190,111.51,"6d002e12b32f00d9a707bed174bdbacf"
65300,"13158","13158_Cuenca_Sama","IDConfig_65300_completo.xlsx","13158_Cuenca_Sama/_raw_reportes_xlsx/IDConfig_65300_completo.xlsx",10762,10.51,"89db13fd0df03c892495aac230f1146d"
67587,"13158","13158_Cuenca_Sama","IDConfig_67587_completo.xlsx","13158_Cuenca_Sama/_raw_reportes_xlsx/IDConfig_67587_completo.xlsx",10252,10.01,"47692b51f75191482adc19c4d60f516f"
67602,"13158","13158_Cuenca_Sama","IDConfig_67602_completo.xlsx","13158_Cuenca_Sama/_raw_reportes_xlsx/IDConfig_67602_completo.xlsx",10783,10.53,"9dd3b9490461f5ad86fa2297e9c36efd"
67621,"13158","13158_Cuenca_Sama","IDConfig_67621_completo.xlsx","13158_Cuenca_Sama/_raw_reportes_xlsx/IDConfig_67621_completo.xlsx",9999,9.76,"a915ab5bcf357639c08456d0cd91c817"
67641,"13158","13158_Cuenca_Sama","IDConfig_67641_completo.xlsx","13158_Cuenca_Sama/_raw_reportes_xlsx/IDConfig_67641_completo.xlsx",8512,8.31,"466ad24ea8dbaa0d7fb8ca772986341c"
67688,"13158","13158_Cuenca_Sama","IDConfig_67688_completo.xlsx","13158_Cuenca_Sama/_raw_reportes_xlsx/IDConfig_67688_completo.xlsx",10138,9.9,"507ed87abbcbad57b259e8dc38d53c68"
67703,"13158","13158_Cuenca_Sama","IDConfig_67703_completo.xlsx","13158_Cuenca_Sama/_raw_reportes_xlsx/IDConfig_67703_completo.xlsx",10627,10.38,"20d9420748b83bf0d59616744c043fee"
67722,"13158","13158_Cuenca_Sama","IDConfig_67722_completo.xlsx","13158_Cuenca_Sama/_raw_reportes_xlsx/IDConfig_67722_completo.xlsx",9573,9.35,"64b3ab83a5047fd07bbb91cbe7001542"
67742,"13158","13158_Cuenca_Sama","IDConfig_67742_completo.xlsx","13158_Cuenca_Sama/_raw_reportes_xlsx/IDConfig_67742_completo.xlsx",8274,8.08,"618782e199799e102c3fc77ddd001173"
210,"1316","1316_Cuenca_Locumba","IDConfig_210_completo.xlsx","1316_Cuenca_Locumba/_raw_reportes_xlsx/IDConfig_210_completo.xlsx",103847,101.41,"9e322f73c75ecfe6cd4baa8a207cf7b0"
233,"1316","1316_Cuenca_Locumba","IDConfig_233_completo.xlsx","1316_Cuenca_Locumba/_raw_reportes_xlsx/IDConfig_233_completo.xlsx",18042,17.62,"13e72079b931371eeab52b0c708ec6a4"
358,"1316","1316_Cuenca_Locumba","IDConfig_358_completo.xlsx","1316_Cuenca_Locumba/_raw_reportes_xlsx/IDConfig_358_completo.xlsx",19584,19.12,"1044c11ee0801d1a817d0dec5e72e367"
370,"1316","1316_Cuenca_Locumba","IDConfig_370_completo.xlsx","1316_Cuenca_Locumba/_raw_reportes_xlsx/IDConfig_370_completo.xlsx",7337,7.17,"013c046d481defa78a2a307acf927e9f"
385,"1316","1316_Cuenca_Locumba","IDConfig_385_completo.xlsx","1316_Cuenca_Locumba/_raw_reportes_xlsx/IDConfig_385_completo.xlsx",5787,5.65,"cb23576d0bb18c50fd4a6d136b614fcb"
389,"1316","1316_Cuenca_Locumba","IDConfig_389_completo.xlsx","1316_Cuenca_Locumba/_raw_reportes_xlsx/IDConfig_389_completo.xlsx",3700,3.61,"17f1bcf6e40ca977dc88af64f26d5733"
459,"1316","1316_Cuenca_Locumba","IDConfig_459_completo.xlsx","1316_Cuenca_Locumba/_raw_reportes_xlsx/IDConfig_459_completo.xlsx",121529,118.68,"8fc1e84390161479c3ad95c45d21b234"
527,"1316","1316_Cuenca_Locumba","IDConfig_527_completo.xlsx","1316_Cuenca_Locumba/_raw_reportes_xlsx/IDConfig_527_completo.xlsx",24795,24.21,"8639c125478e60cfbd0fff21dcb68195"
666,"1316","1316_Cuenca_Locumba","IDConfig_666_completo.xlsx","1316_Cuenca_Locumba/_raw_reportes_xlsx/IDConfig_666_completo.xlsx",44073,43.04,"616267511c42dd80110d0f78f5d4770b"
947,"1316","1316_Cuenca_Locumba","IDConfig_947_completo.xlsx","1316_Cuenca_Locumba/_raw_reportes_xlsx/IDConfig_947_completo.xlsx",128752,125.73,"1e87e6f6c2eef5a217243a9ce8e4d368"
966,"1316","1316_Cuenca_Locumba","IDConfig_966_completo.xlsx","1316_Cuenca_Locumba/_raw_reportes_xlsx/IDConfig_966_completo.xlsx",4925,4.81,"bc8cd00c07b50ed5bbde348750f40cfb"
971,"1316","1316_Cuenca_Locumba","IDConfig_971_completo.xlsx","1316_Cuenca_Locumba/_raw_reportes_xlsx/IDConfig_971_completo.xlsx",25005,24.42,"0fa65f53824e05c363d3498700c22a00"
1225,"1316","1316_Cuenca_Locumba","IDConfig_1225_completo.xlsx","1316_Cuenca_Locumba/_raw_reportes_xlsx/IDConfig_1225_completo.xlsx",6091,5.95,"ea036b95f7111c9d60eb6c68bf5347e6"
1226,"1316","1316_Cuenca_Locumba","IDConfig_1226_completo.xlsx","1316_Cuenca_Locumba/_raw_reportes_xlsx/IDConfig_1226_completo.xlsx",6044,5.9,"0c805a96472da6108222bee09c3c4432"
1605,"1316","1316_Cuenca_Locumba","IDConfig_1605_completo.xlsx","1316_Cuenca_Locumba/_raw_reportes_xlsx/IDConfig_1605_completo.xlsx",3677,3.59,"b041d3bd484f2f8daed7efca4f3e6367"
1717,"1316","1316_Cuenca_Locumba","IDConfig_1717_completo.xlsx","1316_Cuenca_Locumba/_raw_reportes_xlsx/IDConfig_1717_completo.xlsx",11637,11.36,"e22bfd604d873469a382be6151428832"
1718,"1316","1316_Cuenca_Locumba","IDConfig_1718_completo.xlsx","1316_Cuenca_Locumba/_raw_reportes_xlsx/IDConfig_1718_completo.xlsx",5524,5.39,"4afe63e11df82f445b9f421024491e4f"
1962,"1316","1316_Cuenca_Locumba","IDConfig_1962_completo.xlsx","1316_Cuenca_Locumba/_raw_reportes_xlsx/IDConfig_1962_completo.xlsx",83318,81.37,"adc7739e83fec770811a3ec2a9ef6fa4"
1986,"1316","1316_Cuenca_Locumba","IDConfig_1986_completo.xlsx","1316_Cuenca_Locumba/_raw_reportes_xlsx/IDConfig_1986_completo.xlsx",4205,4.11,"554ae45d1337ea5405e2ffcbe6b8788f"
1987,"1316","1316_Cuenca_Locumba","IDConfig_1987_completo.xlsx","1316_Cuenca_Locumba/_raw_reportes_xlsx/IDConfig_1987_completo.xlsx",4243,4.14,"ea902135a7fc3024042886cd88a41702"
2996,"1316","1316_Cuenca_Locumba","IDConfig_2996_completo.xlsx","1316_Cuenca_Locumba/_raw_reportes_xlsx/IDConfig_2996_completo.xlsx",37891,37,"ea0ab23ebe29729548d190e0ecdef2e1"
3151,"1316","1316_Cuenca_Locumba","IDConfig_3151_completo.xlsx","1316_Cuenca_Locumba/_raw_reportes_xlsx/IDConfig_3151_completo.xlsx",76519,74.73,"05dbbb26b27bc46b76a9341db8152a7c"
3161,"1316","1316_Cuenca_Locumba","IDConfig_3161_completo.xlsx","1316_Cuenca_Locumba/_raw_reportes_xlsx/IDConfig_3161_completo.xlsx",7148,6.98,"a4a151c21c59337b8a475485ea6e41bd"
3162,"1316","1316_Cuenca_Locumba","IDConfig_3162_completo.xlsx","1316_Cuenca_Locumba/_raw_reportes_xlsx/IDConfig_3162_completo.xlsx",6693,6.54,"e0d72d7d54f61920558f06bab0ec2818"
3297,"1316","1316_Cuenca_Locumba","IDConfig_3297_completo.xlsx","1316_Cuenca_Locumba/_raw_reportes_xlsx/IDConfig_3297_completo.xlsx",4586,4.48,"5954f8e9884b6eaee95060ccb834612c"
3298,"1316","1316_Cuenca_Locumba","IDConfig_3298_completo.xlsx","1316_Cuenca_Locumba/_raw_reportes_xlsx/IDConfig_3298_completo.xlsx",17749,17.33,"07a9ace4a3c0d462ea4215fe4fff4405"
3567,"1316","1316_Cuenca_Locumba","IDConfig_3567_completo.xlsx","1316_Cuenca_Locumba/_raw_reportes_xlsx/IDConfig_3567_completo.xlsx",17537,17.13,"b8a36329dbe2453774b75e981355c5d1"
3653,"1316","1316_Cuenca_Locumba","IDConfig_3653_completo.xlsx","1316_Cuenca_Locumba/_raw_reportes_xlsx/IDConfig_3653_completo.xlsx",110219,107.64,"3e419157ffa9b8cd834e8083e4c38081"
4003,"1316","1316_Cuenca_Locumba","IDConfig_4003_completo.xlsx","1316_Cuenca_Locumba/_raw_reportes_xlsx/IDConfig_4003_completo.xlsx",3728,3.64,"2a991059774bca7273b5c70a6b542032"
4132,"1316","1316_Cuenca_Locumba","IDConfig_4132_completo.xlsx","1316_Cuenca_Locumba/_raw_reportes_xlsx/IDConfig_4132_completo.xlsx",5008,4.89,"f07555596278d02398dbfc90c25ac42b"
4252,"1316","1316_Cuenca_Locumba","IDConfig_4252_completo.xlsx","1316_Cuenca_Locumba/_raw_reportes_xlsx/IDConfig_4252_completo.xlsx",7431,7.26,"16cc2570090d27a1d3ebff89ac716c0a"
7342,"1316","1316_Cuenca_Locumba","IDConfig_7342_completo.xlsx","1316_Cuenca_Locumba/_raw_reportes_xlsx/IDConfig_7342_completo.xlsx",58496,57.12,"42edf2195ce97d79c442dbb9a3939172"
7364,"1316","1316_Cuenca_Locumba","IDConfig_7364_completo.xlsx","1316_Cuenca_Locumba/_raw_reportes_xlsx/IDConfig_7364_completo.xlsx",58671,57.3,"b994a69716b802644b73c1b69154f779"
8162,"1316","1316_Cuenca_Locumba","IDConfig_8162_completo.xlsx","1316_Cuenca_Locumba/_raw_reportes_xlsx/IDConfig_8162_completo.xlsx",50819,49.63,"adecb7e5e545f9cc66ca69ff00545625"
52296,"1316","1316_Cuenca_Locumba","IDConfig_52296_completo.xlsx","1316_Cuenca_Locumba/_raw_reportes_xlsx/IDConfig_52296_completo.xlsx",58567,57.19,"8037114f588cf04f7a455f9857ee577b"
52560,"1316","1316_Cuenca_Locumba","IDConfig_52560_completo.xlsx","1316_Cuenca_Locumba/_raw_reportes_xlsx/IDConfig_52560_completo.xlsx",48016,46.89,"76d18ee244c68e3d01db9e20b9b0ceeb"
63302,"1316","1316_Cuenca_Locumba","IDConfig_63302_completo.xlsx","1316_Cuenca_Locumba/_raw_reportes_xlsx/IDConfig_63302_completo.xlsx",8225,8.03,"e37b12df37fe1ce4ec79e526a9745b70"
63317,"1316","1316_Cuenca_Locumba","IDConfig_63317_completo.xlsx","1316_Cuenca_Locumba/_raw_reportes_xlsx/IDConfig_63317_completo.xlsx",7959,7.77,"a3b917305d33e2f12f450b0ffa1f49b7"
63357,"1316","1316_Cuenca_Locumba","IDConfig_63357_completo.xlsx","1316_Cuenca_Locumba/_raw_reportes_xlsx/IDConfig_63357_completo.xlsx",7622,7.44,"624be87f53d83ade0beda70ce4f6024e"
63415,"1316","1316_Cuenca_Locumba","IDConfig_63415_completo.xlsx","1316_Cuenca_Locumba/_raw_reportes_xlsx/IDConfig_63415_completo.xlsx",3367,3.29,"db24ea9fc7094745a8c9bf123663a252"
63509,"1316","1316_Cuenca_Locumba","IDConfig_63509_completo.xlsx","1316_Cuenca_Locumba/_raw_reportes_xlsx/IDConfig_63509_completo.xlsx",10719,10.47,"d424f9964587ea49f4175087706003c2"
63510,"1316","1316_Cuenca_Locumba","IDConfig_63510_completo.xlsx","1316_Cuenca_Locumba/_raw_reportes_xlsx/IDConfig_63510_completo.xlsx",18854,18.41,"9009a950406ef1957b3209ae532832bf"
63519,"1316","1316_Cuenca_Locumba","IDConfig_63519_completo.xlsx","1316_Cuenca_Locumba/_raw_reportes_xlsx/IDConfig_63519_completo.xlsx",55779,54.47,"229a7f68f11824185202f2623237b393"
63546,"1316","1316_Cuenca_Locumba","IDConfig_63546_completo.xlsx","1316_Cuenca_Locumba/_raw_reportes_xlsx/IDConfig_63546_completo.xlsx",10588,10.34,"8b31a083b4ec97e906137d829e0beba4"
63580,"1316","1316_Cuenca_Locumba","IDConfig_63580_completo.xlsx","1316_Cuenca_Locumba/_raw_reportes_xlsx/IDConfig_63580_completo.xlsx",12387,12.1,"506bac501d58c024521edf4ce91d4a94"
64205,"1316","1316_Cuenca_Locumba","IDConfig_64205_completo.xlsx","1316_Cuenca_Locumba/_raw_reportes_xlsx/IDConfig_64205_completo.xlsx",32608,31.84,"a0b7a6ad3d86a40487d23ccdc9eb2536"
64225,"1316","1316_Cuenca_Locumba","IDConfig_64225_completo.xlsx","1316_Cuenca_Locumba/_raw_reportes_xlsx/IDConfig_64225_completo.xlsx",37493,36.61,"bd1fb8bb11e4e4e3e516c9ee5d11f366"
64226,"1316","1316_Cuenca_Locumba","IDConfig_64226_completo.xlsx","1316_Cuenca_Locumba/_raw_reportes_xlsx/IDConfig_64226_completo.xlsx",37062,36.19,"3d47609d3d5566e92d25a3259bd5684e"
64244,"1316","1316_Cuenca_Locumba","IDConfig_64244_completo.xlsx","1316_Cuenca_Locumba/_raw_reportes_xlsx/IDConfig_64244_completo.xlsx",42758,41.76,"514301ffbd1ac576b1ed86339e81abd3"
64247,"1316","1316_Cuenca_Locumba","IDConfig_64247_completo.xlsx","1316_Cuenca_Locumba/_raw_reportes_xlsx/IDConfig_64247_completo.xlsx",3727,3.64,"38b3ccfab36790fc0ffaa1f96f90c0c0"
64350,"1316","1316_Cuenca_Locumba","IDConfig_64350_completo.xlsx","1316_Cuenca_Locumba/_raw_reportes_xlsx/IDConfig_64350_completo.xlsx",45240,44.18,"4a5f65a195d8ebc761fa4cc6349c3905"
64351,"1316","1316_Cuenca_Locumba","IDConfig_64351_completo.xlsx","1316_Cuenca_Locumba/_raw_reportes_xlsx/IDConfig_64351_completo.xlsx",46143,45.06,"048bd672633468eabf0634d87191b0d2"
64357,"1316","1316_Cuenca_Locumba","IDConfig_64357_completo.xlsx","1316_Cuenca_Locumba/_raw_reportes_xlsx/IDConfig_64357_completo.xlsx",42115,41.13,"00d305470f091d1375b3e1c75deb1151"
64927,"1316","1316_Cuenca_Locumba","IDConfig_64927_completo.xlsx","1316_Cuenca_Locumba/_raw_reportes_xlsx/IDConfig_64927_completo.xlsx",11262,11,"7ef110eadb28309ce2a8c58ba29f5970"
64964,"1316","1316_Cuenca_Locumba","IDConfig_64964_completo.xlsx","1316_Cuenca_Locumba/_raw_reportes_xlsx/IDConfig_64964_completo.xlsx",11812,11.54,"e2bd2bb6e4d824833e60f5016a812fa8"
65021,"1316","1316_Cuenca_Locumba","IDConfig_65021_completo.xlsx","1316_Cuenca_Locumba/_raw_reportes_xlsx/IDConfig_65021_completo.xlsx",91985,89.83,"b0f64f1ec5438aa04eb50f542b754b95"
65058,"1316","1316_Cuenca_Locumba","IDConfig_65058_completo.xlsx","1316_Cuenca_Locumba/_raw_reportes_xlsx/IDConfig_65058_completo.xlsx",129704,126.66,"7fc02bd4c6158d9e2a38c5aa951c3247"
67586,"1316","1316_Cuenca_Locumba","IDConfig_67586_completo.xlsx","1316_Cuenca_Locumba/_raw_reportes_xlsx/IDConfig_67586_completo.xlsx",8957,8.75,"ae87096d76349a16d2892e2feac0c1c5"
67623,"1316","1316_Cuenca_Locumba","IDConfig_67623_completo.xlsx","1316_Cuenca_Locumba/_raw_reportes_xlsx/IDConfig_67623_completo.xlsx",10057,9.82,"9e02459e56ec16140ee90629d3646e92"
67687,"1316","1316_Cuenca_Locumba","IDConfig_67687_completo.xlsx","1316_Cuenca_Locumba/_raw_reportes_xlsx/IDConfig_67687_completo.xlsx",8842,8.63,"81148263ff319bb1108619dcdb95db78"
67724,"1316","1316_Cuenca_Locumba","IDConfig_67724_completo.xlsx","1316_Cuenca_Locumba/_raw_reportes_xlsx/IDConfig_67724_completo.xlsx",9882,9.65,"764e4370215db81dadbc1e18eb8a0b61"
2094,"13171","13171_Intercuenca_13171","IDConfig_2094_completo.xlsx","13171_Intercuenca_13171/_raw_reportes_xlsx/IDConfig_2094_completo.xlsx",78265,76.43,"784ab331b7425ed891ea58e6b556f338"
520,"13172","13172_Cuenca_Ilo_-_Moquegua","IDConfig_520_completo.xlsx","13172_Cuenca_Ilo_-_Moquegua/_raw_reportes_xlsx/IDConfig_520_completo.xlsx",48374,47.24,"9f7e1157d05bf329e1a9cf82d62927f5"
548,"13172","13172_Cuenca_Ilo_-_Moquegua","IDConfig_548_completo.xlsx","13172_Cuenca_Ilo_-_Moquegua/_raw_reportes_xlsx/IDConfig_548_completo.xlsx",5170,5.05,"97659734b5ff188622ed51a4f353dd97"
665,"13172","13172_Cuenca_Ilo_-_Moquegua","IDConfig_665_completo.xlsx","13172_Cuenca_Ilo_-_Moquegua/_raw_reportes_xlsx/IDConfig_665_completo.xlsx",19582,19.12,"d253c27e26b8eb602e56881aed2ac9e3"
816,"13172","13172_Cuenca_Ilo_-_Moquegua","IDConfig_816_completo.xlsx","13172_Cuenca_Ilo_-_Moquegua/_raw_reportes_xlsx/IDConfig_816_completo.xlsx",3286,3.21,"4de35b2c7028e5f7229c059a6a724992"
1972,"13172","13172_Cuenca_Ilo_-_Moquegua","IDConfig_1972_completo.xlsx","13172_Cuenca_Ilo_-_Moquegua/_raw_reportes_xlsx/IDConfig_1972_completo.xlsx",17621,17.21,"0431c2597fd82a92a2e80e315ed1c739"
1973,"13172","13172_Cuenca_Ilo_-_Moquegua","IDConfig_1973_completo.xlsx","13172_Cuenca_Ilo_-_Moquegua/_raw_reportes_xlsx/IDConfig_1973_completo.xlsx",14624,14.28,"9c58b443f34a7c0c0f82367f4f408a8a"
3718,"13172","13172_Cuenca_Ilo_-_Moquegua","IDConfig_3718_completo.xlsx","13172_Cuenca_Ilo_-_Moquegua/_raw_reportes_xlsx/IDConfig_3718_completo.xlsx",30378,29.67,"38091ee376b7fec0e3f0192c8a3c4318"
3994,"13172","13172_Cuenca_Ilo_-_Moquegua","IDConfig_3994_completo.xlsx","13172_Cuenca_Ilo_-_Moquegua/_raw_reportes_xlsx/IDConfig_3994_completo.xlsx",40944,39.98,"ff68aef4544f04ae3f442d6b11d9e4c8"
4260,"13172","13172_Cuenca_Ilo_-_Moquegua","IDConfig_4260_completo.xlsx","13172_Cuenca_Ilo_-_Moquegua/_raw_reportes_xlsx/IDConfig_4260_completo.xlsx",198954,194.29,"1e26fc185f21f1881fad7367d1a1535a"
7359,"13172","13172_Cuenca_Ilo_-_Moquegua","IDConfig_7359_completo.xlsx","13172_Cuenca_Ilo_-_Moquegua/_raw_reportes_xlsx/IDConfig_7359_completo.xlsx",58202,56.84,"246014a6c5ca44a18ee9d2249dfcb16d"
8182,"13172","13172_Cuenca_Ilo_-_Moquegua","IDConfig_8182_completo.xlsx","13172_Cuenca_Ilo_-_Moquegua/_raw_reportes_xlsx/IDConfig_8182_completo.xlsx",96290,94.03,"8d571dd4405636a200957d3ae066615d"
52613,"13172","13172_Cuenca_Ilo_-_Moquegua","IDConfig_52613_completo.xlsx","13172_Cuenca_Ilo_-_Moquegua/_raw_reportes_xlsx/IDConfig_52613_completo.xlsx",53363,52.11,"eaeeed4151a0bff803e18d0b455605c3"
62985,"13172","13172_Cuenca_Ilo_-_Moquegua","IDConfig_62985_completo.xlsx","13172_Cuenca_Ilo_-_Moquegua/_raw_reportes_xlsx/IDConfig_62985_completo.xlsx",25659,25.06,"6607bc7d72bf5c0353694e00909608e4"
62994,"13172","13172_Cuenca_Ilo_-_Moquegua","IDConfig_62994_completo.xlsx","13172_Cuenca_Ilo_-_Moquegua/_raw_reportes_xlsx/IDConfig_62994_completo.xlsx",24021,23.46,"cb02145f519d8160febcecf5e90f21b8"
63499,"13172","13172_Cuenca_Ilo_-_Moquegua","IDConfig_63499_completo.xlsx","13172_Cuenca_Ilo_-_Moquegua/_raw_reportes_xlsx/IDConfig_63499_completo.xlsx",22049,21.53,"19fce48e7a1f630c7734bb351d645427"
64949,"13172","13172_Cuenca_Ilo_-_Moquegua","IDConfig_64949_completo.xlsx","13172_Cuenca_Ilo_-_Moquegua/_raw_reportes_xlsx/IDConfig_64949_completo.xlsx",10734,10.48,"4bdfe8e80a1dfb56f306b76ff58b2f42"
64978,"13172","13172_Cuenca_Ilo_-_Moquegua","IDConfig_64978_completo.xlsx","13172_Cuenca_Ilo_-_Moquegua/_raw_reportes_xlsx/IDConfig_64978_completo.xlsx",10396,10.15,"ecd35e98734c151a6e61f282ce6b4ccb"
65043,"13172","13172_Cuenca_Ilo_-_Moquegua","IDConfig_65043_completo.xlsx","13172_Cuenca_Ilo_-_Moquegua/_raw_reportes_xlsx/IDConfig_65043_completo.xlsx",27422,26.78,"26cff107885931d39210b1ba1616ec49"
65072,"13172","13172_Cuenca_Ilo_-_Moquegua","IDConfig_65072_completo.xlsx","13172_Cuenca_Ilo_-_Moquegua/_raw_reportes_xlsx/IDConfig_65072_completo.xlsx",25732,25.13,"5d2c8f6441cd6c6a2185e448363094ee"
67608,"13172","13172_Cuenca_Ilo_-_Moquegua","IDConfig_67608_completo.xlsx","13172_Cuenca_Ilo_-_Moquegua/_raw_reportes_xlsx/IDConfig_67608_completo.xlsx",9407,9.19,"7eb6512525fe4ddcc382fda81d2f2013"
67637,"13172","13172_Cuenca_Ilo_-_Moquegua","IDConfig_67637_completo.xlsx","13172_Cuenca_Ilo_-_Moquegua/_raw_reportes_xlsx/IDConfig_67637_completo.xlsx",9050,8.84,"3f753fcf4e61208e056a924a9f2d3305"
67709,"13172","13172_Cuenca_Ilo_-_Moquegua","IDConfig_67709_completo.xlsx","13172_Cuenca_Ilo_-_Moquegua/_raw_reportes_xlsx/IDConfig_67709_completo.xlsx",9142,8.93,"03ad6d9a0579671512dc392fd838a22c"
67738,"13172","13172_Cuenca_Ilo_-_Moquegua","IDConfig_67738_completo.xlsx","13172_Cuenca_Ilo_-_Moquegua/_raw_reportes_xlsx/IDConfig_67738_completo.xlsx",8760,8.55,"aa0e128c95b132ce25b3e1e6403f5030"
109,"1318","1318_Cuenca_Tambo","IDConfig_109_completo.xlsx","1318_Cuenca_Tambo/_raw_reportes_xlsx/IDConfig_109_completo.xlsx",47453,46.34,"a0f8cfba33f6c916c74601aedeaac1c3"
122,"1318","1318_Cuenca_Tambo","IDConfig_122_completo.xlsx","1318_Cuenca_Tambo/_raw_reportes_xlsx/IDConfig_122_completo.xlsx",30307,29.6,"6060b1784d9287b9e753fa74d2985d53"
526,"1318","1318_Cuenca_Tambo","IDConfig_526_completo.xlsx","1318_Cuenca_Tambo/_raw_reportes_xlsx/IDConfig_526_completo.xlsx",62392,60.93,"fcec4c65b8bce70fdade9b16069afcc3"
1344,"1318","1318_Cuenca_Tambo","IDConfig_1344_completo.xlsx","1318_Cuenca_Tambo/_raw_reportes_xlsx/IDConfig_1344_completo.xlsx",26758,26.13,"f6a5d389f74ee8d010492828eb055876"
1458,"1318","1318_Cuenca_Tambo","IDConfig_1458_completo.xlsx","1318_Cuenca_Tambo/_raw_reportes_xlsx/IDConfig_1458_completo.xlsx",51150,49.95,"fe3da88acf40a742dbfb1062fff3adbc"
1720,"1318","1318_Cuenca_Tambo","IDConfig_1720_completo.xlsx","1318_Cuenca_Tambo/_raw_reportes_xlsx/IDConfig_1720_completo.xlsx",113397,110.74,"5f19cde61015435e3aa30d6196072ce5"
2924,"1318","1318_Cuenca_Tambo","IDConfig_2924_completo.xlsx","1318_Cuenca_Tambo/_raw_reportes_xlsx/IDConfig_2924_completo.xlsx",3589,3.5,"8a2dc45f17634fd26f5abbbe36b87108"
3181,"1318","1318_Cuenca_Tambo","IDConfig_3181_completo.xlsx","1318_Cuenca_Tambo/_raw_reportes_xlsx/IDConfig_3181_completo.xlsx",18854,18.41,"a895266741dc8478d928f88c20fcd321"
7353,"1318","1318_Cuenca_Tambo","IDConfig_7353_completo.xlsx","1318_Cuenca_Tambo/_raw_reportes_xlsx/IDConfig_7353_completo.xlsx",157466,153.78,"e3ff4756c11e340849ae064326e7cc9b"
7514,"1318","1318_Cuenca_Tambo","IDConfig_7514_completo.xlsx","1318_Cuenca_Tambo/_raw_reportes_xlsx/IDConfig_7514_completo.xlsx",18417,17.99,"d491d5a102098f4b6f5de0b3f65c9155"
25541,"1318","1318_Cuenca_Tambo","IDConfig_25541_completo.xlsx","1318_Cuenca_Tambo/_raw_reportes_xlsx/IDConfig_25541_completo.xlsx",29446,28.76,"ecf3cadf60216f0b406c6b5f431c445d"
52657,"1318","1318_Cuenca_Tambo","IDConfig_52657_completo.xlsx","1318_Cuenca_Tambo/_raw_reportes_xlsx/IDConfig_52657_completo.xlsx",68051,66.46,"1c2ae8cee58b596ee0011e3a5c4fcb37"
63516,"1318","1318_Cuenca_Tambo","IDConfig_63516_completo.xlsx","1318_Cuenca_Tambo/_raw_reportes_xlsx/IDConfig_63516_completo.xlsx",11637,11.36,"e8d3235ed80fee078adbc124b4e8680c"
63525,"1318","1318_Cuenca_Tambo","IDConfig_63525_completo.xlsx","1318_Cuenca_Tambo/_raw_reportes_xlsx/IDConfig_63525_completo.xlsx",73753,72.02,"5bb7de0e308fb92587d8fd1de9d3eb40"
63548,"1318","1318_Cuenca_Tambo","IDConfig_63548_completo.xlsx","1318_Cuenca_Tambo/_raw_reportes_xlsx/IDConfig_63548_completo.xlsx",13812,13.49,"efc46e04de55e3a07ec2d38f37741f6f"
63578,"1318","1318_Cuenca_Tambo","IDConfig_63578_completo.xlsx","1318_Cuenca_Tambo/_raw_reportes_xlsx/IDConfig_63578_completo.xlsx",74829,73.08,"ca6c2dbc04b70946dc26ff37d2869b38"
64513,"1318","1318_Cuenca_Tambo","IDConfig_64513_completo.xlsx","1318_Cuenca_Tambo/_raw_reportes_xlsx/IDConfig_64513_completo.xlsx",10196,9.96,"12a593a7835a87593f1555dbd9550c06"
64911,"1318","1318_Cuenca_Tambo","IDConfig_64911_completo.xlsx","1318_Cuenca_Tambo/_raw_reportes_xlsx/IDConfig_64911_completo.xlsx",11900,11.62,"45f37deae112884160156ab6a105f4a0"
65005,"1318","1318_Cuenca_Tambo","IDConfig_65005_completo.xlsx","1318_Cuenca_Tambo/_raw_reportes_xlsx/IDConfig_65005_completo.xlsx",29401,28.71,"668074f1295bff2575eb64ee9b0d1e25"
67570,"1318","1318_Cuenca_Tambo","IDConfig_67570_completo.xlsx","1318_Cuenca_Tambo/_raw_reportes_xlsx/IDConfig_67570_completo.xlsx",10613,10.36,"78f20f8b19976191073b20fbde0f5226"
67671,"1318","1318_Cuenca_Tambo","IDConfig_67671_completo.xlsx","1318_Cuenca_Tambo/_raw_reportes_xlsx/IDConfig_67671_completo.xlsx",10507,10.26,"2c9fc688a8c2082dfb67664374f356c9"
2394,"1319","1319_Intercuenca_1319","IDConfig_2394_completo.xlsx","1319_Intercuenca_1319/_raw_reportes_xlsx/IDConfig_2394_completo.xlsx",21958,21.44,"73df91e883f768fcd7c9c970b65197cd"
3597,"1319","1319_Intercuenca_1319","IDConfig_3597_completo.xlsx","1319_Intercuenca_1319/_raw_reportes_xlsx/IDConfig_3597_completo.xlsx",39291,38.37,"8a620725ba4674345e1f0a302abc768a"
107,"132","132_Cuenca_Quilca_-_Vitor_-_Chili","IDConfig_107_completo.xlsx","132_Cuenca_Quilca_-_Vitor_-_Chili/_raw_reportes_xlsx/IDConfig_107_completo.xlsx",8931,8.72,"1a3149c2baee34fed4a3825fa13dd842"
108,"132","132_Cuenca_Quilca_-_Vitor_-_Chili","IDConfig_108_completo.xlsx","132_Cuenca_Quilca_-_Vitor_-_Chili/_raw_reportes_xlsx/IDConfig_108_completo.xlsx",17398,16.99,"af093dc2a26ee7361e898f658e8a5d9a"
232,"132","132_Cuenca_Quilca_-_Vitor_-_Chili","IDConfig_232_completo.xlsx","132_Cuenca_Quilca_-_Vitor_-_Chili/_raw_reportes_xlsx/IDConfig_232_completo.xlsx",16116,15.74,"3ec98b3464a77ce04fbdf90d34c720d0"
466,"132","132_Cuenca_Quilca_-_Vitor_-_Chili","IDConfig_466_completo.xlsx","132_Cuenca_Quilca_-_Vitor_-_Chili/_raw_reportes_xlsx/IDConfig_466_completo.xlsx",133172,130.05,"8894c8b28f4a9246f141aedde22e8c49"
501,"132","132_Cuenca_Quilca_-_Vitor_-_Chili","IDConfig_501_completo.xlsx","132_Cuenca_Quilca_-_Vitor_-_Chili/_raw_reportes_xlsx/IDConfig_501_completo.xlsx",128483,125.47,"fb69ef733b4a801c55b2c4bd51fc1f7b"
617,"132","132_Cuenca_Quilca_-_Vitor_-_Chili","IDConfig_617_completo.xlsx","132_Cuenca_Quilca_-_Vitor_-_Chili/_raw_reportes_xlsx/IDConfig_617_completo.xlsx",35527,34.69,"fa8621cf36342d9161b0cc2d3d04bc91"
664,"132","132_Cuenca_Quilca_-_Vitor_-_Chili","IDConfig_664_completo.xlsx","132_Cuenca_Quilca_-_Vitor_-_Chili/_raw_reportes_xlsx/IDConfig_664_completo.xlsx",10683,10.43,"eefdb94c696bcae8f3c4512f8a2222f2"
796,"132","132_Cuenca_Quilca_-_Vitor_-_Chili","IDConfig_796_completo.xlsx","132_Cuenca_Quilca_-_Vitor_-_Chili/_raw_reportes_xlsx/IDConfig_796_completo.xlsx",111233,108.63,"f35f4c3daa9152200d6d1b5bd6a00a59"
832,"132","132_Cuenca_Quilca_-_Vitor_-_Chili","IDConfig_832_completo.xlsx","132_Cuenca_Quilca_-_Vitor_-_Chili/_raw_reportes_xlsx/IDConfig_832_completo.xlsx",19692,19.23,"7622dd75b1f4ff165895a9010ac65ee7"
918,"132","132_Cuenca_Quilca_-_Vitor_-_Chili","IDConfig_918_completo.xlsx","132_Cuenca_Quilca_-_Vitor_-_Chili/_raw_reportes_xlsx/IDConfig_918_completo.xlsx",8091,7.9,"f9a4da0f9bf21a424c8d20bb5a55fe95"
954,"132","132_Cuenca_Quilca_-_Vitor_-_Chili","IDConfig_954_completo.xlsx","132_Cuenca_Quilca_-_Vitor_-_Chili/_raw_reportes_xlsx/IDConfig_954_completo.xlsx",15952,15.58,"fcefa10da8b8f9907b5be004844f73ee"
1340,"132","132_Cuenca_Quilca_-_Vitor_-_Chili","IDConfig_1340_completo.xlsx","132_Cuenca_Quilca_-_Vitor_-_Chili/_raw_reportes_xlsx/IDConfig_1340_completo.xlsx",7162,6.99,"c162fdce9b05fab733d56e1ed2b6c395"
1593,"132","132_Cuenca_Quilca_-_Vitor_-_Chili","IDConfig_1593_completo.xlsx","132_Cuenca_Quilca_-_Vitor_-_Chili/_raw_reportes_xlsx/IDConfig_1593_completo.xlsx",62421,60.96,"e6ef8aa1b7ceda8f3383900a585b5173"
1832,"132","132_Cuenca_Quilca_-_Vitor_-_Chili","IDConfig_1832_completo.xlsx","132_Cuenca_Quilca_-_Vitor_-_Chili/_raw_reportes_xlsx/IDConfig_1832_completo.xlsx",77224,75.41,"c47dcd98f7ccdccb39e649dde6cfefb5"
1848,"132","132_Cuenca_Quilca_-_Vitor_-_Chili","IDConfig_1848_completo.xlsx","132_Cuenca_Quilca_-_Vitor_-_Chili/_raw_reportes_xlsx/IDConfig_1848_completo.xlsx",12682,12.38,"43ec4790aea8c5fc3d31350a6c40bb8f"
1849,"132","132_Cuenca_Quilca_-_Vitor_-_Chili","IDConfig_1849_completo.xlsx","132_Cuenca_Quilca_-_Vitor_-_Chili/_raw_reportes_xlsx/IDConfig_1849_completo.xlsx",4428,4.32,"4b22e8422e5324543fd82965bdaaf400"
1936,"132","132_Cuenca_Quilca_-_Vitor_-_Chili","IDConfig_1936_completo.xlsx","132_Cuenca_Quilca_-_Vitor_-_Chili/_raw_reportes_xlsx/IDConfig_1936_completo.xlsx",59324,57.93,"e7681c1bfbe0f82abb46cd785cee2ba3"
2104,"132","132_Cuenca_Quilca_-_Vitor_-_Chili","IDConfig_2104_completo.xlsx","132_Cuenca_Quilca_-_Vitor_-_Chili/_raw_reportes_xlsx/IDConfig_2104_completo.xlsx",19910,19.44,"7a293e09cd74bef20f74009b39812e50"
2261,"132","132_Cuenca_Quilca_-_Vitor_-_Chili","IDConfig_2261_completo.xlsx","132_Cuenca_Quilca_-_Vitor_-_Chili/_raw_reportes_xlsx/IDConfig_2261_completo.xlsx",25098,24.51,"46bd890ff5492c36e46acfd51d8ae200"
2740,"132","132_Cuenca_Quilca_-_Vitor_-_Chili","IDConfig_2740_completo.xlsx","132_Cuenca_Quilca_-_Vitor_-_Chili/_raw_reportes_xlsx/IDConfig_2740_completo.xlsx",13519,13.2,"2099fa1e192612c9ef67416059dca19b"
2761,"132","132_Cuenca_Quilca_-_Vitor_-_Chili","IDConfig_2761_completo.xlsx","132_Cuenca_Quilca_-_Vitor_-_Chili/_raw_reportes_xlsx/IDConfig_2761_completo.xlsx",76588,74.79,"3950a31134acff41702570253161ca24"
2774,"132","132_Cuenca_Quilca_-_Vitor_-_Chili","IDConfig_2774_completo.xlsx","132_Cuenca_Quilca_-_Vitor_-_Chili/_raw_reportes_xlsx/IDConfig_2774_completo.xlsx",49630,48.47,"3e915127fbb8877d1f9990992a74b93d"
3037,"132","132_Cuenca_Quilca_-_Vitor_-_Chili","IDConfig_3037_completo.xlsx","132_Cuenca_Quilca_-_Vitor_-_Chili/_raw_reportes_xlsx/IDConfig_3037_completo.xlsx",6030,5.89,"e9448863155c3cc2a719fdd339541fd4"
3160,"132","132_Cuenca_Quilca_-_Vitor_-_Chili","IDConfig_3160_completo.xlsx","132_Cuenca_Quilca_-_Vitor_-_Chili/_raw_reportes_xlsx/IDConfig_3160_completo.xlsx",44807,43.76,"2b4d92189bd097d06c0372a8fefbae58"
3274,"132","132_Cuenca_Quilca_-_Vitor_-_Chili","IDConfig_3274_completo.xlsx","132_Cuenca_Quilca_-_Vitor_-_Chili/_raw_reportes_xlsx/IDConfig_3274_completo.xlsx",3423,3.34,"b3cc409209c65582b5a738e3775d6431"
3296,"132","132_Cuenca_Quilca_-_Vitor_-_Chili","IDConfig_3296_completo.xlsx","132_Cuenca_Quilca_-_Vitor_-_Chili/_raw_reportes_xlsx/IDConfig_3296_completo.xlsx",8144,7.95,"696b348b1dd137db49d759cb308b933b"
3330,"132","132_Cuenca_Quilca_-_Vitor_-_Chili","IDConfig_3330_completo.xlsx","132_Cuenca_Quilca_-_Vitor_-_Chili/_raw_reportes_xlsx/IDConfig_3330_completo.xlsx",10735,10.48,"fd21f97baaf67d4c0661155797b957f3"
3388,"132","132_Cuenca_Quilca_-_Vitor_-_Chili","IDConfig_3388_completo.xlsx","132_Cuenca_Quilca_-_Vitor_-_Chili/_raw_reportes_xlsx/IDConfig_3388_completo.xlsx",16574,16.19,"924ef213fab0c0e65c0d1c59e16381e6"
3455,"132","132_Cuenca_Quilca_-_Vitor_-_Chili","IDConfig_3455_completo.xlsx","132_Cuenca_Quilca_-_Vitor_-_Chili/_raw_reportes_xlsx/IDConfig_3455_completo.xlsx",601360,587.27,"8513500a50f731cfcf67de34343446e2"
3566,"132","132_Cuenca_Quilca_-_Vitor_-_Chili","IDConfig_3566_completo.xlsx","132_Cuenca_Quilca_-_Vitor_-_Chili/_raw_reportes_xlsx/IDConfig_3566_completo.xlsx",125512,122.57,"8f32c0af93b7aa6a19fb67ec6681629d"
3697,"132","132_Cuenca_Quilca_-_Vitor_-_Chili","IDConfig_3697_completo.xlsx","132_Cuenca_Quilca_-_Vitor_-_Chili/_raw_reportes_xlsx/IDConfig_3697_completo.xlsx",35921,35.08,"fb9a34e3bca1e63a66f32278bda4846e"
3698,"132","132_Cuenca_Quilca_-_Vitor_-_Chili","IDConfig_3698_completo.xlsx","132_Cuenca_Quilca_-_Vitor_-_Chili/_raw_reportes_xlsx/IDConfig_3698_completo.xlsx",10918,10.66,"c30a70a0eb2a6726a5e983fadf659280"
3699,"132","132_Cuenca_Quilca_-_Vitor_-_Chili","IDConfig_3699_completo.xlsx","132_Cuenca_Quilca_-_Vitor_-_Chili/_raw_reportes_xlsx/IDConfig_3699_completo.xlsx",17744,17.33,"09344739ae4e2d6c71db178ddae5dffb"
3851,"132","132_Cuenca_Quilca_-_Vitor_-_Chili","IDConfig_3851_completo.xlsx","132_Cuenca_Quilca_-_Vitor_-_Chili/_raw_reportes_xlsx/IDConfig_3851_completo.xlsx",94849,92.63,"44b71bae4b35e4971cb9e95d369aac71"
3852,"132","132_Cuenca_Quilca_-_Vitor_-_Chili","IDConfig_3852_completo.xlsx","132_Cuenca_Quilca_-_Vitor_-_Chili/_raw_reportes_xlsx/IDConfig_3852_completo.xlsx",24251,23.68,"9a22162c74f9963a044d0f45395be267"
4255,"132","132_Cuenca_Quilca_-_Vitor_-_Chili","IDConfig_4255_completo.xlsx","132_Cuenca_Quilca_-_Vitor_-_Chili/_raw_reportes_xlsx/IDConfig_4255_completo.xlsx",558463,545.37,"49253d13fa54b46029c96361648164b8"
7335,"132","132_Cuenca_Quilca_-_Vitor_-_Chili","IDConfig_7335_completo.xlsx","132_Cuenca_Quilca_-_Vitor_-_Chili/_raw_reportes_xlsx/IDConfig_7335_completo.xlsx",144967,141.57,"91dca181aad64e900fe141a2bc2a667a"
7355,"132","132_Cuenca_Quilca_-_Vitor_-_Chili","IDConfig_7355_completo.xlsx","132_Cuenca_Quilca_-_Vitor_-_Chili/_raw_reportes_xlsx/IDConfig_7355_completo.xlsx",18419,17.99,"bf15aac838ecfbbd159cfcc039d07e55"
7361,"132","132_Cuenca_Quilca_-_Vitor_-_Chili","IDConfig_7361_completo.xlsx","132_Cuenca_Quilca_-_Vitor_-_Chili/_raw_reportes_xlsx/IDConfig_7361_completo.xlsx",247895,242.08,"ca9e3a317a8b4035dbd8e46e447a5d00"
7363,"132","132_Cuenca_Quilca_-_Vitor_-_Chili","IDConfig_7363_completo.xlsx","132_Cuenca_Quilca_-_Vitor_-_Chili/_raw_reportes_xlsx/IDConfig_7363_completo.xlsx",263714,257.53,"a1932e1658787acaf9f6db4c35ae24b0"
8169,"132","132_Cuenca_Quilca_-_Vitor_-_Chili","IDConfig_8169_completo.xlsx","132_Cuenca_Quilca_-_Vitor_-_Chili/_raw_reportes_xlsx/IDConfig_8169_completo.xlsx",203535,198.76,"a4b17d888ce8c0a91c33539938d35eee"
8181,"132","132_Cuenca_Quilca_-_Vitor_-_Chili","IDConfig_8181_completo.xlsx","132_Cuenca_Quilca_-_Vitor_-_Chili/_raw_reportes_xlsx/IDConfig_8181_completo.xlsx",294907,288,"5a267b97c3006aa380d252dafef3bad4"
51842,"132","132_Cuenca_Quilca_-_Vitor_-_Chili","IDConfig_51842_completo.xlsx","132_Cuenca_Quilca_-_Vitor_-_Chili/_raw_reportes_xlsx/IDConfig_51842_completo.xlsx",57696,56.34,"ee447425584ae0ea3a4081c80af8bb63"
51893,"132","132_Cuenca_Quilca_-_Vitor_-_Chili","IDConfig_51893_completo.xlsx","132_Cuenca_Quilca_-_Vitor_-_Chili/_raw_reportes_xlsx/IDConfig_51893_completo.xlsx",78214,76.38,"fb28ef5934e58f89d7d664bd58345920"
52038,"132","132_Cuenca_Quilca_-_Vitor_-_Chili","IDConfig_52038_completo.xlsx","132_Cuenca_Quilca_-_Vitor_-_Chili/_raw_reportes_xlsx/IDConfig_52038_completo.xlsx",56168,54.85,"63235ba9c1d2429de22e2b8e0c6cd6e7"
52178,"132","132_Cuenca_Quilca_-_Vitor_-_Chili","IDConfig_52178_completo.xlsx","132_Cuenca_Quilca_-_Vitor_-_Chili/_raw_reportes_xlsx/IDConfig_52178_completo.xlsx",79702,77.83,"a092a117b41c58d5749f961d711e1f8c"
52449,"132","132_Cuenca_Quilca_-_Vitor_-_Chili","IDConfig_52449_completo.xlsx","132_Cuenca_Quilca_-_Vitor_-_Chili/_raw_reportes_xlsx/IDConfig_52449_completo.xlsx",79833,77.96,"ca824cadf7e0be04e86c741aa311396c"
52551,"132","132_Cuenca_Quilca_-_Vitor_-_Chili","IDConfig_52551_completo.xlsx","132_Cuenca_Quilca_-_Vitor_-_Chili/_raw_reportes_xlsx/IDConfig_52551_completo.xlsx",49705,48.54,"935cfaacdd54c3a59aff93c86272bb29"
52593,"132","132_Cuenca_Quilca_-_Vitor_-_Chili","IDConfig_52593_completo.xlsx","132_Cuenca_Quilca_-_Vitor_-_Chili/_raw_reportes_xlsx/IDConfig_52593_completo.xlsx",84659,82.67,"ad1888b5c3b3fb7ad7dcfd1c0edbdfb9"
62893,"132","132_Cuenca_Quilca_-_Vitor_-_Chili","IDConfig_62893_completo.xlsx","132_Cuenca_Quilca_-_Vitor_-_Chili/_raw_reportes_xlsx/IDConfig_62893_completo.xlsx",16961,16.56,"4346b23cd6e57a88ace1237ba450b48d"
63319,"132","132_Cuenca_Quilca_-_Vitor_-_Chili","IDConfig_63319_completo.xlsx","132_Cuenca_Quilca_-_Vitor_-_Chili/_raw_reportes_xlsx/IDConfig_63319_completo.xlsx",9687,9.46,"b0034706dd3e3d91fbcfceac107347ac"
63321,"132","132_Cuenca_Quilca_-_Vitor_-_Chili","IDConfig_63321_completo.xlsx","132_Cuenca_Quilca_-_Vitor_-_Chili/_raw_reportes_xlsx/IDConfig_63321_completo.xlsx",8440,8.24,"1280fd0bed50385d17dd0c773c73da59"
63332,"132","132_Cuenca_Quilca_-_Vitor_-_Chili","IDConfig_63332_completo.xlsx","132_Cuenca_Quilca_-_Vitor_-_Chili/_raw_reportes_xlsx/IDConfig_63332_completo.xlsx",3358,3.28,"00478957ad0aaf56c63ba4d27fa8abab"
63498,"132","132_Cuenca_Quilca_-_Vitor_-_Chili","IDConfig_63498_completo.xlsx","132_Cuenca_Quilca_-_Vitor_-_Chili/_raw_reportes_xlsx/IDConfig_63498_completo.xlsx",12607,12.31,"c02f724d6017306d68bb5cadb0085d4d"
63526,"132","132_Cuenca_Quilca_-_Vitor_-_Chili","IDConfig_63526_completo.xlsx","132_Cuenca_Quilca_-_Vitor_-_Chili/_raw_reportes_xlsx/IDConfig_63526_completo.xlsx",12126,11.84,"1857da3035a1fe6a767c78392b3fc387"
64125,"132","132_Cuenca_Quilca_-_Vitor_-_Chili","IDConfig_64125_completo.xlsx","132_Cuenca_Quilca_-_Vitor_-_Chili/_raw_reportes_xlsx/IDConfig_64125_completo.xlsx",5799,5.66,"2979eff38e80452182f4bf9f2dd36349"
64126,"132","132_Cuenca_Quilca_-_Vitor_-_Chili","IDConfig_64126_completo.xlsx","132_Cuenca_Quilca_-_Vitor_-_Chili/_raw_reportes_xlsx/IDConfig_64126_completo.xlsx",4718,4.61,"b9c6cef70bd5d8fcd0e69ec383cd9240"
64128,"132","132_Cuenca_Quilca_-_Vitor_-_Chili","IDConfig_64128_completo.xlsx","132_Cuenca_Quilca_-_Vitor_-_Chili/_raw_reportes_xlsx/IDConfig_64128_completo.xlsx",7318,7.15,"a447a703ffebe8d1f31ecddc72d65529"
64129,"132","132_Cuenca_Quilca_-_Vitor_-_Chili","IDConfig_64129_completo.xlsx","132_Cuenca_Quilca_-_Vitor_-_Chili/_raw_reportes_xlsx/IDConfig_64129_completo.xlsx",5687,5.55,"2533f9863bce9df812ad50b21d0ae7a0"
64131,"132","132_Cuenca_Quilca_-_Vitor_-_Chili","IDConfig_64131_completo.xlsx","132_Cuenca_Quilca_-_Vitor_-_Chili/_raw_reportes_xlsx/IDConfig_64131_completo.xlsx",78230,76.4,"7fd928178e9a7630068c5881eaca9b9b"
64132,"132","132_Cuenca_Quilca_-_Vitor_-_Chili","IDConfig_64132_completo.xlsx","132_Cuenca_Quilca_-_Vitor_-_Chili/_raw_reportes_xlsx/IDConfig_64132_completo.xlsx",5886,5.75,"59d9354bb73a2d25287bf0c2ce222f56"
64133,"132","132_Cuenca_Quilca_-_Vitor_-_Chili","IDConfig_64133_completo.xlsx","132_Cuenca_Quilca_-_Vitor_-_Chili/_raw_reportes_xlsx/IDConfig_64133_completo.xlsx",4643,4.53,"0f6e8d989067a7fa45d33021ee49baec"
64906,"132","132_Cuenca_Quilca_-_Vitor_-_Chili","IDConfig_64906_completo.xlsx","132_Cuenca_Quilca_-_Vitor_-_Chili/_raw_reportes_xlsx/IDConfig_64906_completo.xlsx",11586,11.31,"8c7c3361ac20cdd9c38187e000ed4553"
64908,"132","132_Cuenca_Quilca_-_Vitor_-_Chili","IDConfig_64908_completo.xlsx","132_Cuenca_Quilca_-_Vitor_-_Chili/_raw_reportes_xlsx/IDConfig_64908_completo.xlsx",12516,12.22,"c273df73cdf93aef650c15583f3f799e"
64993,"132","132_Cuenca_Quilca_-_Vitor_-_Chili","IDConfig_64993_completo.xlsx","132_Cuenca_Quilca_-_Vitor_-_Chili/_raw_reportes_xlsx/IDConfig_64993_completo.xlsx",11668,11.39,"a8fa56324e8e725695a388047f4d3b25"
65000,"132","132_Cuenca_Quilca_-_Vitor_-_Chili","IDConfig_65000_completo.xlsx","132_Cuenca_Quilca_-_Vitor_-_Chili/_raw_reportes_xlsx/IDConfig_65000_completo.xlsx",42842,41.84,"12812c158118c263e62819127f4933a2"
65002,"132","132_Cuenca_Quilca_-_Vitor_-_Chili","IDConfig_65002_completo.xlsx","132_Cuenca_Quilca_-_Vitor_-_Chili/_raw_reportes_xlsx/IDConfig_65002_completo.xlsx",135083,131.92,"cc41aa9677b0e639f1980fc5a0ad5967"
65087,"132","132_Cuenca_Quilca_-_Vitor_-_Chili","IDConfig_65087_completo.xlsx","132_Cuenca_Quilca_-_Vitor_-_Chili/_raw_reportes_xlsx/IDConfig_65087_completo.xlsx",134259,131.11,"9a4aafdbd253ce214e8e7a203f3d8276"
65121,"132","132_Cuenca_Quilca_-_Vitor_-_Chili","IDConfig_65121_completo.xlsx","132_Cuenca_Quilca_-_Vitor_-_Chili/_raw_reportes_xlsx/IDConfig_65121_completo.xlsx",155176,151.54,"c00a0d88c2d63d06d251047363c53533"
65211,"132","132_Cuenca_Quilca_-_Vitor_-_Chili","IDConfig_65211_completo.xlsx","132_Cuenca_Quilca_-_Vitor_-_Chili/_raw_reportes_xlsx/IDConfig_65211_completo.xlsx",67451,65.87,"381d14f24ab563c4b24deaa555de84bf"
65279,"132","132_Cuenca_Quilca_-_Vitor_-_Chili","IDConfig_65279_completo.xlsx","132_Cuenca_Quilca_-_Vitor_-_Chili/_raw_reportes_xlsx/IDConfig_65279_completo.xlsx",11213,10.95,"25db1e1e26f95a8c89044c7b0c726b34"
65349,"132","132_Cuenca_Quilca_-_Vitor_-_Chili","IDConfig_65349_completo.xlsx","132_Cuenca_Quilca_-_Vitor_-_Chili/_raw_reportes_xlsx/IDConfig_65349_completo.xlsx",6921,6.76,"881377bedc34a5a374755d741dbfd334"
67565,"132","132_Cuenca_Quilca_-_Vitor_-_Chili","IDConfig_67565_completo.xlsx","132_Cuenca_Quilca_-_Vitor_-_Chili/_raw_reportes_xlsx/IDConfig_67565_completo.xlsx",10061,9.83,"22e45569ec56976cba696154711c8540"
67567,"132","132_Cuenca_Quilca_-_Vitor_-_Chili","IDConfig_67567_completo.xlsx","132_Cuenca_Quilca_-_Vitor_-_Chili/_raw_reportes_xlsx/IDConfig_67567_completo.xlsx",10696,10.45,"7dc0d92051f88918238112ffabb88fb8"
67652,"132","132_Cuenca_Quilca_-_Vitor_-_Chili","IDConfig_67652_completo.xlsx","132_Cuenca_Quilca_-_Vitor_-_Chili/_raw_reportes_xlsx/IDConfig_67652_completo.xlsx",10569,10.32,"ad453a784bc84fc9c7660ec9ce8c8e56"
67666,"132","132_Cuenca_Quilca_-_Vitor_-_Chili","IDConfig_67666_completo.xlsx","132_Cuenca_Quilca_-_Vitor_-_Chili/_raw_reportes_xlsx/IDConfig_67666_completo.xlsx",10011,9.78,"3ea67dc8bf6654f7fd1a5b2236ab0bc1"
67668,"132","132_Cuenca_Quilca_-_Vitor_-_Chili","IDConfig_67668_completo.xlsx","132_Cuenca_Quilca_-_Vitor_-_Chili/_raw_reportes_xlsx/IDConfig_67668_completo.xlsx",10514,10.27,"a7a6fcd5f314403379a4eefb4269b1e2"
67753,"132","132_Cuenca_Quilca_-_Vitor_-_Chili","IDConfig_67753_completo.xlsx","132_Cuenca_Quilca_-_Vitor_-_Chili/_raw_reportes_xlsx/IDConfig_67753_completo.xlsx",9860,9.63,"578d798438ffa5847dab661c7c19f534"
63508,"133","133_Intercuenca_133","IDConfig_63508_completo.xlsx","133_Intercuenca_133/_raw_reportes_xlsx/IDConfig_63508_completo.xlsx",10660,10.41,"1662462b21db5c5dc98ec88ed786dd05"
106,"134","134_Cuenca_Camana","IDConfig_106_completo.xlsx","134_Cuenca_Camana/_raw_reportes_xlsx/IDConfig_106_completo.xlsx",12745,12.45,"eca4976366c9945901f2504b83d6b29b"
244,"134","134_Cuenca_Camana","IDConfig_244_completo.xlsx","134_Cuenca_Camana/_raw_reportes_xlsx/IDConfig_244_completo.xlsx",14154,13.82,"e20a3da9a489b1b177347f451312159d"
318,"134","134_Cuenca_Camana","IDConfig_318_completo.xlsx","134_Cuenca_Camana/_raw_reportes_xlsx/IDConfig_318_completo.xlsx",6937,6.77,"7dabd448122f9f6894b2b3703f25a28d"
1093,"134","134_Cuenca_Camana","IDConfig_1093_completo.xlsx","134_Cuenca_Camana/_raw_reportes_xlsx/IDConfig_1093_completo.xlsx",54021,52.75,"9506a8b51bc4a7ef97edaf9166a2fbd1"
1213,"134","134_Cuenca_Camana","IDConfig_1213_completo.xlsx","134_Cuenca_Camana/_raw_reportes_xlsx/IDConfig_1213_completo.xlsx",9067,8.85,"b214096cb755a85b0555249209fbb63c"
1469,"134","134_Cuenca_Camana","IDConfig_1469_completo.xlsx","134_Cuenca_Camana/_raw_reportes_xlsx/IDConfig_1469_completo.xlsx",3722,3.63,"f86d5c9b399b8bafef0161fb1d372921"
1703,"134","134_Cuenca_Camana","IDConfig_1703_completo.xlsx","134_Cuenca_Camana/_raw_reportes_xlsx/IDConfig_1703_completo.xlsx",43296,42.28,"f7b2ae97128204fb49c17842e0312003"
1846,"134","134_Cuenca_Camana","IDConfig_1846_completo.xlsx","134_Cuenca_Camana/_raw_reportes_xlsx/IDConfig_1846_completo.xlsx",38092,37.2,"ff6b86e68f2b9cfa345cd011cfa8057b"
1847,"134","134_Cuenca_Camana","IDConfig_1847_completo.xlsx","134_Cuenca_Camana/_raw_reportes_xlsx/IDConfig_1847_completo.xlsx",20095,19.62,"ec4d71ca61b697c51e6b243a3c98e898"
2056,"134","134_Cuenca_Camana","IDConfig_2056_completo.xlsx","134_Cuenca_Camana/_raw_reportes_xlsx/IDConfig_2056_completo.xlsx",15355,15,"2ab1afdd7dea915c0972c1c26fa548c5"
2357,"134","134_Cuenca_Camana","IDConfig_2357_completo.xlsx","134_Cuenca_Camana/_raw_reportes_xlsx/IDConfig_2357_completo.xlsx",20336,19.86,"ec13d6e8b6e6c0ae4d72cc13780fb9d0"
2358,"134","134_Cuenca_Camana","IDConfig_2358_completo.xlsx","134_Cuenca_Camana/_raw_reportes_xlsx/IDConfig_2358_completo.xlsx",22455,21.93,"5ff94d6d39364cbd66aacb988c432392"
2633,"134","134_Cuenca_Camana","IDConfig_2633_completo.xlsx","134_Cuenca_Camana/_raw_reportes_xlsx/IDConfig_2633_completo.xlsx",38447,37.55,"b441888228484c238ea8ff56c2a8efb6"
2634,"134","134_Cuenca_Camana","IDConfig_2634_completo.xlsx","134_Cuenca_Camana/_raw_reportes_xlsx/IDConfig_2634_completo.xlsx",43563,42.54,"d5430421af9b5e56889ca5ef14bc6fb7"
2635,"134","134_Cuenca_Camana","IDConfig_2635_completo.xlsx","134_Cuenca_Camana/_raw_reportes_xlsx/IDConfig_2635_completo.xlsx",96760,94.49,"eb723c8ba7e828ca44a072c2a0842ff6"
2636,"134","134_Cuenca_Camana","IDConfig_2636_completo.xlsx","134_Cuenca_Camana/_raw_reportes_xlsx/IDConfig_2636_completo.xlsx",34702,33.89,"bb1ddca9c2e3d641aaa59ec4d287f6aa"
2922,"134","134_Cuenca_Camana","IDConfig_2922_completo.xlsx","134_Cuenca_Camana/_raw_reportes_xlsx/IDConfig_2922_completo.xlsx",20601,20.12,"fdac5f3e72a7c728e403aeff59dd9f3d"
3036,"134","134_Cuenca_Camana","IDConfig_3036_completo.xlsx","134_Cuenca_Camana/_raw_reportes_xlsx/IDConfig_3036_completo.xlsx",22781,22.25,"7aa495b2b12209daf0aa878e339281a2"
3055,"134","134_Cuenca_Camana","IDConfig_3055_completo.xlsx","134_Cuenca_Camana/_raw_reportes_xlsx/IDConfig_3055_completo.xlsx",12342,12.05,"32e3dd483436ae4080b9bbc398f5be84"
3159,"134","134_Cuenca_Camana","IDConfig_3159_completo.xlsx","134_Cuenca_Camana/_raw_reportes_xlsx/IDConfig_3159_completo.xlsx",16918,16.52,"7760475e443e229af827dc7f640cb7d2"
3189,"134","134_Cuenca_Camana","IDConfig_3189_completo.xlsx","134_Cuenca_Camana/_raw_reportes_xlsx/IDConfig_3189_completo.xlsx",75319,73.55,"f51eca774d47a00f384b6506840b8b4a"
3294,"134","134_Cuenca_Camana","IDConfig_3294_completo.xlsx","134_Cuenca_Camana/_raw_reportes_xlsx/IDConfig_3294_completo.xlsx",10902,10.65,"0c88d407355891929bbe213c9eae60d9"
3295,"134","134_Cuenca_Camana","IDConfig_3295_completo.xlsx","134_Cuenca_Camana/_raw_reportes_xlsx/IDConfig_3295_completo.xlsx",6874,6.71,"7cc80666c34457efc670aa2280e3b518"
3565,"134","134_Cuenca_Camana","IDConfig_3565_completo.xlsx","134_Cuenca_Camana/_raw_reportes_xlsx/IDConfig_3565_completo.xlsx",36482,35.63,"8c9780ba0e66e8c927e5fd11346f8788"
3736,"134","134_Cuenca_Camana","IDConfig_3736_completo.xlsx","134_Cuenca_Camana/_raw_reportes_xlsx/IDConfig_3736_completo.xlsx",21894,21.38,"d1b9babafcd41fc25627541d0838b77f"
3889,"134","134_Cuenca_Camana","IDConfig_3889_completo.xlsx","134_Cuenca_Camana/_raw_reportes_xlsx/IDConfig_3889_completo.xlsx",31113,30.38,"baa987bc447db3b24caf8f5bb7f0fb1f"
4275,"134","134_Cuenca_Camana","IDConfig_4275_completo.xlsx","134_Cuenca_Camana/_raw_reportes_xlsx/IDConfig_4275_completo.xlsx",15729,15.36,"f55218350a684ba6f27ff8fc150ce54f"
7328,"134","134_Cuenca_Camana","IDConfig_7328_completo.xlsx","134_Cuenca_Camana/_raw_reportes_xlsx/IDConfig_7328_completo.xlsx",27907,27.25,"7f5f208eb9523881a2a52d936f675562"
7349,"134","134_Cuenca_Camana","IDConfig_7349_completo.xlsx","134_Cuenca_Camana/_raw_reportes_xlsx/IDConfig_7349_completo.xlsx",138998,135.74,"d3c0699ae12878ce9d9d793ddf8e696e"
7351,"134","134_Cuenca_Camana","IDConfig_7351_completo.xlsx","134_Cuenca_Camana/_raw_reportes_xlsx/IDConfig_7351_completo.xlsx",191456,186.97,"6c4500fd2b6a3b3acbec644ca9c48836"
7357,"134","134_Cuenca_Camana","IDConfig_7357_completo.xlsx","134_Cuenca_Camana/_raw_reportes_xlsx/IDConfig_7357_completo.xlsx",25711,25.11,"7dd7de816254a38e132f89650f266f35"
7360,"134","134_Cuenca_Camana","IDConfig_7360_completo.xlsx","134_Cuenca_Camana/_raw_reportes_xlsx/IDConfig_7360_completo.xlsx",215528,210.48,"4b700558f875455cb35e71dee44b4fa6"
51721,"134","134_Cuenca_Camana","IDConfig_51721_completo.xlsx","134_Cuenca_Camana/_raw_reportes_xlsx/IDConfig_51721_completo.xlsx",75527,73.76,"6dce3bc2978ac672a39b108b5fbcb01e"
51757,"134","134_Cuenca_Camana","IDConfig_51757_completo.xlsx","134_Cuenca_Camana/_raw_reportes_xlsx/IDConfig_51757_completo.xlsx",61035,59.6,"b56fbba163291b6197ad3248725221ed"
52057,"134","134_Cuenca_Camana","IDConfig_52057_completo.xlsx","134_Cuenca_Camana/_raw_reportes_xlsx/IDConfig_52057_completo.xlsx",81857,79.94,"bb6c14b414650e4ad6c48bf2d0d752a6"
52151,"134","134_Cuenca_Camana","IDConfig_52151_completo.xlsx","134_Cuenca_Camana/_raw_reportes_xlsx/IDConfig_52151_completo.xlsx",69283,67.66,"a4793e23c33faa09e01fdddbdb981650"
52348,"134","134_Cuenca_Camana","IDConfig_52348_completo.xlsx","134_Cuenca_Camana/_raw_reportes_xlsx/IDConfig_52348_completo.xlsx",78433,76.59,"fcce9bc5e9bcd31f329813de0bf986ee"
52559,"134","134_Cuenca_Camana","IDConfig_52559_completo.xlsx","134_Cuenca_Camana/_raw_reportes_xlsx/IDConfig_52559_completo.xlsx",92303,90.14,"b87779c645d8f15799c2caedf73d0ef1"
52633,"134","134_Cuenca_Camana","IDConfig_52633_completo.xlsx","134_Cuenca_Camana/_raw_reportes_xlsx/IDConfig_52633_completo.xlsx",84451,82.47,"a926774278e4085aabff902c44a394e0"
62921,"134","134_Cuenca_Camana","IDConfig_62921_completo.xlsx","134_Cuenca_Camana/_raw_reportes_xlsx/IDConfig_62921_completo.xlsx",25827,25.22,"72811ab85c880a061baf592d971d22d7"
63347,"134","134_Cuenca_Camana","IDConfig_63347_completo.xlsx","134_Cuenca_Camana/_raw_reportes_xlsx/IDConfig_63347_completo.xlsx",3836,3.75,"957a653aeb8473ba25aaa16166aa1f4b"
63515,"134","134_Cuenca_Camana","IDConfig_63515_completo.xlsx","134_Cuenca_Camana/_raw_reportes_xlsx/IDConfig_63515_completo.xlsx",13648,13.33,"9edfbee6bd9719ae252044d10dc7e6c7"
63550,"134","134_Cuenca_Camana","IDConfig_63550_completo.xlsx","134_Cuenca_Camana/_raw_reportes_xlsx/IDConfig_63550_completo.xlsx",14099,13.77,"61ff47f390455f3c0dc67ddd1a346aef"
63552,"134","134_Cuenca_Camana","IDConfig_63552_completo.xlsx","134_Cuenca_Camana/_raw_reportes_xlsx/IDConfig_63552_completo.xlsx",12986,12.68,"de7244c97f6a10333e73bfd676668f14"
63553,"134","134_Cuenca_Camana","IDConfig_63553_completo.xlsx","134_Cuenca_Camana/_raw_reportes_xlsx/IDConfig_63553_completo.xlsx",79406,77.54,"d840500b2f29c37accd6bafb6073bfe1"
64940,"134","134_Cuenca_Camana","IDConfig_64940_completo.xlsx","134_Cuenca_Camana/_raw_reportes_xlsx/IDConfig_64940_completo.xlsx",12245,11.96,"addb0759373b45e29ed6279104e3fe51"
65034,"134","134_Cuenca_Camana","IDConfig_65034_completo.xlsx","134_Cuenca_Camana/_raw_reportes_xlsx/IDConfig_65034_completo.xlsx",40313,39.37,"d67b26bdfd5035a10196ef41f758053d"
65171,"134","134_Cuenca_Camana","IDConfig_65171_completo.xlsx","134_Cuenca_Camana/_raw_reportes_xlsx/IDConfig_65171_completo.xlsx",107772,105.25,"f45c4c3ed31b6af5a6a4c20827912eb3"
65174,"134","134_Cuenca_Camana","IDConfig_65174_completo.xlsx","134_Cuenca_Camana/_raw_reportes_xlsx/IDConfig_65174_completo.xlsx",28860,28.18,"da6f26a73e45588394b0fac282a94354"
65309,"134","134_Cuenca_Camana","IDConfig_65309_completo.xlsx","134_Cuenca_Camana/_raw_reportes_xlsx/IDConfig_65309_completo.xlsx",9125,8.91,"1e23ece24b071e0ccd07ef8135e439c7"
65312,"134","134_Cuenca_Camana","IDConfig_65312_completo.xlsx","134_Cuenca_Camana/_raw_reportes_xlsx/IDConfig_65312_completo.xlsx",10666,10.42,"db87db3f7db48a8bb22c7204b052fbca"
67599,"134","134_Cuenca_Camana","IDConfig_67599_completo.xlsx","134_Cuenca_Camana/_raw_reportes_xlsx/IDConfig_67599_completo.xlsx",11263,11,"e5a9c659cd77d920b57663aa6625995c"
67700,"134","134_Cuenca_Camana","IDConfig_67700_completo.xlsx","134_Cuenca_Camana/_raw_reportes_xlsx/IDConfig_67700_completo.xlsx",11078,10.82,"fc537ba4b6b88d804b8c66fc1c365847"
105,"136","136_Cuenca_Ocona","IDConfig_105_completo.xlsx","136_Cuenca_Ocona/_raw_reportes_xlsx/IDConfig_105_completo.xlsx",62358,60.9,"197a0d5108fbb4ee393d2e052defbb6e"
302,"136","136_Cuenca_Ocona","IDConfig_302_completo.xlsx","136_Cuenca_Ocona/_raw_reportes_xlsx/IDConfig_302_completo.xlsx",40643,39.69,"7331decbd8a92119f426a09fb8b553f7"
324,"136","136_Cuenca_Ocona","IDConfig_324_completo.xlsx","136_Cuenca_Ocona/_raw_reportes_xlsx/IDConfig_324_completo.xlsx",7987,7.8,"1620ded3bc2a280672dc418985e154ec"
1212,"136","136_Cuenca_Ocona","IDConfig_1212_completo.xlsx","136_Cuenca_Ocona/_raw_reportes_xlsx/IDConfig_1212_completo.xlsx",70867,69.21,"89a34031ab3c574111d38d54e188f353"
1830,"136","136_Cuenca_Ocona","IDConfig_1830_completo.xlsx","136_Cuenca_Ocona/_raw_reportes_xlsx/IDConfig_1830_completo.xlsx",22062,21.54,"0c345ea3c4e1c11bf703e6fcf4d0a6dd"
1927,"136","136_Cuenca_Ocona","IDConfig_1927_completo.xlsx","136_Cuenca_Ocona/_raw_reportes_xlsx/IDConfig_1927_completo.xlsx",48569,47.43,"25cc406b8d058c2989754fd8edc7cd03"
1960,"136","136_Cuenca_Ocona","IDConfig_1960_completo.xlsx","136_Cuenca_Ocona/_raw_reportes_xlsx/IDConfig_1960_completo.xlsx",18767,18.33,"d44e146ed45f474525f2e87f84a5d637"
2092,"136","136_Cuenca_Ocona","IDConfig_2092_completo.xlsx","136_Cuenca_Ocona/_raw_reportes_xlsx/IDConfig_2092_completo.xlsx",35395,34.57,"50ab1f23bf24a4325c75b4bf3aa39c20"
2131,"136","136_Cuenca_Ocona","IDConfig_2131_completo.xlsx","136_Cuenca_Ocona/_raw_reportes_xlsx/IDConfig_2131_completo.xlsx",37792,36.91,"d7d8bb3f486b1065c8d76f38962d4e69"
2231,"136","136_Cuenca_Ocona","IDConfig_2231_completo.xlsx","136_Cuenca_Ocona/_raw_reportes_xlsx/IDConfig_2231_completo.xlsx",4355,4.25,"be37e6e9720188402be8ef38fa89d478"
3271,"136","136_Cuenca_Ocona","IDConfig_3271_completo.xlsx","136_Cuenca_Ocona/_raw_reportes_xlsx/IDConfig_3271_completo.xlsx",46247,45.16,"ebf2dc25a1804665f095a197291f0ae9"
3272,"136","136_Cuenca_Ocona","IDConfig_3272_completo.xlsx","136_Cuenca_Ocona/_raw_reportes_xlsx/IDConfig_3272_completo.xlsx",122229,119.36,"005218144e86cafefd85f4879704544e"
4118,"136","136_Cuenca_Ocona","IDConfig_4118_completo.xlsx","136_Cuenca_Ocona/_raw_reportes_xlsx/IDConfig_4118_completo.xlsx",33611,32.82,"964687d9fa233f1936134652edf52c63"
7362,"136","136_Cuenca_Ocona","IDConfig_7362_completo.xlsx","136_Cuenca_Ocona/_raw_reportes_xlsx/IDConfig_7362_completo.xlsx",250788,244.91,"c64c0c519ab0c4949be2ace5313b0358"
7369,"136","136_Cuenca_Ocona","IDConfig_7369_completo.xlsx","136_Cuenca_Ocona/_raw_reportes_xlsx/IDConfig_7369_completo.xlsx",53830,52.57,"e9db08505736879680a4bd22b12239fc"
8167,"136","136_Cuenca_Ocona","IDConfig_8167_completo.xlsx","136_Cuenca_Ocona/_raw_reportes_xlsx/IDConfig_8167_completo.xlsx",101567,99.19,"2901a34fbd9d50cdc2948357bf5f7ccc"
52055,"136","136_Cuenca_Ocona","IDConfig_52055_completo.xlsx","136_Cuenca_Ocona/_raw_reportes_xlsx/IDConfig_52055_completo.xlsx",64651,63.14,"3912ebba69a0ce862ea965a2d2bd7710"
52122,"136","136_Cuenca_Ocona","IDConfig_52122_completo.xlsx","136_Cuenca_Ocona/_raw_reportes_xlsx/IDConfig_52122_completo.xlsx",71024,69.36,"935783ac9789e3ed1071809c91b2da02"
52315,"136","136_Cuenca_Ocona","IDConfig_52315_completo.xlsx","136_Cuenca_Ocona/_raw_reportes_xlsx/IDConfig_52315_completo.xlsx",69298,67.67,"c6c0f9c0add4d79f0e845d7c1cbaaf91"
52418,"136","136_Cuenca_Ocona","IDConfig_52418_completo.xlsx","136_Cuenca_Ocona/_raw_reportes_xlsx/IDConfig_52418_completo.xlsx",70088,68.45,"3cdfed145ddefd398813c525aaa5602e"
63345,"136","136_Cuenca_Ocona","IDConfig_63345_completo.xlsx","136_Cuenca_Ocona/_raw_reportes_xlsx/IDConfig_63345_completo.xlsx",4989,4.87,"182f57b1fe0deea11d10fd68556421a4"
63539,"136","136_Cuenca_Ocona","IDConfig_63539_completo.xlsx","136_Cuenca_Ocona/_raw_reportes_xlsx/IDConfig_63539_completo.xlsx",17341,16.93,"986495b441952231a9aff8fdf42eeaa1"
63572,"136","136_Cuenca_Ocona","IDConfig_63572_completo.xlsx","136_Cuenca_Ocona/_raw_reportes_xlsx/IDConfig_63572_completo.xlsx",13566,13.25,"7843971d6b923c9634b9be266f705363"
63585,"136","136_Cuenca_Ocona","IDConfig_63585_completo.xlsx","136_Cuenca_Ocona/_raw_reportes_xlsx/IDConfig_63585_completo.xlsx",50231,49.05,"8b2838dc6454458aec726ccc2f3c6c6c"
65185,"136","136_Cuenca_Ocona","IDConfig_65185_completo.xlsx","136_Cuenca_Ocona/_raw_reportes_xlsx/IDConfig_65185_completo.xlsx",53040,51.8,"a63ab3f842ade3fc56297a3678f98b85"
65209,"136","136_Cuenca_Ocona","IDConfig_65209_completo.xlsx","136_Cuenca_Ocona/_raw_reportes_xlsx/IDConfig_65209_completo.xlsx",71469,69.79,"4c7dfb0c5878ab3a148509f1b9e46749"
65323,"136","136_Cuenca_Ocona","IDConfig_65323_completo.xlsx","136_Cuenca_Ocona/_raw_reportes_xlsx/IDConfig_65323_completo.xlsx",10307,10.07,"69a31dd444c24706b2f2c0002dc2dd95"
65347,"136","136_Cuenca_Ocona","IDConfig_65347_completo.xlsx","136_Cuenca_Ocona/_raw_reportes_xlsx/IDConfig_65347_completo.xlsx",7333,7.16,"46470ef6f68df87448fdf269fdf20bc2"
52335,"13712","13712_Cuenca_Pescadores_-_Caraveli","IDConfig_52335_completo.xlsx","13712_Cuenca_Pescadores_-_Caraveli/_raw_reportes_xlsx/IDConfig_52335_completo.xlsx",57701,56.35,"5f04060b6d936700b0090402e3664814"
2457,"137159","137159_Intercuenca_137159","IDConfig_2457_completo.xlsx","137159_Intercuenca_137159/_raw_reportes_xlsx/IDConfig_2457_completo.xlsx",37021,36.15,"4861b9692112e5101a948b6f5c546a4f"
315,"13716","13716_Cuenca_Yauca","IDConfig_315_completo.xlsx","13716_Cuenca_Yauca/_raw_reportes_xlsx/IDConfig_315_completo.xlsx",42929,41.92,"e7b0d3620421fac6c46b1574740b261a"
316,"13716","13716_Cuenca_Yauca","IDConfig_316_completo.xlsx","13716_Cuenca_Yauca/_raw_reportes_xlsx/IDConfig_316_completo.xlsx",52144,50.92,"b0238790095103d52e531fe7804a0060"
3427,"13716","13716_Cuenca_Yauca","IDConfig_3427_completo.xlsx","13716_Cuenca_Yauca/_raw_reportes_xlsx/IDConfig_3427_completo.xlsx",50346,49.17,"c2a0d48a10f7a4d39c1d75f6f3dc6b60"
3480,"13716","13716_Cuenca_Yauca","IDConfig_3480_completo.xlsx","13716_Cuenca_Yauca/_raw_reportes_xlsx/IDConfig_3480_completo.xlsx",41007,40.05,"51053de4bc83596b602f945467edf2e7"
3564,"13716","13716_Cuenca_Yauca","IDConfig_3564_completo.xlsx","13716_Cuenca_Yauca/_raw_reportes_xlsx/IDConfig_3564_completo.xlsx",57375,56.03,"aa9d6ac8ed655ef8eedc2700438b0dba"
3993,"13716","13716_Cuenca_Yauca","IDConfig_3993_completo.xlsx","13716_Cuenca_Yauca/_raw_reportes_xlsx/IDConfig_3993_completo.xlsx",7373,7.2,"c2598ea9015e8670d5bc1be5afaf5c0e"
63576,"13716","13716_Cuenca_Yauca","IDConfig_63576_completo.xlsx","13716_Cuenca_Yauca/_raw_reportes_xlsx/IDConfig_63576_completo.xlsx",14037,13.71,"b2cfa8c600f7f2045fbc2dd6264a9f07"
192,"13718","13718_Cuenca_Acari","IDConfig_192_completo.xlsx","13718_Cuenca_Acari/_raw_reportes_xlsx/IDConfig_192_completo.xlsx",36611,35.75,"71115ad2d1f2be576ad224bcce4a2ae5"
369,"13718","13718_Cuenca_Acari","IDConfig_369_completo.xlsx","13718_Cuenca_Acari/_raw_reportes_xlsx/IDConfig_369_completo.xlsx",64893,63.37,"f612d806806722d3be13638b49165a4f"
898,"13718","13718_Cuenca_Acari","IDConfig_898_completo.xlsx","13718_Cuenca_Acari/_raw_reportes_xlsx/IDConfig_898_completo.xlsx",49877,48.71,"eecafcb92e4511aa9639857571571989"
1092,"13718","13718_Cuenca_Acari","IDConfig_1092_completo.xlsx","13718_Cuenca_Acari/_raw_reportes_xlsx/IDConfig_1092_completo.xlsx",14276,13.94,"ac96c833ce5df1dc525d76d2f01097bf"
1199,"13718","13718_Cuenca_Acari","IDConfig_1199_completo.xlsx","13718_Cuenca_Acari/_raw_reportes_xlsx/IDConfig_1199_completo.xlsx",46651,45.56,"cbfbf1fbcdf09baac13498513828a076"
1289,"13718","13718_Cuenca_Acari","IDConfig_1289_completo.xlsx","13718_Cuenca_Acari/_raw_reportes_xlsx/IDConfig_1289_completo.xlsx",24213,23.65,"32c461aa7f83ced9330b393c3cead672"
1457,"13718","13718_Cuenca_Acari","IDConfig_1457_completo.xlsx","13718_Cuenca_Acari/_raw_reportes_xlsx/IDConfig_1457_completo.xlsx",48783,47.64,"84e8e5b27ad1b65e189e4f095301b426"
2901,"13718","13718_Cuenca_Acari","IDConfig_2901_completo.xlsx","13718_Cuenca_Acari/_raw_reportes_xlsx/IDConfig_2901_completo.xlsx",84324,82.35,"398e6aa55d81824bd375f1e2a47c6f38"
2902,"13718","13718_Cuenca_Acari","IDConfig_2902_completo.xlsx","13718_Cuenca_Acari/_raw_reportes_xlsx/IDConfig_2902_completo.xlsx",79277,77.42,"3adb3e973ec5e882795ec7a79bafc5ae"
2984,"13718","13718_Cuenca_Acari","IDConfig_2984_completo.xlsx","13718_Cuenca_Acari/_raw_reportes_xlsx/IDConfig_2984_completo.xlsx",33471,32.69,"7b2554ab59835a177fc6189e4a703969"
3035,"13718","13718_Cuenca_Acari","IDConfig_3035_completo.xlsx","13718_Cuenca_Acari/_raw_reportes_xlsx/IDConfig_3035_completo.xlsx",17032,16.63,"78a06ab5c8b0e8ec159b5ac757e2c427"
3293,"13718","13718_Cuenca_Acari","IDConfig_3293_completo.xlsx","13718_Cuenca_Acari/_raw_reportes_xlsx/IDConfig_3293_completo.xlsx",7705,7.52,"dd313d2afcfbcd9eabcd8f760eceabf5"
3985,"13718","13718_Cuenca_Acari","IDConfig_3985_completo.xlsx","13718_Cuenca_Acari/_raw_reportes_xlsx/IDConfig_3985_completo.xlsx",86984,84.95,"87c0514cfb695b743b07414f74ce3ae5"
4105,"13718","13718_Cuenca_Acari","IDConfig_4105_completo.xlsx","13718_Cuenca_Acari/_raw_reportes_xlsx/IDConfig_4105_completo.xlsx",48804,47.66,"6c854b833981305f8c51cb9dfb828451"
7370,"13718","13718_Cuenca_Acari","IDConfig_7370_completo.xlsx","13718_Cuenca_Acari/_raw_reportes_xlsx/IDConfig_7370_completo.xlsx",95948,93.7,"841c15b2d30d490abb27b11b26e2ab6e"
63518,"13718","13718_Cuenca_Acari","IDConfig_63518_completo.xlsx","13718_Cuenca_Acari/_raw_reportes_xlsx/IDConfig_63518_completo.xlsx",76986,75.18,"707f5c08b8be4034f03faa7552ce3bc4"
63535,"13718","13718_Cuenca_Acari","IDConfig_63535_completo.xlsx","13718_Cuenca_Acari/_raw_reportes_xlsx/IDConfig_63535_completo.xlsx",13490,13.17,"ede7d9c91f03e748170598c9d4bb9658"
1533,"13719","13719_Intercuenca_13719","IDConfig_1533_completo.xlsx","13719_Intercuenca_13719/_raw_reportes_xlsx/IDConfig_1533_completo.xlsx",10907,10.65,"39dafe1c8e655fc7e646ff6288e8d1b2"
141,"1372","1372_Cuenca_Grande","IDConfig_141_completo.xlsx","1372_Cuenca_Grande/_raw_reportes_xlsx/IDConfig_141_completo.xlsx",15148,14.79,"a2e3f3bfc6d484536496b4f478c7e5c0"
568,"1372","1372_Cuenca_Grande","IDConfig_568_completo.xlsx","1372_Cuenca_Grande/_raw_reportes_xlsx/IDConfig_568_completo.xlsx",78245,76.41,"3eb62d09cff2fe455ae001f7650b8e26"
953,"1372","1372_Cuenca_Grande","IDConfig_953_completo.xlsx","1372_Cuenca_Grande/_raw_reportes_xlsx/IDConfig_953_completo.xlsx",10054,9.82,"6e52ce4769fa66a5622bbf5b407e5abb"
994,"1372","1372_Cuenca_Grande","IDConfig_994_completo.xlsx","1372_Cuenca_Grande/_raw_reportes_xlsx/IDConfig_994_completo.xlsx",50194,49.02,"7732df01176c820fa323204f473c2806"
1091,"1372","1372_Cuenca_Grande","IDConfig_1091_completo.xlsx","1372_Cuenca_Grande/_raw_reportes_xlsx/IDConfig_1091_completo.xlsx",29866,29.17,"1877ae2f900f39e3f81d1b1ace5aa6f9"
1662,"1372","1372_Cuenca_Grande","IDConfig_1662_completo.xlsx","1372_Cuenca_Grande/_raw_reportes_xlsx/IDConfig_1662_completo.xlsx",22902,22.37,"8e945290609db5a377244d35b4b14ad3"
2103,"1372","1372_Cuenca_Grande","IDConfig_2103_completo.xlsx","1372_Cuenca_Grande/_raw_reportes_xlsx/IDConfig_2103_completo.xlsx",19812,19.35,"f368e5977acc80dd36ba628f4a2f5002"
2230,"1372","1372_Cuenca_Grande","IDConfig_2230_completo.xlsx","1372_Cuenca_Grande/_raw_reportes_xlsx/IDConfig_2230_completo.xlsx",11372,11.11,"a99bb2c3e79d952daeb7892433b898e1"
2756,"1372","1372_Cuenca_Grande","IDConfig_2756_completo.xlsx","1372_Cuenca_Grande/_raw_reportes_xlsx/IDConfig_2756_completo.xlsx",66998,65.43,"37cf93842d4951284cfcb74af0de1309"
3440,"1372","1372_Cuenca_Grande","IDConfig_3440_completo.xlsx","1372_Cuenca_Grande/_raw_reportes_xlsx/IDConfig_3440_completo.xlsx",10519,10.27,"5372f283a47f8913c0f0ec4e6727d082"
3849,"1372","1372_Cuenca_Grande","IDConfig_3849_completo.xlsx","1372_Cuenca_Grande/_raw_reportes_xlsx/IDConfig_3849_completo.xlsx",19289,18.84,"52d002fa6b40c1d40d1e4e5d4fcd4199"
3850,"1372","1372_Cuenca_Grande","IDConfig_3850_completo.xlsx","1372_Cuenca_Grande/_raw_reportes_xlsx/IDConfig_3850_completo.xlsx",13767,13.44,"6c363c818f046e5fa1d2ce27ed66d558"
4242,"1372","1372_Cuenca_Grande","IDConfig_4242_completo.xlsx","1372_Cuenca_Grande/_raw_reportes_xlsx/IDConfig_4242_completo.xlsx",45002,43.95,"3a62555a0551689ea12c30b0a9c0a9af"
4278,"1372","1372_Cuenca_Grande","IDConfig_4278_completo.xlsx","1372_Cuenca_Grande/_raw_reportes_xlsx/IDConfig_4278_completo.xlsx",81121,79.22,"fd52caec1620e3019031178d2ad0d58e"
7371,"1372","1372_Cuenca_Grande","IDConfig_7371_completo.xlsx","1372_Cuenca_Grande/_raw_reportes_xlsx/IDConfig_7371_completo.xlsx",161404,157.62,"06338b521990954adcf2fbbe34da982a"
7375,"1372","1372_Cuenca_Grande","IDConfig_7375_completo.xlsx","1372_Cuenca_Grande/_raw_reportes_xlsx/IDConfig_7375_completo.xlsx",104383,101.94,"791c0ca2dc712f533c00290a50172738"
52051,"1372","1372_Cuenca_Grande","IDConfig_52051_completo.xlsx","1372_Cuenca_Grande/_raw_reportes_xlsx/IDConfig_52051_completo.xlsx",51146,49.95,"88f3954a62c4c5e72504c03fd735f102"
52115,"1372","1372_Cuenca_Grande","IDConfig_52115_completo.xlsx","1372_Cuenca_Grande/_raw_reportes_xlsx/IDConfig_52115_completo.xlsx",34996,34.18,"c834837196095c78e5221e6f1a939831"
52149,"1372","1372_Cuenca_Grande","IDConfig_52149_completo.xlsx","1372_Cuenca_Grande/_raw_reportes_xlsx/IDConfig_52149_completo.xlsx",58370,57,"1cb7ed7a1f2d8aff5ad827530255d86a"
62980,"1372","1372_Cuenca_Grande","IDConfig_62980_completo.xlsx","1372_Cuenca_Grande/_raw_reportes_xlsx/IDConfig_62980_completo.xlsx",26493,25.87,"829aca7e34308d2efb3ef562e3413330"
62983,"1372","1372_Cuenca_Grande","IDConfig_62983_completo.xlsx","1372_Cuenca_Grande/_raw_reportes_xlsx/IDConfig_62983_completo.xlsx",26910,26.28,"58d8e4ddd8b2332a24797ca4fc60b880"
63335,"1372","1372_Cuenca_Grande","IDConfig_63335_completo.xlsx","1372_Cuenca_Grande/_raw_reportes_xlsx/IDConfig_63335_completo.xlsx",8920,8.71,"872d219fa0b6fae0fc360d8fbb5e2aa9"
63505,"1372","1372_Cuenca_Grande","IDConfig_63505_completo.xlsx","1372_Cuenca_Grande/_raw_reportes_xlsx/IDConfig_63505_completo.xlsx",28051,27.39,"90e4a7afabd8c8ba8c8c6b0c29840e57"
63523,"1372","1372_Cuenca_Grande","IDConfig_63523_completo.xlsx","1372_Cuenca_Grande/_raw_reportes_xlsx/IDConfig_63523_completo.xlsx",75328,73.56,"31d20b49ec4765e9331d9714c4036e3c"
63529,"1372","1372_Cuenca_Grande","IDConfig_63529_completo.xlsx","1372_Cuenca_Grande/_raw_reportes_xlsx/IDConfig_63529_completo.xlsx",14731,14.39,"0592637bb00e677089a005146cc3c641"
63540,"1372","1372_Cuenca_Grande","IDConfig_63540_completo.xlsx","1372_Cuenca_Grande/_raw_reportes_xlsx/IDConfig_63540_completo.xlsx",65889,64.34,"f14a799574044f164767704bc42a7173"
63579,"1372","1372_Cuenca_Grande","IDConfig_63579_completo.xlsx","1372_Cuenca_Grande/_raw_reportes_xlsx/IDConfig_63579_completo.xlsx",11119,10.86,"bcd3b5a9a4c8b2fbd25d23e1ea97d5f7"
64914,"1372","1372_Cuenca_Grande","IDConfig_64914_completo.xlsx","1372_Cuenca_Grande/_raw_reportes_xlsx/IDConfig_64914_completo.xlsx",11408,11.14,"f014fc56644a24aa737fa774ba5082cf"
64939,"1372","1372_Cuenca_Grande","IDConfig_64939_completo.xlsx","1372_Cuenca_Grande/_raw_reportes_xlsx/IDConfig_64939_completo.xlsx",11395,11.13,"3ecff6601515d93c8eda8137ea08db4e"
65008,"1372","1372_Cuenca_Grande","IDConfig_65008_completo.xlsx","1372_Cuenca_Grande/_raw_reportes_xlsx/IDConfig_65008_completo.xlsx",28894,28.22,"da4a552067e2f889f3008d83d51f158a"
65033,"1372","1372_Cuenca_Grande","IDConfig_65033_completo.xlsx","1372_Cuenca_Grande/_raw_reportes_xlsx/IDConfig_65033_completo.xlsx",28430,27.76,"b5183c4e0ffb26dd958b206dfad78ab6"
67573,"1372","1372_Cuenca_Grande","IDConfig_67573_completo.xlsx","1372_Cuenca_Grande/_raw_reportes_xlsx/IDConfig_67573_completo.xlsx",9957,9.72,"cec5f3c1193ce0091d8f606effda2327"
67598,"1372","1372_Cuenca_Grande","IDConfig_67598_completo.xlsx","1372_Cuenca_Grande/_raw_reportes_xlsx/IDConfig_67598_completo.xlsx",10054,9.82,"818dcad0ffb72229a0ffd217ae70e6fa"
67674,"1372","1372_Cuenca_Grande","IDConfig_67674_completo.xlsx","1372_Cuenca_Grande/_raw_reportes_xlsx/IDConfig_67674_completo.xlsx",9774,9.54,"0ca931414b95d41d6a89425485b15f48"
67699,"1372","1372_Cuenca_Grande","IDConfig_67699_completo.xlsx","1372_Cuenca_Grande/_raw_reportes_xlsx/IDConfig_67699_completo.xlsx",9847,9.62,"f598443623a59de570edaf98a1aba669"
90,"1374","1374_Cuenca_Ica","IDConfig_90_completo.xlsx","1374_Cuenca_Ica/_raw_reportes_xlsx/IDConfig_90_completo.xlsx",82620,80.68,"187d5d8dd71c3f2e257b6adbc8ed288a"
199,"1374","1374_Cuenca_Ica","IDConfig_199_completo.xlsx","1374_Cuenca_Ica/_raw_reportes_xlsx/IDConfig_199_completo.xlsx",135643,132.46,"9b28eb1875c06a6f1fa5540c1eb2a3cf"
222,"1374","1374_Cuenca_Ica","IDConfig_222_completo.xlsx","1374_Cuenca_Ica/_raw_reportes_xlsx/IDConfig_222_completo.xlsx",13115,12.81,"fe7abdcac6464ba30961bd52d75beb53"
771,"1374","1374_Cuenca_Ica","IDConfig_771_completo.xlsx","1374_Cuenca_Ica/_raw_reportes_xlsx/IDConfig_771_completo.xlsx",18930,18.49,"a65a9fa1bf9697af877b4a27dea7705d"
1062,"1374","1374_Cuenca_Ica","IDConfig_1062_completo.xlsx","1374_Cuenca_Ica/_raw_reportes_xlsx/IDConfig_1062_completo.xlsx",25358,24.76,"c92de3fcddc642eddd74796d962eaac4"
1292,"1374","1374_Cuenca_Ica","IDConfig_1292_completo.xlsx","1374_Cuenca_Ica/_raw_reportes_xlsx/IDConfig_1292_completo.xlsx",12195,11.91,"a774cc73c67d91e9d7014ac245f2de1d"
1307,"1374","1374_Cuenca_Ica","IDConfig_1307_completo.xlsx","1374_Cuenca_Ica/_raw_reportes_xlsx/IDConfig_1307_completo.xlsx",24688,24.11,"dc22b43fb053276636b45b30bd7c0e62"
1698,"1374","1374_Cuenca_Ica","IDConfig_1698_completo.xlsx","1374_Cuenca_Ica/_raw_reportes_xlsx/IDConfig_1698_completo.xlsx",46721,45.63,"2788849c1f8f087871e4ed9172fbef8a"
1844,"1374","1374_Cuenca_Ica","IDConfig_1844_completo.xlsx","1374_Cuenca_Ica/_raw_reportes_xlsx/IDConfig_1844_completo.xlsx",67739,66.15,"341c839332064bb439e985e335427433"
1944,"1374","1374_Cuenca_Ica","IDConfig_1944_completo.xlsx","1374_Cuenca_Ica/_raw_reportes_xlsx/IDConfig_1944_completo.xlsx",20543,20.06,"dc4d1e4bba5373091885d94fb1b7a9d8"
2192,"1374","1374_Cuenca_Ica","IDConfig_2192_completo.xlsx","1374_Cuenca_Ica/_raw_reportes_xlsx/IDConfig_2192_completo.xlsx",21223,20.73,"9b1384d974ddfb9493d2b0bfd34dd2ec"
2229,"1374","1374_Cuenca_Ica","IDConfig_2229_completo.xlsx","1374_Cuenca_Ica/_raw_reportes_xlsx/IDConfig_2229_completo.xlsx",43382,42.37,"41934da99cb045cdf82e7f5a04102db4"
2474,"1374","1374_Cuenca_Ica","IDConfig_2474_completo.xlsx","1374_Cuenca_Ica/_raw_reportes_xlsx/IDConfig_2474_completo.xlsx",20297,19.82,"31bd33d5549a5305bdba7afda10d70dc"
2773,"1374","1374_Cuenca_Ica","IDConfig_2773_completo.xlsx","1374_Cuenca_Ica/_raw_reportes_xlsx/IDConfig_2773_completo.xlsx",20457,19.98,"17a4250f9de94034a73f5d52b4668ad4"
2848,"1374","1374_Cuenca_Ica","IDConfig_2848_completo.xlsx","1374_Cuenca_Ica/_raw_reportes_xlsx/IDConfig_2848_completo.xlsx",44309,43.27,"917c8bb92b00dc3a6a278c366ab9e65c"
3006,"1374","1374_Cuenca_Ica","IDConfig_3006_completo.xlsx","1374_Cuenca_Ica/_raw_reportes_xlsx/IDConfig_3006_completo.xlsx",38098,37.21,"2279439c0453357fddb47ccde4818388"
3158,"1374","1374_Cuenca_Ica","IDConfig_3158_completo.xlsx","1374_Cuenca_Ica/_raw_reportes_xlsx/IDConfig_3158_completo.xlsx",32986,32.21,"de720f83f0ab3282576e979711ddaa15"
3664,"1374","1374_Cuenca_Ica","IDConfig_3664_completo.xlsx","1374_Cuenca_Ica/_raw_reportes_xlsx/IDConfig_3664_completo.xlsx",17731,17.32,"3b3bfb3ff0c78aae7e783315522a3a1f"
3891,"1374","1374_Cuenca_Ica","IDConfig_3891_completo.xlsx","1374_Cuenca_Ica/_raw_reportes_xlsx/IDConfig_3891_completo.xlsx",6695,6.54,"fa427656c7d46dbe234159c9a36a4e9a"
4088,"1374","1374_Cuenca_Ica","IDConfig_4088_completo.xlsx","1374_Cuenca_Ica/_raw_reportes_xlsx/IDConfig_4088_completo.xlsx",56143,54.83,"0d5b2418f8bb6615602d69ab781b9d74"
7372,"1374","1374_Cuenca_Ica","IDConfig_7372_completo.xlsx","1374_Cuenca_Ica/_raw_reportes_xlsx/IDConfig_7372_completo.xlsx",141196,137.89,"815dc56beb5ad5d4be2fdd8ae01baef0"
7377,"1374","1374_Cuenca_Ica","IDConfig_7377_completo.xlsx","1374_Cuenca_Ica/_raw_reportes_xlsx/IDConfig_7377_completo.xlsx",90170,88.06,"9fd28918550a28bbe49f8d775b47dfed"
51929,"1374","1374_Cuenca_Ica","IDConfig_51929_completo.xlsx","1374_Cuenca_Ica/_raw_reportes_xlsx/IDConfig_51929_completo.xlsx",49331,48.17,"cd0a8e3ed9c80141e97ee5aa68d0f5e4"
51983,"1374","1374_Cuenca_Ica","IDConfig_51983_completo.xlsx","1374_Cuenca_Ica/_raw_reportes_xlsx/IDConfig_51983_completo.xlsx",51548,50.34,"81cf00435304f47406938ae18f605fae"
52131,"1374","1374_Cuenca_Ica","IDConfig_52131_completo.xlsx","1374_Cuenca_Ica/_raw_reportes_xlsx/IDConfig_52131_completo.xlsx",55847,54.54,"7a2e5b051cddd1d87abc7ce46c002202"
62984,"1374","1374_Cuenca_Ica","IDConfig_62984_completo.xlsx","1374_Cuenca_Ica/_raw_reportes_xlsx/IDConfig_62984_completo.xlsx",29878,29.18,"e9acc8459c8853c41f88469cf4d4607b"
63035,"1374","1374_Cuenca_Ica","IDConfig_63035_completo.xlsx","1374_Cuenca_Ica/_raw_reportes_xlsx/IDConfig_63035_completo.xlsx",24662,24.08,"4c4f5171dc5b58cde2813a88f44f8cbd"
63298,"1374","1374_Cuenca_Ica","IDConfig_63298_completo.xlsx","1374_Cuenca_Ica/_raw_reportes_xlsx/IDConfig_63298_completo.xlsx",8786,8.58,"e52ca8ebb5f1356001e8e35226f1063c"
63336,"1374","1374_Cuenca_Ica","IDConfig_63336_completo.xlsx","1374_Cuenca_Ica/_raw_reportes_xlsx/IDConfig_63336_completo.xlsx",9564,9.34,"11d708af02037bf011b7caed0f1d4058"
63344,"1374","1374_Cuenca_Ica","IDConfig_63344_completo.xlsx","1374_Cuenca_Ica/_raw_reportes_xlsx/IDConfig_63344_completo.xlsx",5575,5.44,"99b9957e93ceda06c4ad5453f482ccc2"
63507,"1374","1374_Cuenca_Ica","IDConfig_63507_completo.xlsx","1374_Cuenca_Ica/_raw_reportes_xlsx/IDConfig_63507_completo.xlsx",10705,10.45,"a11feb0f1ab00944feb8953a0ce38c5f"
63517,"1374","1374_Cuenca_Ica","IDConfig_63517_completo.xlsx","1374_Cuenca_Ica/_raw_reportes_xlsx/IDConfig_63517_completo.xlsx",68440,66.84,"f96220efc9de7f1e5e3666dd6825bdf7"
63564,"1374","1374_Cuenca_Ica","IDConfig_63564_completo.xlsx","1374_Cuenca_Ica/_raw_reportes_xlsx/IDConfig_63564_completo.xlsx",18816,18.38,"b70ca8c73717ab46cd8577abc5dc6ca5"
63570,"1374","1374_Cuenca_Ica","IDConfig_63570_completo.xlsx","1374_Cuenca_Ica/_raw_reportes_xlsx/IDConfig_63570_completo.xlsx",70960,69.3,"4d1b961338b3f893d7c55759ad0d1712"
63581,"1374","1374_Cuenca_Ica","IDConfig_63581_completo.xlsx","1374_Cuenca_Ica/_raw_reportes_xlsx/IDConfig_63581_completo.xlsx",28115,27.46,"0443eaf2edc1117ac9a89ecbbba3aef9"
64913,"1374","1374_Cuenca_Ica","IDConfig_64913_completo.xlsx","1374_Cuenca_Ica/_raw_reportes_xlsx/IDConfig_64913_completo.xlsx",11538,11.27,"de5ba6d5fc004a3011c1741db1186958"
64946,"1374","1374_Cuenca_Ica","IDConfig_64946_completo.xlsx","1374_Cuenca_Ica/_raw_reportes_xlsx/IDConfig_64946_completo.xlsx",11482,11.21,"f2240d9e62491e6544830a885e8803b5"
64985,"1374","1374_Cuenca_Ica","IDConfig_64985_completo.xlsx","1374_Cuenca_Ica/_raw_reportes_xlsx/IDConfig_64985_completo.xlsx",13099,12.79,"dcf2f1132de7957660a5d0bc8069c649"
65007,"1374","1374_Cuenca_Ica","IDConfig_65007_completo.xlsx","1374_Cuenca_Ica/_raw_reportes_xlsx/IDConfig_65007_completo.xlsx",42871,41.87,"c995433fd7ce248c9af026085a6014d6"
65040,"1374","1374_Cuenca_Ica","IDConfig_65040_completo.xlsx","1374_Cuenca_Ica/_raw_reportes_xlsx/IDConfig_65040_completo.xlsx",31756,31.01,"7f0bc65486e65e1211a7b4a0507f78a4"
65079,"1374","1374_Cuenca_Ica","IDConfig_65079_completo.xlsx","1374_Cuenca_Ica/_raw_reportes_xlsx/IDConfig_65079_completo.xlsx",127822,124.83,"0c9dbcd8ce1a5447adfdb6d0bc077c92"
67572,"1374","1374_Cuenca_Ica","IDConfig_67572_completo.xlsx","1374_Cuenca_Ica/_raw_reportes_xlsx/IDConfig_67572_completo.xlsx",10915,10.66,"fa51930d3d19eb098999aa23d2207f61"
67605,"1374","1374_Cuenca_Ica","IDConfig_67605_completo.xlsx","1374_Cuenca_Ica/_raw_reportes_xlsx/IDConfig_67605_completo.xlsx",10600,10.35,"d3b9a6054586c8346b9d7a390b3789ee"
67644,"1374","1374_Cuenca_Ica","IDConfig_67644_completo.xlsx","1374_Cuenca_Ica/_raw_reportes_xlsx/IDConfig_67644_completo.xlsx",12465,12.17,"86a83ede7ad0b153dae7eb8edf125ab1"
67673,"1374","1374_Cuenca_Ica","IDConfig_67673_completo.xlsx","1374_Cuenca_Ica/_raw_reportes_xlsx/IDConfig_67673_completo.xlsx",10756,10.5,"ca422e9ab6de876349d1f188eaea542a"
67706,"1374","1374_Cuenca_Ica","IDConfig_67706_completo.xlsx","1374_Cuenca_Ica/_raw_reportes_xlsx/IDConfig_67706_completo.xlsx",10366,10.12,"d9f1eb908354152a68ef6be40c81195b"
67745,"1374","1374_Cuenca_Ica","IDConfig_67745_completo.xlsx","1374_Cuenca_Ica/_raw_reportes_xlsx/IDConfig_67745_completo.xlsx",12214,11.93,"09b37f9d9533088a73f3191d2c439b80"
627,"13751","13751_Intercuenca_13751","IDConfig_627_completo.xlsx","13751_Intercuenca_13751/_raw_reportes_xlsx/IDConfig_627_completo.xlsx",10109,9.87,"81eb0f221dfbce82cc0485f009a3617d"
894,"13751","13751_Intercuenca_13751","IDConfig_894_completo.xlsx","13751_Intercuenca_13751/_raw_reportes_xlsx/IDConfig_894_completo.xlsx",67924,66.33,"bd9bb6178fc85786e0eea3d7a6cd6668"
85,"13752","13752_Cuenca_Pisco","IDConfig_85_completo.xlsx","13752_Cuenca_Pisco/_raw_reportes_xlsx/IDConfig_85_completo.xlsx",53878,52.62,"dd0a34e44c684e2b682db68f5f31adb5"
310,"13752","13752_Cuenca_Pisco","IDConfig_310_completo.xlsx","13752_Cuenca_Pisco/_raw_reportes_xlsx/IDConfig_310_completo.xlsx",45731,44.66,"257a5010d35e92bb4f2ff4a867bb5d3c"
1592,"13752","13752_Cuenca_Pisco","IDConfig_1592_completo.xlsx","13752_Cuenca_Pisco/_raw_reportes_xlsx/IDConfig_1592_completo.xlsx",121811,118.96,"e7a5fec10a75a77124b23ac3c29c5c70"
1843,"13752","13752_Cuenca_Pisco","IDConfig_1843_completo.xlsx","13752_Cuenca_Pisco/_raw_reportes_xlsx/IDConfig_1843_completo.xlsx",17283,16.88,"6a2539ece96a7b061107b779fbc505db"
1970,"13752","13752_Cuenca_Pisco","IDConfig_1970_completo.xlsx","13752_Cuenca_Pisco/_raw_reportes_xlsx/IDConfig_1970_completo.xlsx",9800,9.57,"19c97e035d1b0908fc82482f268e01b8"
2732,"13752","13752_Cuenca_Pisco","IDConfig_2732_completo.xlsx","13752_Cuenca_Pisco/_raw_reportes_xlsx/IDConfig_2732_completo.xlsx",45436,44.37,"656fd7de07b9171dc00cefa5a715a7e9"
2754,"13752","13752_Cuenca_Pisco","IDConfig_2754_completo.xlsx","13752_Cuenca_Pisco/_raw_reportes_xlsx/IDConfig_2754_completo.xlsx",61556,60.11,"4fed190ba7030f062444e7c122e2f1c7"
2980,"13752","13752_Cuenca_Pisco","IDConfig_2980_completo.xlsx","13752_Cuenca_Pisco/_raw_reportes_xlsx/IDConfig_2980_completo.xlsx",44851,43.8,"85b5a20aaa367277acf5c68791313995"
4244,"13752","13752_Cuenca_Pisco","IDConfig_4244_completo.xlsx","13752_Cuenca_Pisco/_raw_reportes_xlsx/IDConfig_4244_completo.xlsx",14650,14.31,"811bbad68d42d2cd45f8e0bd97fff473"
7641,"13752","13752_Cuenca_Pisco","IDConfig_7641_completo.xlsx","13752_Cuenca_Pisco/_raw_reportes_xlsx/IDConfig_7641_completo.xlsx",18015,17.59,"5043662d692410aa9f9ce710aee8a31b"
7642,"13752","13752_Cuenca_Pisco","IDConfig_7642_completo.xlsx","13752_Cuenca_Pisco/_raw_reportes_xlsx/IDConfig_7642_completo.xlsx",163801,159.96,"377423c2224d9bb29e440029a0994572"
52641,"13752","13752_Cuenca_Pisco","IDConfig_52641_completo.xlsx","13752_Cuenca_Pisco/_raw_reportes_xlsx/IDConfig_52641_completo.xlsx",47393,46.28,"7b26c8ab739b8b51057b129e045f5b4f"
63545,"13752","13752_Cuenca_Pisco","IDConfig_63545_completo.xlsx","13752_Cuenca_Pisco/_raw_reportes_xlsx/IDConfig_63545_completo.xlsx",43443,42.42,"3ed0e835e51032a082ec3542fb7bded4"
63566,"13752","13752_Cuenca_Pisco","IDConfig_63566_completo.xlsx","13752_Cuenca_Pisco/_raw_reportes_xlsx/IDConfig_63566_completo.xlsx",23975,23.41,"cc07f495aa493cf387d071f1cb28d0fb"
63577,"13752","13752_Cuenca_Pisco","IDConfig_63577_completo.xlsx","13752_Cuenca_Pisco/_raw_reportes_xlsx/IDConfig_63577_completo.xlsx",66566,65.01,"3fa7df27d6930b1d9ba0d89b3f249548"
64945,"13752","13752_Cuenca_Pisco","IDConfig_64945_completo.xlsx","13752_Cuenca_Pisco/_raw_reportes_xlsx/IDConfig_64945_completo.xlsx",13797,13.47,"ae9b6f5b7d8cd58793562d3e74796e9f"
65039,"13752","13752_Cuenca_Pisco","IDConfig_65039_completo.xlsx","13752_Cuenca_Pisco/_raw_reportes_xlsx/IDConfig_65039_completo.xlsx",161194,157.42,"10aa77b63fb7fe25fad27c9204a9b55a"
67604,"13752","13752_Cuenca_Pisco","IDConfig_67604_completo.xlsx","13752_Cuenca_Pisco/_raw_reportes_xlsx/IDConfig_67604_completo.xlsx",12755,12.46,"67f3e4bd46cf9fe4cd26513d11265dbc"
67705,"13752","13752_Cuenca_Pisco","IDConfig_67705_completo.xlsx","13752_Cuenca_Pisco/_raw_reportes_xlsx/IDConfig_67705_completo.xlsx",12422,12.13,"8cf3e0626583530ca2f744bf3b85ac89"
1293,"137532","137532_Cuenca_San_Juan","IDConfig_1293_completo.xlsx","137532_Cuenca_San_Juan/_raw_reportes_xlsx/IDConfig_1293_completo.xlsx",4758,4.65,"220b8d77ca7682a42a638009d8bc6ed9"
1524,"137532","137532_Cuenca_San_Juan","IDConfig_1524_completo.xlsx","137532_Cuenca_San_Juan/_raw_reportes_xlsx/IDConfig_1524_completo.xlsx",77253,75.44,"f4eae9f45efc15d1c69ec079b7f128c3"
2356,"137532","137532_Cuenca_San_Juan","IDConfig_2356_completo.xlsx","137532_Cuenca_San_Juan/_raw_reportes_xlsx/IDConfig_2356_completo.xlsx",20157,19.68,"b6ba05b1938e620ba246b813bca7e669"
2495,"137532","137532_Cuenca_San_Juan","IDConfig_2495_completo.xlsx","137532_Cuenca_San_Juan/_raw_reportes_xlsx/IDConfig_2495_completo.xlsx",36572,35.71,"4cd11fbfad905cd4f618c7be9ad672df"
2632,"137532","137532_Cuenca_San_Juan","IDConfig_2632_completo.xlsx","137532_Cuenca_San_Juan/_raw_reportes_xlsx/IDConfig_2632_completo.xlsx",36128,35.28,"7dc84ad4e1bf5eab7c64223f349d8553"
2881,"137532","137532_Cuenca_San_Juan","IDConfig_2881_completo.xlsx","137532_Cuenca_San_Juan/_raw_reportes_xlsx/IDConfig_2881_completo.xlsx",46741,45.65,"c2738ec7288513bf9604e5853f248d66"
2897,"137532","137532_Cuenca_San_Juan","IDConfig_2897_completo.xlsx","137532_Cuenca_San_Juan/_raw_reportes_xlsx/IDConfig_2897_completo.xlsx",70007,68.37,"594fa7d5daf4acf215102359f5a3bbe7"
3665,"137532","137532_Cuenca_San_Juan","IDConfig_3665_completo.xlsx","137532_Cuenca_San_Juan/_raw_reportes_xlsx/IDConfig_3665_completo.xlsx",38964,38.05,"f76a2b1c1526bae8a5d52c2298edeb9d"
52093,"137532","137532_Cuenca_San_Juan","IDConfig_52093_completo.xlsx","137532_Cuenca_San_Juan/_raw_reportes_xlsx/IDConfig_52093_completo.xlsx",52962,51.72,"b5ab60102eb2a4507d26f0376668de53"
52341,"137532","137532_Cuenca_San_Juan","IDConfig_52341_completo.xlsx","137532_Cuenca_San_Juan/_raw_reportes_xlsx/IDConfig_52341_completo.xlsx",37352,36.48,"b4c549c88cc05fcda9f9cd8d2c638c9a"
63538,"137532","137532_Cuenca_San_Juan","IDConfig_63538_completo.xlsx","137532_Cuenca_San_Juan/_raw_reportes_xlsx/IDConfig_63538_completo.xlsx",64817,63.3,"0a8b25ed56c50e7195562bbb4a058a70"
63563,"137532","137532_Cuenca_San_Juan","IDConfig_63563_completo.xlsx","137532_Cuenca_San_Juan/_raw_reportes_xlsx/IDConfig_63563_completo.xlsx",59095,57.71,"9a106492470d5435bf9c5c0ac4e0b206"
63565,"137532","137532_Cuenca_San_Juan","IDConfig_63565_completo.xlsx","137532_Cuenca_San_Juan/_raw_reportes_xlsx/IDConfig_63565_completo.xlsx",13151,12.84,"038a38edfdf108101a3d2f36bcfcbdd6"
123,"13754","13754_Cuenca_Canete","IDConfig_123_completo.xlsx","13754_Cuenca_Canete/_raw_reportes_xlsx/IDConfig_123_completo.xlsx",152235,148.67,"97f91935eebf77b7f613fa0b09b20cb3"
368,"13754","13754_Cuenca_Canete","IDConfig_368_completo.xlsx","13754_Cuenca_Canete/_raw_reportes_xlsx/IDConfig_368_completo.xlsx",29036,28.36,"e2a208c5f92966dc870ac31b1f6bc1fe"
506,"13754","13754_Cuenca_Canete","IDConfig_506_completo.xlsx","13754_Cuenca_Canete/_raw_reportes_xlsx/IDConfig_506_completo.xlsx",23839,23.28,"e9ea52aa6c8cfae6dbd86a3e019bf852"
792,"13754","13754_Cuenca_Canete","IDConfig_792_completo.xlsx","13754_Cuenca_Canete/_raw_reportes_xlsx/IDConfig_792_completo.xlsx",7562,7.38,"31fb3418345ef6fb7ccdde9394b1dac7"
1338,"13754","13754_Cuenca_Canete","IDConfig_1338_completo.xlsx","13754_Cuenca_Canete/_raw_reportes_xlsx/IDConfig_1338_completo.xlsx",153772,150.17,"46331a368a3b5929f2b21efe89e927ef"
1468,"13754","13754_Cuenca_Canete","IDConfig_1468_completo.xlsx","13754_Cuenca_Canete/_raw_reportes_xlsx/IDConfig_1468_completo.xlsx",20387,19.91,"a00d73c1001b8368359fb445a7a4ee52"
1805,"13754","13754_Cuenca_Canete","IDConfig_1805_completo.xlsx","13754_Cuenca_Canete/_raw_reportes_xlsx/IDConfig_1805_completo.xlsx",10145,9.91,"b38ab73bae11b0c9f26fbcebab47ab2d"
1826,"13754","13754_Cuenca_Canete","IDConfig_1826_completo.xlsx","13754_Cuenca_Canete/_raw_reportes_xlsx/IDConfig_1826_completo.xlsx",136136,132.95,"98b34c99bd82358cec17586ea3543226"
1858,"13754","13754_Cuenca_Canete","IDConfig_1858_completo.xlsx","13754_Cuenca_Canete/_raw_reportes_xlsx/IDConfig_1858_completo.xlsx",10343,10.1,"eb778793d8cb37aca0fb359c42cb0a1d"
2492,"13754","13754_Cuenca_Canete","IDConfig_2492_completo.xlsx","13754_Cuenca_Canete/_raw_reportes_xlsx/IDConfig_2492_completo.xlsx",65250,63.72,"1e89ec95a770cb0cb5c58d8bf819d538"
2665,"13754","13754_Cuenca_Canete","IDConfig_2665_completo.xlsx","13754_Cuenca_Canete/_raw_reportes_xlsx/IDConfig_2665_completo.xlsx",66089,64.54,"0b31d5c47fba57d0c43f83af6c2eee6f"
3563,"13754","13754_Cuenca_Canete","IDConfig_3563_completo.xlsx","13754_Cuenca_Canete/_raw_reportes_xlsx/IDConfig_3563_completo.xlsx",43838,42.81,"76c677575f84d17b49fedb4b0e7b17df"
3582,"13754","13754_Cuenca_Canete","IDConfig_3582_completo.xlsx","13754_Cuenca_Canete/_raw_reportes_xlsx/IDConfig_3582_completo.xlsx",140529,137.24,"abe3f5c58c9a85b4ff98308b8921e6dd"
3827,"13754","13754_Cuenca_Canete","IDConfig_3827_completo.xlsx","13754_Cuenca_Canete/_raw_reportes_xlsx/IDConfig_3827_completo.xlsx",15394,15.03,"93ea624c2be992f5acd017e876de3981"
4129,"13754","13754_Cuenca_Canete","IDConfig_4129_completo.xlsx","13754_Cuenca_Canete/_raw_reportes_xlsx/IDConfig_4129_completo.xlsx",8834,8.63,"ea1ced5d224e75f4d3c2f8ec1017a3cd"
7283,"13754","13754_Cuenca_Canete","IDConfig_7283_completo.xlsx","13754_Cuenca_Canete/_raw_reportes_xlsx/IDConfig_7283_completo.xlsx",5053,4.93,"912933f7dd395642e3a02182ce4e83ea"
7945,"13754","13754_Cuenca_Canete","IDConfig_7945_completo.xlsx","13754_Cuenca_Canete/_raw_reportes_xlsx/IDConfig_7945_completo.xlsx",186047,181.69,"45cea0b45091bb3861324290c1cff638"
7965,"13754","13754_Cuenca_Canete","IDConfig_7965_completo.xlsx","13754_Cuenca_Canete/_raw_reportes_xlsx/IDConfig_7965_completo.xlsx",287482,280.74,"f0a3e5e5b7041452f1df442242024451"
51813,"13754","13754_Cuenca_Canete","IDConfig_51813_completo.xlsx","13754_Cuenca_Canete/_raw_reportes_xlsx/IDConfig_51813_completo.xlsx",83521,81.56,"2e7ff9df0a9ce6c918fb18ac6cefc4eb"
52238,"13754","13754_Cuenca_Canete","IDConfig_52238_completo.xlsx","13754_Cuenca_Canete/_raw_reportes_xlsx/IDConfig_52238_completo.xlsx",87402,85.35,"c70bde4e1ed2190f2d53a72b5e31b921"
52318,"13754","13754_Cuenca_Canete","IDConfig_52318_completo.xlsx","13754_Cuenca_Canete/_raw_reportes_xlsx/IDConfig_52318_completo.xlsx",61243,59.81,"bc00306cc8f6fb79adc3fbd4e606a056"
52399,"13754","13754_Cuenca_Canete","IDConfig_52399_completo.xlsx","13754_Cuenca_Canete/_raw_reportes_xlsx/IDConfig_52399_completo.xlsx",88211,86.14,"9cb7474ae774d05ff9e5f7c91704b8f3"
52467,"13754","13754_Cuenca_Canete","IDConfig_52467_completo.xlsx","13754_Cuenca_Canete/_raw_reportes_xlsx/IDConfig_52467_completo.xlsx",52905,51.67,"2a35f53ebe4c3f5a24423c8b5cca519d"
62892,"13754","13754_Cuenca_Canete","IDConfig_62892_completo.xlsx","13754_Cuenca_Canete/_raw_reportes_xlsx/IDConfig_62892_completo.xlsx",146217,142.79,"4aacabcbdc23fc40ed6220d8079b93d1"
63331,"13754","13754_Cuenca_Canete","IDConfig_63331_completo.xlsx","13754_Cuenca_Canete/_raw_reportes_xlsx/IDConfig_63331_completo.xlsx",9801,9.57,"1c0011b1ab0147eed82f6235cf008a1e"
63522,"13754","13754_Cuenca_Canete","IDConfig_63522_completo.xlsx","13754_Cuenca_Canete/_raw_reportes_xlsx/IDConfig_63522_completo.xlsx",11085,10.83,"014d80b424952c1b53d899803e26e57f"
63562,"13754","13754_Cuenca_Canete","IDConfig_63562_completo.xlsx","13754_Cuenca_Canete/_raw_reportes_xlsx/IDConfig_63562_completo.xlsx",11836,11.56,"766e56490214a8498f5b6f5598833ce0"
64975,"13754","13754_Cuenca_Canete","IDConfig_64975_completo.xlsx","13754_Cuenca_Canete/_raw_reportes_xlsx/IDConfig_64975_completo.xlsx",13782,13.46,"34d4d987003a086338fbc19f4b50ee24"
65069,"13754","13754_Cuenca_Canete","IDConfig_65069_completo.xlsx","13754_Cuenca_Canete/_raw_reportes_xlsx/IDConfig_65069_completo.xlsx",150231,146.71,"a420f6b121a44d0adba0cc28141f75ef"
67634,"13754","13754_Cuenca_Canete","IDConfig_67634_completo.xlsx","13754_Cuenca_Canete/_raw_reportes_xlsx/IDConfig_67634_completo.xlsx",12387,12.1,"552e9cc078dc5852e7a8c1ec44e83dbf"
67735,"13754","13754_Cuenca_Canete","IDConfig_67735_completo.xlsx","13754_Cuenca_Canete/_raw_reportes_xlsx/IDConfig_67735_completo.xlsx",12250,11.96,"3ef4489b7747e2b58ce6828d9649b9a0"
1776,"1375511","1375511_Intercuenca_1375511","IDConfig_1776_completo.xlsx","1375511_Intercuenca_1375511/_raw_reportes_xlsx/IDConfig_1776_completo.xlsx",40943,39.98,"d84113163b8234b95c676a29138a0d11"
5722,"1375511","1375511_Intercuenca_1375511","IDConfig_5722_completo.xlsx","1375511_Intercuenca_1375511/_raw_reportes_xlsx/IDConfig_5722_completo.xlsx",85326,83.33,"1a8aee5e94bd5a01091b6896726bfaf4"
1060,"1375512","1375512_Cuenca_Omas","IDConfig_1060_completo.xlsx","1375512_Cuenca_Omas/_raw_reportes_xlsx/IDConfig_1060_completo.xlsx",47462,46.35,"10a65dfff3bbc5261dac4c1f20b14d42"
181,"137552","137552_Cuenca_Mala","IDConfig_181_completo.xlsx","137552_Cuenca_Mala/_raw_reportes_xlsx/IDConfig_181_completo.xlsx",127434,124.45,"b4f9a0763c02c0f08ebe360884e8091e"
603,"137552","137552_Cuenca_Mala","IDConfig_603_completo.xlsx","137552_Cuenca_Mala/_raw_reportes_xlsx/IDConfig_603_completo.xlsx",88333,86.26,"fd972b293c28ffc369c6c94d0ec4b128"
2228,"137552","137552_Cuenca_Mala","IDConfig_2228_completo.xlsx","137552_Cuenca_Mala/_raw_reportes_xlsx/IDConfig_2228_completo.xlsx",20181,19.71,"89b7928c59c50c10d804062b30b6fa08"
2355,"137552","137552_Cuenca_Mala","IDConfig_2355_completo.xlsx","137552_Cuenca_Mala/_raw_reportes_xlsx/IDConfig_2355_completo.xlsx",32980,32.21,"56cb44905e2531848d71f862d6a02004"
2507,"137552","137552_Cuenca_Mala","IDConfig_2507_completo.xlsx","137552_Cuenca_Mala/_raw_reportes_xlsx/IDConfig_2507_completo.xlsx",98194,95.89,"cbb86fd1cb4e01d9acf571257216eb71"
7966,"137552","137552_Cuenca_Mala","IDConfig_7966_completo.xlsx","137552_Cuenca_Mala/_raw_reportes_xlsx/IDConfig_7966_completo.xlsx",303661,296.54,"dc49cddb878fe1a10ccc62c1045b2e8b"
51987,"137552","137552_Cuenca_Mala","IDConfig_51987_completo.xlsx","137552_Cuenca_Mala/_raw_reportes_xlsx/IDConfig_51987_completo.xlsx",61850,60.4,"d530342d34b1320949c466573a31c892"
52406,"137552","137552_Cuenca_Mala","IDConfig_52406_completo.xlsx","137552_Cuenca_Mala/_raw_reportes_xlsx/IDConfig_52406_completo.xlsx",79645,77.78,"3ec9cdf1f6cb60fd9e70cfd774fc3b8c"
52442,"137552","137552_Cuenca_Mala","IDConfig_52442_completo.xlsx","137552_Cuenca_Mala/_raw_reportes_xlsx/IDConfig_52442_completo.xlsx",79479,77.62,"5d802be32b819dbc1e4d4c7cfecac305"
62981,"137552","137552_Cuenca_Mala","IDConfig_62981_completo.xlsx","137552_Cuenca_Mala/_raw_reportes_xlsx/IDConfig_62981_completo.xlsx",20867,20.38,"412a1c527801febe816e6ccb3eca8d1d"
64023,"137552","137552_Cuenca_Mala","IDConfig_64023_completo.xlsx","137552_Cuenca_Mala/_raw_reportes_xlsx/IDConfig_64023_completo.xlsx",94184,91.98,"2fc63d6b883da0b30acdd1fc2f3f8dc6"
64024,"137552","137552_Cuenca_Mala","IDConfig_64024_completo.xlsx","137552_Cuenca_Mala/_raw_reportes_xlsx/IDConfig_64024_completo.xlsx",6160,6.02,"b46f6abc9dacb1ba37ba1dd29436b13b"
64942,"137552","137552_Cuenca_Mala","IDConfig_64942_completo.xlsx","137552_Cuenca_Mala/_raw_reportes_xlsx/IDConfig_64942_completo.xlsx",12831,12.53,"7f3b8a2db90cb42bc9ae2511614e11ee"
65036,"137552","137552_Cuenca_Mala","IDConfig_65036_completo.xlsx","137552_Cuenca_Mala/_raw_reportes_xlsx/IDConfig_65036_completo.xlsx",120154,117.34,"9fcab4aadc9784206489f3273696921b"
67601,"137552","137552_Cuenca_Mala","IDConfig_67601_completo.xlsx","137552_Cuenca_Mala/_raw_reportes_xlsx/IDConfig_67601_completo.xlsx",11776,11.5,"167cb33e0b966fb99ef933be74911302"
67702,"137552","137552_Cuenca_Mala","IDConfig_67702_completo.xlsx","137552_Cuenca_Mala/_raw_reportes_xlsx/IDConfig_67702_completo.xlsx",11462,11.19,"48879b91b1a600828a37906ab1f20d44"
84,"1375534","1375534_Cuenca_Lurin","IDConfig_84_completo.xlsx","1375534_Cuenca_Lurin/_raw_reportes_xlsx/IDConfig_84_completo.xlsx",21161,20.67,"c716f8344838a6ed50bd7626eaa07d63"
218,"1375534","1375534_Cuenca_Lurin","IDConfig_218_completo.xlsx","1375534_Cuenca_Lurin/_raw_reportes_xlsx/IDConfig_218_completo.xlsx",43224,42.21,"990bb0ab537183908f629bb092d4e39b"
602,"1375534","1375534_Cuenca_Lurin","IDConfig_602_completo.xlsx","1375534_Cuenca_Lurin/_raw_reportes_xlsx/IDConfig_602_completo.xlsx",41230,40.26,"0cc3030244d98bc8c599188063b7b1b4"
1467,"1375534","1375534_Cuenca_Lurin","IDConfig_1467_completo.xlsx","1375534_Cuenca_Lurin/_raw_reportes_xlsx/IDConfig_1467_completo.xlsx",50902,49.71,"72daf940ebc2da3e86e288abaab368e6"
1651,"1375534","1375534_Cuenca_Lurin","IDConfig_1651_completo.xlsx","1375534_Cuenca_Lurin/_raw_reportes_xlsx/IDConfig_1651_completo.xlsx",11009,10.75,"711fb459a2fac25c8222e78f9f1c43c4"
1716,"1375534","1375534_Cuenca_Lurin","IDConfig_1716_completo.xlsx","1375534_Cuenca_Lurin/_raw_reportes_xlsx/IDConfig_1716_completo.xlsx",26971,26.34,"52ba85d3687a454d5aab62c14741659c"
1841,"1375534","1375534_Cuenca_Lurin","IDConfig_1841_completo.xlsx","1375534_Cuenca_Lurin/_raw_reportes_xlsx/IDConfig_1841_completo.xlsx",10629,10.38,"ebe0d8bf11d1be409a1fea5e6b822014"
2506,"1375534","1375534_Cuenca_Lurin","IDConfig_2506_completo.xlsx","1375534_Cuenca_Lurin/_raw_reportes_xlsx/IDConfig_2506_completo.xlsx",4303,4.2,"80fc877630b082c782dd48d1ffebc49c"
7290,"1375534","1375534_Cuenca_Lurin","IDConfig_7290_completo.xlsx","1375534_Cuenca_Lurin/_raw_reportes_xlsx/IDConfig_7290_completo.xlsx",9401,9.18,"ce04cf6f7e6d8fc1fd346927675f6064"
7291,"1375534","1375534_Cuenca_Lurin","IDConfig_7291_completo.xlsx","1375534_Cuenca_Lurin/_raw_reportes_xlsx/IDConfig_7291_completo.xlsx",24265,23.7,"5659f49dd85087322fc540bf3e20ac34"
7435,"1375534","1375534_Cuenca_Lurin","IDConfig_7435_completo.xlsx","1375534_Cuenca_Lurin/_raw_reportes_xlsx/IDConfig_7435_completo.xlsx",51791,50.58,"e5365e7aa7038ee89c2e82dc6d534b51"
7968,"1375534","1375534_Cuenca_Lurin","IDConfig_7968_completo.xlsx","1375534_Cuenca_Lurin/_raw_reportes_xlsx/IDConfig_7968_completo.xlsx",218938,213.81,"a4cca34802516946dc36e069205b60c8"
8140,"1375534","1375534_Cuenca_Lurin","IDConfig_8140_completo.xlsx","1375534_Cuenca_Lurin/_raw_reportes_xlsx/IDConfig_8140_completo.xlsx",221495,216.3,"34a46e2f08dea6ac46d313644ca8aaf5"
51887,"1375534","1375534_Cuenca_Lurin","IDConfig_51887_completo.xlsx","1375534_Cuenca_Lurin/_raw_reportes_xlsx/IDConfig_51887_completo.xlsx",56796,55.46,"07d1af45c21a46f01dc0d7fa8a80ae52"
52094,"1375534","1375534_Cuenca_Lurin","IDConfig_52094_completo.xlsx","1375534_Cuenca_Lurin/_raw_reportes_xlsx/IDConfig_52094_completo.xlsx",77855,76.03,"0eaae3c8067f206034a040f58d23c2c5"
52367,"1375534","1375534_Cuenca_Lurin","IDConfig_52367_completo.xlsx","1375534_Cuenca_Lurin/_raw_reportes_xlsx/IDConfig_52367_completo.xlsx",76250,74.46,"ed6ff4b86ce57ba5cb37e4bb23a8f25a"
52534,"1375534","1375534_Cuenca_Lurin","IDConfig_52534_completo.xlsx","1375534_Cuenca_Lurin/_raw_reportes_xlsx/IDConfig_52534_completo.xlsx",67150,65.58,"a0413105a3aa03e8e63d4a1e5bbdaada"
63323,"1375534","1375534_Cuenca_Lurin","IDConfig_63323_completo.xlsx","1375534_Cuenca_Lurin/_raw_reportes_xlsx/IDConfig_63323_completo.xlsx",8193,8,"af6efdba400cd0b181c6ab1090f7bd33"
67404,"1375534","1375534_Cuenca_Lurin","IDConfig_67404_completo.xlsx","1375534_Cuenca_Lurin/_raw_reportes_xlsx/IDConfig_67404_completo.xlsx",12720,12.42,"6dc31e970e76f29a7ecd3d8b5047093d"
67405,"1375534","1375534_Cuenca_Lurin","IDConfig_67405_completo.xlsx","1375534_Cuenca_Lurin/_raw_reportes_xlsx/IDConfig_67405_completo.xlsx",137369,134.15,"a76f90cde99772e2a7d3a43cf38d8843"
67658,"1375534","1375534_Cuenca_Lurin","IDConfig_67658_completo.xlsx","1375534_Cuenca_Lurin/_raw_reportes_xlsx/IDConfig_67658_completo.xlsx",11630,11.36,"e944b527c62bc0f9c851d84ee0290a50"
67759,"1375534","1375534_Cuenca_Lurin","IDConfig_67759_completo.xlsx","1375534_Cuenca_Lurin/_raw_reportes_xlsx/IDConfig_67759_completo.xlsx",11347,11.08,"6f0b626777363dbb3e1d138f729794b8"
1337,"1375539","1375539_Intercuenca_1375539","IDConfig_1337_completo.xlsx","1375539_Intercuenca_1375539/_raw_reportes_xlsx/IDConfig_1337_completo.xlsx",5533,5.4,"569c160d38e079dc697355ae0088ce2c"
1417,"1375539","1375539_Intercuenca_1375539","IDConfig_1417_completo.xlsx","1375539_Intercuenca_1375539/_raw_reportes_xlsx/IDConfig_1417_completo.xlsx",13993,13.67,"278bbac9462c2ef40ab28f877bb17f61"
5741,"1375539","1375539_Intercuenca_1375539","IDConfig_5741_completo.xlsx","1375539_Intercuenca_1375539/_raw_reportes_xlsx/IDConfig_5741_completo.xlsx",27854,27.2,"d655c9a485e2612af5849b2e0f34110e"
7315,"1375539","1375539_Intercuenca_1375539","IDConfig_7315_completo.xlsx","1375539_Intercuenca_1375539/_raw_reportes_xlsx/IDConfig_7315_completo.xlsx",21209,20.71,"d89d1503674f45b5c5b98861bd1bb831"
130,"137554","137554_Cuenca_Rimac","IDConfig_130_completo.xlsx","137554_Cuenca_Rimac/_raw_reportes_xlsx/IDConfig_130_completo.xlsx",3436,3.36,"9bcf870ac84b676275620b80828d343b"
367,"137554","137554_Cuenca_Rimac","IDConfig_367_completo.xlsx","137554_Cuenca_Rimac/_raw_reportes_xlsx/IDConfig_367_completo.xlsx",12664,12.37,"2d145f2ff9bcb297358b574621631da5"
455,"137554","137554_Cuenca_Rimac","IDConfig_455_completo.xlsx","137554_Cuenca_Rimac/_raw_reportes_xlsx/IDConfig_455_completo.xlsx",28877,28.2,"1557499d29bdb486ba06c0ef31d25afa"
815,"137554","137554_Cuenca_Rimac","IDConfig_815_completo.xlsx","137554_Cuenca_Rimac/_raw_reportes_xlsx/IDConfig_815_completo.xlsx",47322,46.21,"16b5ebe3a04fadf1d37f9d3b6b430505"
1523,"137554","137554_Cuenca_Rimac","IDConfig_1523_completo.xlsx","137554_Cuenca_Rimac/_raw_reportes_xlsx/IDConfig_1523_completo.xlsx",17239,16.83,"ad595223d38373fd71e5e073a32e47a9"
1589,"137554","137554_Cuenca_Rimac","IDConfig_1589_completo.xlsx","137554_Cuenca_Rimac/_raw_reportes_xlsx/IDConfig_1589_completo.xlsx",37083,36.21,"f9e9ee83c4828fb41c3d1c465ee6e10f"
1590,"137554","137554_Cuenca_Rimac","IDConfig_1590_completo.xlsx","137554_Cuenca_Rimac/_raw_reportes_xlsx/IDConfig_1590_completo.xlsx",201184,196.47,"6fdb5902a0a8bb43213d7142310d51d2"
1652,"137554","137554_Cuenca_Rimac","IDConfig_1652_completo.xlsx","137554_Cuenca_Rimac/_raw_reportes_xlsx/IDConfig_1652_completo.xlsx",8799,8.59,"c8dfec68510c50d81dda5dcefc145062"
1653,"137554","137554_Cuenca_Rimac","IDConfig_1653_completo.xlsx","137554_Cuenca_Rimac/_raw_reportes_xlsx/IDConfig_1653_completo.xlsx",50458,49.28,"aaa04f9b937059843a4b98d078771005"
1654,"137554","137554_Cuenca_Rimac","IDConfig_1654_completo.xlsx","137554_Cuenca_Rimac/_raw_reportes_xlsx/IDConfig_1654_completo.xlsx",59087,57.7,"4547d550582b4397de1325fe19a7b37b"
1953,"137554","137554_Cuenca_Rimac","IDConfig_1953_completo.xlsx","137554_Cuenca_Rimac/_raw_reportes_xlsx/IDConfig_1953_completo.xlsx",77001,75.2,"4bac0a255ea4590d08680144bb0789fa"
1969,"137554","137554_Cuenca_Rimac","IDConfig_1969_completo.xlsx","137554_Cuenca_Rimac/_raw_reportes_xlsx/IDConfig_1969_completo.xlsx",9477,9.25,"73486691c86dfbc509f83a86804acc56"
2101,"137554","137554_Cuenca_Rimac","IDConfig_2101_completo.xlsx","137554_Cuenca_Rimac/_raw_reportes_xlsx/IDConfig_2101_completo.xlsx",11940,11.66,"9df81f17830e1c142dc651b1d9f15803"
2172,"137554","137554_Cuenca_Rimac","IDConfig_2172_completo.xlsx","137554_Cuenca_Rimac/_raw_reportes_xlsx/IDConfig_2172_completo.xlsx",18709,18.27,"0f30f2712e4f6b26597d7c227a2b55b6"
2630,"137554","137554_Cuenca_Rimac","IDConfig_2630_completo.xlsx","137554_Cuenca_Rimac/_raw_reportes_xlsx/IDConfig_2630_completo.xlsx",33270,32.49,"55487d503159d8d2d78542e6dd650a62"
3106,"137554","137554_Cuenca_Rimac","IDConfig_3106_completo.xlsx","137554_Cuenca_Rimac/_raw_reportes_xlsx/IDConfig_3106_completo.xlsx",21184,20.69,"f20cb45f418d316e2bf59c5bc0fa3615"
3182,"137554","137554_Cuenca_Rimac","IDConfig_3182_completo.xlsx","137554_Cuenca_Rimac/_raw_reportes_xlsx/IDConfig_3182_completo.xlsx",38253,37.36,"5c83369c677df51d70baa6c6868986a9"
3223,"137554","137554_Cuenca_Rimac","IDConfig_3223_completo.xlsx","137554_Cuenca_Rimac/_raw_reportes_xlsx/IDConfig_3223_completo.xlsx",16072,15.7,"9938785ea8cd5cf0672a9859f33a167a"
3292,"137554","137554_Cuenca_Rimac","IDConfig_3292_completo.xlsx","137554_Cuenca_Rimac/_raw_reportes_xlsx/IDConfig_3292_completo.xlsx",105814,103.33,"b721c8f36a661eb27d8583153cff51eb"
3316,"137554","137554_Cuenca_Rimac","IDConfig_3316_completo.xlsx","137554_Cuenca_Rimac/_raw_reportes_xlsx/IDConfig_3316_completo.xlsx",13539,13.22,"644a6d2af9999d66cca012a91b0b12ea"
3317,"137554","137554_Cuenca_Rimac","IDConfig_3317_completo.xlsx","137554_Cuenca_Rimac/_raw_reportes_xlsx/IDConfig_3317_completo.xlsx",46879,45.78,"545d2fe7d18fe386957c6bfe8fd94c1c"
3410,"137554","137554_Cuenca_Rimac","IDConfig_3410_completo.xlsx","137554_Cuenca_Rimac/_raw_reportes_xlsx/IDConfig_3410_completo.xlsx",23029,22.49,"f9e0a5ac71028e0dfbbef22f9cf9193c"
3419,"137554","137554_Cuenca_Rimac","IDConfig_3419_completo.xlsx","137554_Cuenca_Rimac/_raw_reportes_xlsx/IDConfig_3419_completo.xlsx",69931,68.29,"c211d16db291d6fc3e8b2c9e8ffc07ea"
3561,"137554","137554_Cuenca_Rimac","IDConfig_3561_completo.xlsx","137554_Cuenca_Rimac/_raw_reportes_xlsx/IDConfig_3561_completo.xlsx",18688,18.25,"10b2363aa54eb827065d1d52fa4da18f"
3562,"137554","137554_Cuenca_Rimac","IDConfig_3562_completo.xlsx","137554_Cuenca_Rimac/_raw_reportes_xlsx/IDConfig_3562_completo.xlsx",35299,34.47,"4d87046be02f77ff367c5744f378294e"
3587,"137554","137554_Cuenca_Rimac","IDConfig_3587_completo.xlsx","137554_Cuenca_Rimac/_raw_reportes_xlsx/IDConfig_3587_completo.xlsx",15266,14.91,"1a57fe4e4d668fca0e659c2bc07cba82"
3600,"137554","137554_Cuenca_Rimac","IDConfig_3600_completo.xlsx","137554_Cuenca_Rimac/_raw_reportes_xlsx/IDConfig_3600_completo.xlsx",24349,23.78,"07ad6308656024cb10c3db4b1985a27f"
3696,"137554","137554_Cuenca_Rimac","IDConfig_3696_completo.xlsx","137554_Cuenca_Rimac/_raw_reportes_xlsx/IDConfig_3696_completo.xlsx",74174,72.44,"96f77e19675c8944a415e636367bdecc"
3730,"137554","137554_Cuenca_Rimac","IDConfig_3730_completo.xlsx","137554_Cuenca_Rimac/_raw_reportes_xlsx/IDConfig_3730_completo.xlsx",3279,3.2,"2b1f378495dec207fe87e3c44c8b99b5"
3823,"137554","137554_Cuenca_Rimac","IDConfig_3823_completo.xlsx","137554_Cuenca_Rimac/_raw_reportes_xlsx/IDConfig_3823_completo.xlsx",13574,13.26,"8c8e9f6274a78d8ee7e93472961a6660"
4087,"137554","137554_Cuenca_Rimac","IDConfig_4087_completo.xlsx","137554_Cuenca_Rimac/_raw_reportes_xlsx/IDConfig_4087_completo.xlsx",70291,68.64,"137f4d8394766540bde8abf7548e0aee"
7296,"137554","137554_Cuenca_Rimac","IDConfig_7296_completo.xlsx","137554_Cuenca_Rimac/_raw_reportes_xlsx/IDConfig_7296_completo.xlsx",183131,178.84,"2dcc4343193280727d2d108ce487a2f8"
7298,"137554","137554_Cuenca_Rimac","IDConfig_7298_completo.xlsx","137554_Cuenca_Rimac/_raw_reportes_xlsx/IDConfig_7298_completo.xlsx",188963,184.53,"2d80d62c038303a7cddedc8df347a273"
7299,"137554","137554_Cuenca_Rimac","IDConfig_7299_completo.xlsx","137554_Cuenca_Rimac/_raw_reportes_xlsx/IDConfig_7299_completo.xlsx",248959,243.12,"0ad678cd72021935a7c7ef01a23bf65d"
7300,"137554","137554_Cuenca_Rimac","IDConfig_7300_completo.xlsx","137554_Cuenca_Rimac/_raw_reportes_xlsx/IDConfig_7300_completo.xlsx",183359,179.06,"db1c0c327961358d98169ccd87fcf15b"
7463,"137554","137554_Cuenca_Rimac","IDConfig_7463_completo.xlsx","137554_Cuenca_Rimac/_raw_reportes_xlsx/IDConfig_7463_completo.xlsx",11448,11.18,"9659af1f3b79ff8c44a09a28d36da194"
7662,"137554","137554_Cuenca_Rimac","IDConfig_7662_completo.xlsx","137554_Cuenca_Rimac/_raw_reportes_xlsx/IDConfig_7662_completo.xlsx",568708,555.38,"55db30c5310ce44dae1b8f476aca95d3"
7981,"137554","137554_Cuenca_Rimac","IDConfig_7981_completo.xlsx","137554_Cuenca_Rimac/_raw_reportes_xlsx/IDConfig_7981_completo.xlsx",118808,116.02,"6750afc9a6b8073382d6d2c12f95cdf5"
7982,"137554","137554_Cuenca_Rimac","IDConfig_7982_completo.xlsx","137554_Cuenca_Rimac/_raw_reportes_xlsx/IDConfig_7982_completo.xlsx",184017,179.7,"f1ff5c3745ae2daad91bbbd84f735dce"
8002,"137554","137554_Cuenca_Rimac","IDConfig_8002_completo.xlsx","137554_Cuenca_Rimac/_raw_reportes_xlsx/IDConfig_8002_completo.xlsx",126285,123.33,"cc39d4df15c052a68042987ec0a1e0e1"
8282,"137554","137554_Cuenca_Rimac","IDConfig_8282_completo.xlsx","137554_Cuenca_Rimac/_raw_reportes_xlsx/IDConfig_8282_completo.xlsx",83781,81.82,"88b618af0f636fbeb14fcddacaf3b80d"
8521,"137554","137554_Cuenca_Rimac","IDConfig_8521_completo.xlsx","137554_Cuenca_Rimac/_raw_reportes_xlsx/IDConfig_8521_completo.xlsx",31994,31.24,"20bb3bd4b3bd41041bce368f9cf99962"
23105,"137554","137554_Cuenca_Rimac","IDConfig_23105_completo.xlsx","137554_Cuenca_Rimac/_raw_reportes_xlsx/IDConfig_23105_completo.xlsx",261184,255.06,"d8392faef882224badc83f7dcec5dfe5"
23182,"137554","137554_Cuenca_Rimac","IDConfig_23182_completo.xlsx","137554_Cuenca_Rimac/_raw_reportes_xlsx/IDConfig_23182_completo.xlsx",187531,183.14,"4399e3fc704db885a2984addb4aecffe"
51726,"137554","137554_Cuenca_Rimac","IDConfig_51726_completo.xlsx","137554_Cuenca_Rimac/_raw_reportes_xlsx/IDConfig_51726_completo.xlsx",34283,33.48,"990bb1a937a175e94d104c24456cd3a8"
51771,"137554","137554_Cuenca_Rimac","IDConfig_51771_completo.xlsx","137554_Cuenca_Rimac/_raw_reportes_xlsx/IDConfig_51771_completo.xlsx",54460,53.18,"26d60131a3521cecac20ef4f02cdfcc3"
51812,"137554","137554_Cuenca_Rimac","IDConfig_51812_completo.xlsx","137554_Cuenca_Rimac/_raw_reportes_xlsx/IDConfig_51812_completo.xlsx",81756,79.84,"6c24bd00f4f1f5607d796a531937ac31"
51955,"137554","137554_Cuenca_Rimac","IDConfig_51955_completo.xlsx","137554_Cuenca_Rimac/_raw_reportes_xlsx/IDConfig_51955_completo.xlsx",75766,73.99,"fd4df7907d1d4c154f0c1783c23ec950"
52333,"137554","137554_Cuenca_Rimac","IDConfig_52333_completo.xlsx","137554_Cuenca_Rimac/_raw_reportes_xlsx/IDConfig_52333_completo.xlsx",34738,33.92,"565532db83a51c23a0267f035df6240b"
52347,"137554","137554_Cuenca_Rimac","IDConfig_52347_completo.xlsx","137554_Cuenca_Rimac/_raw_reportes_xlsx/IDConfig_52347_completo.xlsx",48842,47.7,"7f0e4f0a6ff4c8ed972c4acba85079f2"
52353,"137554","137554_Cuenca_Rimac","IDConfig_52353_completo.xlsx","137554_Cuenca_Rimac/_raw_reportes_xlsx/IDConfig_52353_completo.xlsx",60193,58.78,"40ebb6ed4ab28abef4319c130a5aa41b"
52375,"137554","137554_Cuenca_Rimac","IDConfig_52375_completo.xlsx","137554_Cuenca_Rimac/_raw_reportes_xlsx/IDConfig_52375_completo.xlsx",54220,52.95,"c4026b4580136139160a8c58694b7440"
52484,"137554","137554_Cuenca_Rimac","IDConfig_52484_completo.xlsx","137554_Cuenca_Rimac/_raw_reportes_xlsx/IDConfig_52484_completo.xlsx",59938,58.53,"9c0c5d574c8fc67fc055e7513150550f"
63325,"137554","137554_Cuenca_Rimac","IDConfig_63325_completo.xlsx","137554_Cuenca_Rimac/_raw_reportes_xlsx/IDConfig_63325_completo.xlsx",9140,8.93,"d9cd9eaa41ebb9071d57e660441a3013"
63326,"137554","137554_Cuenca_Rimac","IDConfig_63326_completo.xlsx","137554_Cuenca_Rimac/_raw_reportes_xlsx/IDConfig_63326_completo.xlsx",10566,10.32,"0f6dce4e114d085fe0efefd8217d60c3"
63355,"137554","137554_Cuenca_Rimac","IDConfig_63355_completo.xlsx","137554_Cuenca_Rimac/_raw_reportes_xlsx/IDConfig_63355_completo.xlsx",39714,38.78,"4356c507bd48389ed64ac31eeb31db2c"
63395,"137554","137554_Cuenca_Rimac","IDConfig_63395_completo.xlsx","137554_Cuenca_Rimac/_raw_reportes_xlsx/IDConfig_63395_completo.xlsx",4923,4.81,"2045908545bb2964970ca855ed300f8f"
63504,"137554","137554_Cuenca_Rimac","IDConfig_63504_completo.xlsx","137554_Cuenca_Rimac/_raw_reportes_xlsx/IDConfig_63504_completo.xlsx",9775,9.55,"fa8a53c0d8bfd9bad1b5198fc63335c8"
63524,"137554","137554_Cuenca_Rimac","IDConfig_63524_completo.xlsx","137554_Cuenca_Rimac/_raw_reportes_xlsx/IDConfig_63524_completo.xlsx",71648,69.97,"37fab653507a0b12a3561b42e3dcde4f"
63543,"137554","137554_Cuenca_Rimac","IDConfig_63543_completo.xlsx","137554_Cuenca_Rimac/_raw_reportes_xlsx/IDConfig_63543_completo.xlsx",21445,20.94,"687c096b0a99a602fbfa9e95a774095f"
63547,"137554","137554_Cuenca_Rimac","IDConfig_63547_completo.xlsx","137554_Cuenca_Rimac/_raw_reportes_xlsx/IDConfig_63547_completo.xlsx",55080,53.79,"4ba5b32c8aee7d243ca876cd083a7dfe"
63558,"137554","137554_Cuenca_Rimac","IDConfig_63558_completo.xlsx","137554_Cuenca_Rimac/_raw_reportes_xlsx/IDConfig_63558_completo.xlsx",14395,14.06,"1d3eecc57b67a585a75b3c27b8a4f8ee"
64164,"137554","137554_Cuenca_Rimac","IDConfig_64164_completo.xlsx","137554_Cuenca_Rimac/_raw_reportes_xlsx/IDConfig_64164_completo.xlsx",22876,22.34,"9a83944288b15d37640b4bcb226b0537"
64924,"137554","137554_Cuenca_Rimac","IDConfig_64924_completo.xlsx","137554_Cuenca_Rimac/_raw_reportes_xlsx/IDConfig_64924_completo.xlsx",13009,12.7,"35ed6d4a350e5841a03c5833f3f71901"
64971,"137554","137554_Cuenca_Rimac","IDConfig_64971_completo.xlsx","137554_Cuenca_Rimac/_raw_reportes_xlsx/IDConfig_64971_completo.xlsx",13224,12.91,"d323357c4286b1cc31e97f8d79c465ca"
65018,"137554","137554_Cuenca_Rimac","IDConfig_65018_completo.xlsx","137554_Cuenca_Rimac/_raw_reportes_xlsx/IDConfig_65018_completo.xlsx",135853,132.67,"50d8340383475978ce4ff42e4a83a819"
65065,"137554","137554_Cuenca_Rimac","IDConfig_65065_completo.xlsx","137554_Cuenca_Rimac/_raw_reportes_xlsx/IDConfig_65065_completo.xlsx",170313,166.32,"e92211c0db7d361f9eefade79a6d7e49"
65169,"137554","137554_Cuenca_Rimac","IDConfig_65169_completo.xlsx","137554_Cuenca_Rimac/_raw_reportes_xlsx/IDConfig_65169_completo.xlsx",102637,100.23,"8d0241867178bc21b40772deda87d6ae"
65227,"137554","137554_Cuenca_Rimac","IDConfig_65227_completo.xlsx","137554_Cuenca_Rimac/_raw_reportes_xlsx/IDConfig_65227_completo.xlsx",63040,61.56,"39e9d7960236b881858b6949768467fd"
65307,"137554","137554_Cuenca_Rimac","IDConfig_65307_completo.xlsx","137554_Cuenca_Rimac/_raw_reportes_xlsx/IDConfig_65307_completo.xlsx",9368,9.15,"df5db97dfbac029576c3ca1de9230cb9"
65365,"137554","137554_Cuenca_Rimac","IDConfig_65365_completo.xlsx","137554_Cuenca_Rimac/_raw_reportes_xlsx/IDConfig_65365_completo.xlsx",6777,6.62,"785963770fcfa1bc57109f5d3e2ac371"
67484,"137554","137554_Cuenca_Rimac","IDConfig_67484_completo.xlsx","137554_Cuenca_Rimac/_raw_reportes_xlsx/IDConfig_67484_completo.xlsx",58027,56.67,"f0a0345c4ff5d910b751d112dff0fc5f"
67542,"137554","137554_Cuenca_Rimac","IDConfig_67542_completo.xlsx","137554_Cuenca_Rimac/_raw_reportes_xlsx/IDConfig_67542_completo.xlsx",17782,17.37,"e5b8da5b5927c8089ee0f09b4baaa863"
67583,"137554","137554_Cuenca_Rimac","IDConfig_67583_completo.xlsx","137554_Cuenca_Rimac/_raw_reportes_xlsx/IDConfig_67583_completo.xlsx",11515,11.25,"701f0088aec22ea223c4f8f14382cb24"
67630,"137554","137554_Cuenca_Rimac","IDConfig_67630_completo.xlsx","137554_Cuenca_Rimac/_raw_reportes_xlsx/IDConfig_67630_completo.xlsx",11435,11.17,"524338b047aee89b54fbf27f15347a16"
67684,"137554","137554_Cuenca_Rimac","IDConfig_67684_completo.xlsx","137554_Cuenca_Rimac/_raw_reportes_xlsx/IDConfig_67684_completo.xlsx",11134,10.87,"5d0b7a7a3a02b7310068fbe89b81bf7f"
67731,"137554","137554_Cuenca_Rimac","IDConfig_67731_completo.xlsx","137554_Cuenca_Rimac/_raw_reportes_xlsx/IDConfig_67731_completo.xlsx",11122,10.86,"570a83a02a19decc30c42d3816f9ce90"
1090,"137556","137556_Cuenca_Chillon","IDConfig_1090_completo.xlsx","137556_Cuenca_Chillon/_raw_reportes_xlsx/IDConfig_1090_completo.xlsx",5671,5.54,"cb9cc8de1a96b7ebecdc387a2b0da75e"
1466,"137556","137556_Cuenca_Chillon","IDConfig_1466_completo.xlsx","137556_Cuenca_Chillon/_raw_reportes_xlsx/IDConfig_1466_completo.xlsx",46824,45.73,"af1c50ad3c0fc605505c93ce44fd7a05"
2383,"137556","137556_Cuenca_Chillon","IDConfig_2383_completo.xlsx","137556_Cuenca_Chillon/_raw_reportes_xlsx/IDConfig_2383_completo.xlsx",46202,45.12,"102dda5412e38a9b50d9c8a8d56d3e3b"
2629,"137556","137556_Cuenca_Chillon","IDConfig_2629_completo.xlsx","137556_Cuenca_Chillon/_raw_reportes_xlsx/IDConfig_2629_completo.xlsx",6519,6.37,"a22f5a27f92f52c01ed78e3360836832"
2772,"137556","137556_Cuenca_Chillon","IDConfig_2772_completo.xlsx","137556_Cuenca_Chillon/_raw_reportes_xlsx/IDConfig_2772_completo.xlsx",14441,14.1,"fb0648be868cac507f8a3760e44c586b"
2925,"137556","137556_Cuenca_Chillon","IDConfig_2925_completo.xlsx","137556_Cuenca_Chillon/_raw_reportes_xlsx/IDConfig_2925_completo.xlsx",8056,7.87,"e149745a2314d61abfcff4253d8deba1"
3318,"137556","137556_Cuenca_Chillon","IDConfig_3318_completo.xlsx","137556_Cuenca_Chillon/_raw_reportes_xlsx/IDConfig_3318_completo.xlsx",109993,107.42,"4d5825ed529ff83467f1edffbed7375f"
3560,"137556","137556_Cuenca_Chillon","IDConfig_3560_completo.xlsx","137556_Cuenca_Chillon/_raw_reportes_xlsx/IDConfig_3560_completo.xlsx",21921,21.41,"c89571fedc1de73506320a35b5fdab3f"
3588,"137556","137556_Cuenca_Chillon","IDConfig_3588_completo.xlsx","137556_Cuenca_Chillon/_raw_reportes_xlsx/IDConfig_3588_completo.xlsx",24601,24.02,"3c3ecb656c77a9ae9b024c663dfcb83f"
4240,"137556","137556_Cuenca_Chillon","IDConfig_4240_completo.xlsx","137556_Cuenca_Chillon/_raw_reportes_xlsx/IDConfig_4240_completo.xlsx",86069,84.05,"d698ccff23318f44607bb58bc4fdbd94"
7302,"137556","137556_Cuenca_Chillon","IDConfig_7302_completo.xlsx","137556_Cuenca_Chillon/_raw_reportes_xlsx/IDConfig_7302_completo.xlsx",128291,125.28,"db7edb8c70da53e2225c9477bd88435e"
7304,"137556","137556_Cuenca_Chillon","IDConfig_7304_completo.xlsx","137556_Cuenca_Chillon/_raw_reportes_xlsx/IDConfig_7304_completo.xlsx",279054,272.51,"122006302f5b8c44a037f27be5d262cd"
7305,"137556","137556_Cuenca_Chillon","IDConfig_7305_completo.xlsx","137556_Cuenca_Chillon/_raw_reportes_xlsx/IDConfig_7305_completo.xlsx",122051,119.19,"41411dc1c55becdf413b0917e8063ecc"
7306,"137556","137556_Cuenca_Chillon","IDConfig_7306_completo.xlsx","137556_Cuenca_Chillon/_raw_reportes_xlsx/IDConfig_7306_completo.xlsx",10834,10.58,"4ba2632ec1336b93cd07de99b5e89e16"
8001,"137556","137556_Cuenca_Chillon","IDConfig_8001_completo.xlsx","137556_Cuenca_Chillon/_raw_reportes_xlsx/IDConfig_8001_completo.xlsx",312888,305.55,"095e9b22a9f2050994e8b8cc4b0881af"
8141,"137556","137556_Cuenca_Chillon","IDConfig_8141_completo.xlsx","137556_Cuenca_Chillon/_raw_reportes_xlsx/IDConfig_8141_completo.xlsx",259895,253.8,"0a880d4465577b21a3169725c2bde0f4"
23141,"137556","137556_Cuenca_Chillon","IDConfig_23141_completo.xlsx","137556_Cuenca_Chillon/_raw_reportes_xlsx/IDConfig_23141_completo.xlsx",17410,17,"34f3f6940a975b9af80a618feded67e3"
51759,"137556","137556_Cuenca_Chillon","IDConfig_51759_completo.xlsx","137556_Cuenca_Chillon/_raw_reportes_xlsx/IDConfig_51759_completo.xlsx",61523,60.08,"cfa317aedcb6d13a821830fd78e8f298"
52000,"137556","137556_Cuenca_Chillon","IDConfig_52000_completo.xlsx","137556_Cuenca_Chillon/_raw_reportes_xlsx/IDConfig_52000_completo.xlsx",81687,79.77,"f462e947d3bf3b70b75b34c517866bed"
52162,"137556","137556_Cuenca_Chillon","IDConfig_52162_completo.xlsx","137556_Cuenca_Chillon/_raw_reportes_xlsx/IDConfig_52162_completo.xlsx",87490,85.44,"cbc8f404f505d741b29ab2ec49d07645"
52413,"137556","137556_Cuenca_Chillon","IDConfig_52413_completo.xlsx","137556_Cuenca_Chillon/_raw_reportes_xlsx/IDConfig_52413_completo.xlsx",73079,71.37,"e19f805bd6d06267190d4b079101fdbb"
52438,"137556","137556_Cuenca_Chillon","IDConfig_52438_completo.xlsx","137556_Cuenca_Chillon/_raw_reportes_xlsx/IDConfig_52438_completo.xlsx",81329,79.42,"10d009460268c2bd1d2844cbd2a0504a"
52497,"137556","137556_Cuenca_Chillon","IDConfig_52497_completo.xlsx","137556_Cuenca_Chillon/_raw_reportes_xlsx/IDConfig_52497_completo.xlsx",83234,81.28,"804b21f4ceb508e7d19f43c59c2c703b"
62335,"137556","137556_Cuenca_Chillon","IDConfig_62335_completo.xlsx","137556_Cuenca_Chillon/_raw_reportes_xlsx/IDConfig_62335_completo.xlsx",122389,119.52,"1ec7ce49a5b4ce080dcdc87fa5778af0"
63329,"137556","137556_Cuenca_Chillon","IDConfig_63329_completo.xlsx","137556_Cuenca_Chillon/_raw_reportes_xlsx/IDConfig_63329_completo.xlsx",8731,8.53,"da8c0b3385d56a5ee671906b8bcfd1cf"
63574,"137556","137556_Cuenca_Chillon","IDConfig_63574_completo.xlsx","137556_Cuenca_Chillon/_raw_reportes_xlsx/IDConfig_63574_completo.xlsx",32598,31.83,"51798dec9e87422d4a6391102163ed4c"
64103,"137556","137556_Cuenca_Chillon","IDConfig_64103_completo.xlsx","137556_Cuenca_Chillon/_raw_reportes_xlsx/IDConfig_64103_completo.xlsx",5203,5.08,"812cfcc8e6acb8dd3188ffa66116a064"
64948,"137556","137556_Cuenca_Chillon","IDConfig_64948_completo.xlsx","137556_Cuenca_Chillon/_raw_reportes_xlsx/IDConfig_64948_completo.xlsx",12878,12.58,"bc79ec724f510bd9575932cb0020becf"
64959,"137556","137556_Cuenca_Chillon","IDConfig_64959_completo.xlsx","137556_Cuenca_Chillon/_raw_reportes_xlsx/IDConfig_64959_completo.xlsx",12692,12.39,"c8f880c1fa9f4f0756188a132d5d3455"
65042,"137556","137556_Cuenca_Chillon","IDConfig_65042_completo.xlsx","137556_Cuenca_Chillon/_raw_reportes_xlsx/IDConfig_65042_completo.xlsx",157083,153.4,"83c8dc3a6d8926d1dcbca8f7fb771a36"
65053,"137556","137556_Cuenca_Chillon","IDConfig_65053_completo.xlsx","137556_Cuenca_Chillon/_raw_reportes_xlsx/IDConfig_65053_completo.xlsx",44722,43.67,"11a55c138408514800f1f57079e19ad2"
67408,"137556","137556_Cuenca_Chillon","IDConfig_67408_completo.xlsx","137556_Cuenca_Chillon/_raw_reportes_xlsx/IDConfig_67408_completo.xlsx",12689,12.39,"9521e386b20c73c2f6f5453af68aafd6"
67409,"137556","137556_Cuenca_Chillon","IDConfig_67409_completo.xlsx","137556_Cuenca_Chillon/_raw_reportes_xlsx/IDConfig_67409_completo.xlsx",133799,130.66,"dcb5a95459eafd25d6f308b5071cc867"
67607,"137556","137556_Cuenca_Chillon","IDConfig_67607_completo.xlsx","137556_Cuenca_Chillon/_raw_reportes_xlsx/IDConfig_67607_completo.xlsx",11498,11.23,"1659be1fbb702e226007153b8085d168"
67618,"137556","137556_Cuenca_Chillon","IDConfig_67618_completo.xlsx","137556_Cuenca_Chillon/_raw_reportes_xlsx/IDConfig_67618_completo.xlsx",11343,11.08,"0db6290263c60cbac10c406aebc9acb0"
67659,"137556","137556_Cuenca_Chillon","IDConfig_67659_completo.xlsx","137556_Cuenca_Chillon/_raw_reportes_xlsx/IDConfig_67659_completo.xlsx",11088,10.83,"1a4d4edc4078f8d6362d435081b57354"
67708,"137556","137556_Cuenca_Chillon","IDConfig_67708_completo.xlsx","137556_Cuenca_Chillon/_raw_reportes_xlsx/IDConfig_67708_completo.xlsx",11283,11.02,"8b526f2b0b30a41935b31323514e4ed4"
67719,"137556","137556_Cuenca_Chillon","IDConfig_67719_completo.xlsx","137556_Cuenca_Chillon/_raw_reportes_xlsx/IDConfig_67719_completo.xlsx",11192,10.93,"ffc768857a836de2af2cca0af3ed825b"
67760,"137556","137556_Cuenca_Chillon","IDConfig_67760_completo.xlsx","137556_Cuenca_Chillon/_raw_reportes_xlsx/IDConfig_67760_completo.xlsx",10998,10.74,"af55963e3b41536da1224aca22c5b85e"
454,"137557","137557_Intercuenca_137557","IDConfig_454_completo.xlsx","137557_Intercuenca_137557/_raw_reportes_xlsx/IDConfig_454_completo.xlsx",13976,13.65,"e8b74925d54c066e9a9bf58acc8d5924"
3931,"137557","137557_Intercuenca_137557","IDConfig_3931_completo.xlsx","137557_Intercuenca_137557/_raw_reportes_xlsx/IDConfig_3931_completo.xlsx",27972,27.32,"2188816fa8a43b56b9815b195f023840"
5747,"137557","137557_Intercuenca_137557","IDConfig_5747_completo.xlsx","137557_Intercuenca_137557/_raw_reportes_xlsx/IDConfig_5747_completo.xlsx",62809,61.34,"4420048b15c92fffa23070a83f6cfdad"
5756,"137557","137557_Intercuenca_137557","IDConfig_5756_completo.xlsx","137557_Intercuenca_137557/_raw_reportes_xlsx/IDConfig_5756_completo.xlsx",27747,27.1,"612017137cb62f37c8f317dff2745891"
356,"137558","137558_Cuenca_Chancay_-_Huaral","IDConfig_356_completo.xlsx","137558_Cuenca_Chancay_-_Huaral/_raw_reportes_xlsx/IDConfig_356_completo.xlsx",125217,122.28,"f300e2c3e000a61251f891a7beccd022"
365,"137558","137558_Cuenca_Chancay_-_Huaral","IDConfig_365_completo.xlsx","137558_Cuenca_Chancay_-_Huaral/_raw_reportes_xlsx/IDConfig_365_completo.xlsx",21628,21.12,"4fe18f18850fa46ccfe5887b628dcaa3"
930,"137558","137558_Cuenca_Chancay_-_Huaral","IDConfig_930_completo.xlsx","137558_Cuenca_Chancay_-_Huaral/_raw_reportes_xlsx/IDConfig_930_completo.xlsx",49321,48.17,"3b2b8c149092f0e9c1d91a1691e1cfed"
1566,"137558","137558_Cuenca_Chancay_-_Huaral","IDConfig_1566_completo.xlsx","137558_Cuenca_Chancay_-_Huaral/_raw_reportes_xlsx/IDConfig_1566_completo.xlsx",58093,56.73,"a5e078015440a69bac8c49bdb255a414"
1689,"137558","137558_Cuenca_Chancay_-_Huaral","IDConfig_1689_completo.xlsx","137558_Cuenca_Chancay_-_Huaral/_raw_reportes_xlsx/IDConfig_1689_completo.xlsx",83080,81.13,"d5a5cd02705ace58fa31855a37f02c5f"
2505,"137558","137558_Cuenca_Chancay_-_Huaral","IDConfig_2505_completo.xlsx","137558_Cuenca_Chancay_-_Huaral/_raw_reportes_xlsx/IDConfig_2505_completo.xlsx",4995,4.88,"7ba83c33bc5bc71460775eac27167914"
3034,"137558","137558_Cuenca_Chancay_-_Huaral","IDConfig_3034_completo.xlsx","137558_Cuenca_Chancay_-_Huaral/_raw_reportes_xlsx/IDConfig_3034_completo.xlsx",117004,114.26,"aef3c100ad6d854a3ae9306a6693efe8"
3824,"137558","137558_Cuenca_Chancay_-_Huaral","IDConfig_3824_completo.xlsx","137558_Cuenca_Chancay_-_Huaral/_raw_reportes_xlsx/IDConfig_3824_completo.xlsx",81676,79.76,"2c80f2aee59cb091ec651deb8f0909e6"
4050,"137558","137558_Cuenca_Chancay_-_Huaral","IDConfig_4050_completo.xlsx","137558_Cuenca_Chancay_-_Huaral/_raw_reportes_xlsx/IDConfig_4050_completo.xlsx",50244,49.07,"1ba2e98ed2413a5b51080464d3c3c946"
5646,"137558","137558_Cuenca_Chancay_-_Huaral","IDConfig_5646_completo.xlsx","137558_Cuenca_Chancay_-_Huaral/_raw_reportes_xlsx/IDConfig_5646_completo.xlsx",48064,46.94,"f58709b262a557456a662034af1b474c"
5649,"137558","137558_Cuenca_Chancay_-_Huaral","IDConfig_5649_completo.xlsx","137558_Cuenca_Chancay_-_Huaral/_raw_reportes_xlsx/IDConfig_5649_completo.xlsx",126723,123.75,"cab4823d8e9a34fee4a7a6d1a5481903"
5655,"137558","137558_Cuenca_Chancay_-_Huaral","IDConfig_5655_completo.xlsx","137558_Cuenca_Chancay_-_Huaral/_raw_reportes_xlsx/IDConfig_5655_completo.xlsx",6779,6.62,"1500ea2b24e48a46ebc81fc795c8d7c2"
5656,"137558","137558_Cuenca_Chancay_-_Huaral","IDConfig_5656_completo.xlsx","137558_Cuenca_Chancay_-_Huaral/_raw_reportes_xlsx/IDConfig_5656_completo.xlsx",138616,135.37,"69e2a15f055f0e40e34bd0fc5f793c40"
8003,"137558","137558_Cuenca_Chancay_-_Huaral","IDConfig_8003_completo.xlsx","137558_Cuenca_Chancay_-_Huaral/_raw_reportes_xlsx/IDConfig_8003_completo.xlsx",205757,200.93,"37dc6e418ba39e5d9e650f1942174994"
21199,"137558","137558_Cuenca_Chancay_-_Huaral","IDConfig_21199_completo.xlsx","137558_Cuenca_Chancay_-_Huaral/_raw_reportes_xlsx/IDConfig_21199_completo.xlsx",544023,531.27,"15b457f2d9c52c9296277ecf01e9e0a8"
21203,"137558","137558_Cuenca_Chancay_-_Huaral","IDConfig_21203_completo.xlsx","137558_Cuenca_Chancay_-_Huaral/_raw_reportes_xlsx/IDConfig_21203_completo.xlsx",22955,22.42,"b737cccc88f8cf1b9576de35aa72a9a4"
21204,"137558","137558_Cuenca_Chancay_-_Huaral","IDConfig_21204_completo.xlsx","137558_Cuenca_Chancay_-_Huaral/_raw_reportes_xlsx/IDConfig_21204_completo.xlsx",24724,24.14,"91e893bab696c7398c3f789e82dd4a1b"
61455,"137558","137558_Cuenca_Chancay_-_Huaral","IDConfig_61455_completo.xlsx","137558_Cuenca_Chancay_-_Huaral/_raw_reportes_xlsx/IDConfig_61455_completo.xlsx",193033,188.51,"c77b05a5a4c89b193d9d0383612bcef6"
61575,"137558","137558_Cuenca_Chancay_-_Huaral","IDConfig_61575_completo.xlsx","137558_Cuenca_Chancay_-_Huaral/_raw_reportes_xlsx/IDConfig_61575_completo.xlsx",166229,162.33,"64c7452870db282fae1cd0762491d419"
63135,"137558","137558_Cuenca_Chancay_-_Huaral","IDConfig_63135_completo.xlsx","137558_Cuenca_Chancay_-_Huaral/_raw_reportes_xlsx/IDConfig_63135_completo.xlsx",14821,14.47,"8032280e4a5feabac155bd0036516740"
63310,"137558","137558_Cuenca_Chancay_-_Huaral","IDConfig_63310_completo.xlsx","137558_Cuenca_Chancay_-_Huaral/_raw_reportes_xlsx/IDConfig_63310_completo.xlsx",9535,9.31,"e39a86e1991de56bf2c1c00ee189ae2d"
63327,"137558","137558_Cuenca_Chancay_-_Huaral","IDConfig_63327_completo.xlsx","137558_Cuenca_Chancay_-_Huaral/_raw_reportes_xlsx/IDConfig_63327_completo.xlsx",9929,9.7,"dd97cc2e845f250547788f6c46b87c09"
64915,"137558","137558_Cuenca_Chancay_-_Huaral","IDConfig_64915_completo.xlsx","137558_Cuenca_Chancay_-_Huaral/_raw_reportes_xlsx/IDConfig_64915_completo.xlsx",11809,11.53,"4dc10e94856773313f3b90af37b31cdc"
64972,"137558","137558_Cuenca_Chancay_-_Huaral","IDConfig_64972_completo.xlsx","137558_Cuenca_Chancay_-_Huaral/_raw_reportes_xlsx/IDConfig_64972_completo.xlsx",11221,10.96,"32f269e12b5f6209f449d374bf556fa3"
64997,"137558","137558_Cuenca_Chancay_-_Huaral","IDConfig_64997_completo.xlsx","137558_Cuenca_Chancay_-_Huaral/_raw_reportes_xlsx/IDConfig_64997_completo.xlsx",12213,11.93,"2174d4f9245e681321060a48db610e51"
65009,"137558","137558_Cuenca_Chancay_-_Huaral","IDConfig_65009_completo.xlsx","137558_Cuenca_Chancay_-_Huaral/_raw_reportes_xlsx/IDConfig_65009_completo.xlsx",132267,129.17,"6bc23a0e39fb2252c13675ce266e98cc"
65066,"137558","137558_Cuenca_Chancay_-_Huaral","IDConfig_65066_completo.xlsx","137558_Cuenca_Chancay_-_Huaral/_raw_reportes_xlsx/IDConfig_65066_completo.xlsx",119013,116.22,"b9976af4ba44a8926efe2f56d462948f"
65091,"137558","137558_Cuenca_Chancay_-_Huaral","IDConfig_65091_completo.xlsx","137558_Cuenca_Chancay_-_Huaral/_raw_reportes_xlsx/IDConfig_65091_completo.xlsx",138170,134.93,"f5294a9df46318646c2975603f2638b5"
65120,"137558","137558_Cuenca_Chancay_-_Huaral","IDConfig_65120_completo.xlsx","137558_Cuenca_Chancay_-_Huaral/_raw_reportes_xlsx/IDConfig_65120_completo.xlsx",145743,142.33,"992491ef5df2a1570b79cea72f391ab6"
65278,"137558","137558_Cuenca_Chancay_-_Huaral","IDConfig_65278_completo.xlsx","137558_Cuenca_Chancay_-_Huaral/_raw_reportes_xlsx/IDConfig_65278_completo.xlsx",11033,10.77,"339f00d04e66aba41cefcefacce3cfb0"
67574,"137558","137558_Cuenca_Chancay_-_Huaral","IDConfig_67574_completo.xlsx","137558_Cuenca_Chancay_-_Huaral/_raw_reportes_xlsx/IDConfig_67574_completo.xlsx",9737,9.51,"7dac8177de1884b11c617637c000bb64"
67631,"137558","137558_Cuenca_Chancay_-_Huaral","IDConfig_67631_completo.xlsx","137558_Cuenca_Chancay_-_Huaral/_raw_reportes_xlsx/IDConfig_67631_completo.xlsx",9706,9.48,"fbcad8a23ee9352c834eb786ec5dd12c"
67656,"137558","137558_Cuenca_Chancay_-_Huaral","IDConfig_67656_completo.xlsx","137558_Cuenca_Chancay_-_Huaral/_raw_reportes_xlsx/IDConfig_67656_completo.xlsx",10249,10.01,"7d99c79201652b0fc5ac1a93eab8cc09"
67675,"137558","137558_Cuenca_Chancay_-_Huaral","IDConfig_67675_completo.xlsx","137558_Cuenca_Chancay_-_Huaral/_raw_reportes_xlsx/IDConfig_67675_completo.xlsx",9408,9.19,"2b4f2ac7e692f2e775f9f297cbd99c4c"
67732,"137558","137558_Cuenca_Chancay_-_Huaral","IDConfig_67732_completo.xlsx","137558_Cuenca_Chancay_-_Huaral/_raw_reportes_xlsx/IDConfig_67732_completo.xlsx",9494,9.27,"bdb83bbf2a0f4f81df2bf950e6820b60"
67757,"137558","137558_Cuenca_Chancay_-_Huaral","IDConfig_67757_completo.xlsx","137558_Cuenca_Chancay_-_Huaral/_raw_reportes_xlsx/IDConfig_67757_completo.xlsx",10081,9.84,"726a8a1035ca3e819e5968e595a6d4d6"
30,"137559","137559_Intercuenca_137559","IDConfig_30_completo.xlsx","137559_Intercuenca_137559/_raw_reportes_xlsx/IDConfig_30_completo.xlsx",18443,18.01,"153924cdb479c273660c3ca1330bfa5e"
366,"137559","137559_Intercuenca_137559","IDConfig_366_completo.xlsx","137559_Intercuenca_137559/_raw_reportes_xlsx/IDConfig_366_completo.xlsx",14627,14.28,"5d632c08fd36b6cc92bc8ddfd0d98cde"
742,"137559","137559_Intercuenca_137559","IDConfig_742_completo.xlsx","137559_Intercuenca_137559/_raw_reportes_xlsx/IDConfig_742_completo.xlsx",31671,30.93,"be86a004a1e5a59a02e26d659f8fd1ba"
2169,"137559","137559_Intercuenca_137559","IDConfig_2169_completo.xlsx","137559_Intercuenca_137559/_raw_reportes_xlsx/IDConfig_2169_completo.xlsx",37661,36.78,"c819c00768223fa140933b3b8674817e"
2437,"137559","137559_Intercuenca_137559","IDConfig_2437_completo.xlsx","137559_Intercuenca_137559/_raw_reportes_xlsx/IDConfig_2437_completo.xlsx",83375,81.42,"21c74795b53995a2795c36f860b4fdad"
3635,"137559","137559_Intercuenca_137559","IDConfig_3635_completo.xlsx","137559_Intercuenca_137559/_raw_reportes_xlsx/IDConfig_3635_completo.xlsx",53485,52.23,"7b479a309019e618996c1a7b4472b300"
5763,"137559","137559_Intercuenca_137559","IDConfig_5763_completo.xlsx","137559_Intercuenca_137559/_raw_reportes_xlsx/IDConfig_5763_completo.xlsx",9872,9.64,"0d3341617e3b6255a403207ea34e7a95"
5774,"137559","137559_Intercuenca_137559","IDConfig_5774_completo.xlsx","137559_Intercuenca_137559/_raw_reportes_xlsx/IDConfig_5774_completo.xlsx",76949,75.15,"07406b59376c44e1a21876985619a690"
5780,"137559","137559_Intercuenca_137559","IDConfig_5780_completo.xlsx","137559_Intercuenca_137559/_raw_reportes_xlsx/IDConfig_5780_completo.xlsx",37989,37.1,"4a7f21ab1eff3ec37f820d56b9f3cdcb"
5794,"137559","137559_Intercuenca_137559","IDConfig_5794_completo.xlsx","137559_Intercuenca_137559/_raw_reportes_xlsx/IDConfig_5794_completo.xlsx",7539,7.36,"4c4e1b4290fcea8fc053a50d575c2680"
82,"13756","13756_Cuenca_Huaura","IDConfig_82_completo.xlsx","13756_Cuenca_Huaura/_raw_reportes_xlsx/IDConfig_82_completo.xlsx",9522,9.3,"9f560ed80839a5730ee19b466a8ba0d6"
104,"13756","13756_Cuenca_Huaura","IDConfig_104_completo.xlsx","13756_Cuenca_Huaura/_raw_reportes_xlsx/IDConfig_104_completo.xlsx",6552,6.4,"8f2ab98e10730c070e159f7506c74ac5"
311,"13756","13756_Cuenca_Huaura","IDConfig_311_completo.xlsx","13756_Cuenca_Huaura/_raw_reportes_xlsx/IDConfig_311_completo.xlsx",146427,143,"0b6118b1817eb4f33748bf5d34368863"
507,"13756","13756_Cuenca_Huaura","IDConfig_507_completo.xlsx","13756_Cuenca_Huaura/_raw_reportes_xlsx/IDConfig_507_completo.xlsx",68445,66.84,"14f8a4e0b1739264bf14ca60bd3b9299"
644,"13756","13756_Cuenca_Huaura","IDConfig_644_completo.xlsx","13756_Cuenca_Huaura/_raw_reportes_xlsx/IDConfig_644_completo.xlsx",25596,25,"52606a291be7eb35238c6e43564da5ad"
741,"13756","13756_Cuenca_Huaura","IDConfig_741_completo.xlsx","13756_Cuenca_Huaura/_raw_reportes_xlsx/IDConfig_741_completo.xlsx",114669,111.98,"33259bd919a899c32d328755ce9f068a"
813,"13756","13756_Cuenca_Huaura","IDConfig_813_completo.xlsx","13756_Cuenca_Huaura/_raw_reportes_xlsx/IDConfig_813_completo.xlsx",16385,16,"83fb3eca22c952f4fd7caca179d15f0f"
814,"13756","13756_Cuenca_Huaura","IDConfig_814_completo.xlsx","13756_Cuenca_Huaura/_raw_reportes_xlsx/IDConfig_814_completo.xlsx",79266,77.41,"fd82becfc3752624a9fd350d3cd58844"
881,"13756","13756_Cuenca_Huaura","IDConfig_881_completo.xlsx","13756_Cuenca_Huaura/_raw_reportes_xlsx/IDConfig_881_completo.xlsx",11770,11.49,"9c24c089ad2c11d0c123a50a1424c7fb"
952,"13756","13756_Cuenca_Huaura","IDConfig_952_completo.xlsx","13756_Cuenca_Huaura/_raw_reportes_xlsx/IDConfig_952_completo.xlsx",31193,30.46,"dda3aabf2189ae3ac7c39f13304be960"
1196,"13756","13756_Cuenca_Huaura","IDConfig_1196_completo.xlsx","13756_Cuenca_Huaura/_raw_reportes_xlsx/IDConfig_1196_completo.xlsx",52517,51.29,"1d7d39f3710ea1049331f2d3f1e853f5"
1567,"13756","13756_Cuenca_Huaura","IDConfig_1567_completo.xlsx","13756_Cuenca_Huaura/_raw_reportes_xlsx/IDConfig_1567_completo.xlsx",10563,10.32,"4a19aa22fed18f05e00bc8a8295d53d8"
1588,"13756","13756_Cuenca_Huaura","IDConfig_1588_completo.xlsx","13756_Cuenca_Huaura/_raw_reportes_xlsx/IDConfig_1588_completo.xlsx",6090,5.95,"78cee3ad73f3a48c36b18618e4e7aebf"
2033,"13756","13756_Cuenca_Huaura","IDConfig_2033_completo.xlsx","13756_Cuenca_Huaura/_raw_reportes_xlsx/IDConfig_2033_completo.xlsx",23484,22.93,"eecf793a954ca59d4c89b4369c3fd33d"
2100,"13756","13756_Cuenca_Huaura","IDConfig_2100_completo.xlsx","13756_Cuenca_Huaura/_raw_reportes_xlsx/IDConfig_2100_completo.xlsx",21913,21.4,"d48c5b6863288441c378abcc1d2c0aa8"
2338,"13756","13756_Cuenca_Huaura","IDConfig_2338_completo.xlsx","13756_Cuenca_Huaura/_raw_reportes_xlsx/IDConfig_2338_completo.xlsx",3824,3.73,"b9f4e5be67b6c6ca586f373c9e04e097"
2354,"13756","13756_Cuenca_Huaura","IDConfig_2354_completo.xlsx","13756_Cuenca_Huaura/_raw_reportes_xlsx/IDConfig_2354_completo.xlsx",41262,40.29,"bd3d86b7276a2255aa51c859f6d0e205"
2389,"13756","13756_Cuenca_Huaura","IDConfig_2389_completo.xlsx","13756_Cuenca_Huaura/_raw_reportes_xlsx/IDConfig_2389_completo.xlsx",18718,18.28,"85165e13d9a142b4c0fdb2c9445ecf9f"
2486,"13756","13756_Cuenca_Huaura","IDConfig_2486_completo.xlsx","13756_Cuenca_Huaura/_raw_reportes_xlsx/IDConfig_2486_completo.xlsx",6035,5.89,"e96338e39505a70add5490474eecab55"
2628,"13756","13756_Cuenca_Huaura","IDConfig_2628_completo.xlsx","13756_Cuenca_Huaura/_raw_reportes_xlsx/IDConfig_2628_completo.xlsx",6201,6.06,"8f218581b32f44f35b5c6ba29b17a5a3"
2893,"13756","13756_Cuenca_Huaura","IDConfig_2893_completo.xlsx","13756_Cuenca_Huaura/_raw_reportes_xlsx/IDConfig_2893_completo.xlsx",9846,9.62,"810cc81c4d1d3e189c1afa2c1f00532e"
3103,"13756","13756_Cuenca_Huaura","IDConfig_3103_completo.xlsx","13756_Cuenca_Huaura/_raw_reportes_xlsx/IDConfig_3103_completo.xlsx",61656,60.21,"78906a6d501ae9fb06846d7de10e1f49"
3180,"13756","13756_Cuenca_Huaura","IDConfig_3180_completo.xlsx","13756_Cuenca_Huaura/_raw_reportes_xlsx/IDConfig_3180_completo.xlsx",4049,3.95,"8474fd5aa5e2666f06309de9bb37cfe6"
3264,"13756","13756_Cuenca_Huaura","IDConfig_3264_completo.xlsx","13756_Cuenca_Huaura/_raw_reportes_xlsx/IDConfig_3264_completo.xlsx",13662,13.34,"de83719711e50b2ba43055d4512fef96"
3313,"13756","13756_Cuenca_Huaura","IDConfig_3313_completo.xlsx","13756_Cuenca_Huaura/_raw_reportes_xlsx/IDConfig_3313_completo.xlsx",3995,3.9,"6aaabba971bba6dae670f3b232ed4840"
3502,"13756","13756_Cuenca_Huaura","IDConfig_3502_completo.xlsx","13756_Cuenca_Huaura/_raw_reportes_xlsx/IDConfig_3502_completo.xlsx",40134,39.19,"84652450aae900affea194ced549a3ee"
3695,"13756","13756_Cuenca_Huaura","IDConfig_3695_completo.xlsx","13756_Cuenca_Huaura/_raw_reportes_xlsx/IDConfig_3695_completo.xlsx",26052,25.44,"b069073bd8ab5165039909db43955585"
3847,"13756","13756_Cuenca_Huaura","IDConfig_3847_completo.xlsx","13756_Cuenca_Huaura/_raw_reportes_xlsx/IDConfig_3847_completo.xlsx",16166,15.79,"9d7898dfbbccb578a89f87d4ebb1c09a"
3878,"13756","13756_Cuenca_Huaura","IDConfig_3878_completo.xlsx","13756_Cuenca_Huaura/_raw_reportes_xlsx/IDConfig_3878_completo.xlsx",18387,17.96,"bc4dda3c0fd07dd7037c5e6670e8d7e1"
3921,"13756","13756_Cuenca_Huaura","IDConfig_3921_completo.xlsx","13756_Cuenca_Huaura/_raw_reportes_xlsx/IDConfig_3921_completo.xlsx",58505,57.13,"6878649e451a737c6860897d1a3d2994"
4239,"13756","13756_Cuenca_Huaura","IDConfig_4239_completo.xlsx","13756_Cuenca_Huaura/_raw_reportes_xlsx/IDConfig_4239_completo.xlsx",21785,21.27,"b105dd87c8f60db99f495f80f04c3492"
4259,"13756","13756_Cuenca_Huaura","IDConfig_4259_completo.xlsx","13756_Cuenca_Huaura/_raw_reportes_xlsx/IDConfig_4259_completo.xlsx",6749,6.59,"1e4fd32ef9ddca14a329e3058880bc39"
7310,"13756","13756_Cuenca_Huaura","IDConfig_7310_completo.xlsx","13756_Cuenca_Huaura/_raw_reportes_xlsx/IDConfig_7310_completo.xlsx",106216,103.73,"6f1b7a5d565d1fcaf4d7edb6836c84a0"
7312,"13756","13756_Cuenca_Huaura","IDConfig_7312_completo.xlsx","13756_Cuenca_Huaura/_raw_reportes_xlsx/IDConfig_7312_completo.xlsx",254191,248.23,"125ce7df8a56a14b4860233a0d5c3c05"
7313,"13756","13756_Cuenca_Huaura","IDConfig_7313_completo.xlsx","13756_Cuenca_Huaura/_raw_reportes_xlsx/IDConfig_7313_completo.xlsx",41357,40.39,"fd3034ef3f502bc2b99a36b5fd38c8f9"
7318,"13756","13756_Cuenca_Huaura","IDConfig_7318_completo.xlsx","13756_Cuenca_Huaura/_raw_reportes_xlsx/IDConfig_7318_completo.xlsx",5285,5.16,"9a581c3616cd5c95a654468b311e7ad0"
7319,"13756","13756_Cuenca_Huaura","IDConfig_7319_completo.xlsx","13756_Cuenca_Huaura/_raw_reportes_xlsx/IDConfig_7319_completo.xlsx",72561,70.86,"6a775c6776efc4c2797711660dcff4dd"
23201,"13756","13756_Cuenca_Huaura","IDConfig_23201_completo.xlsx","13756_Cuenca_Huaura/_raw_reportes_xlsx/IDConfig_23201_completo.xlsx",18265,17.84,"a9c091a2a3af908c890eed3a861d9090"
52135,"13756","13756_Cuenca_Huaura","IDConfig_52135_completo.xlsx","13756_Cuenca_Huaura/_raw_reportes_xlsx/IDConfig_52135_completo.xlsx",82883,80.94,"63cc52ec7ad276a489ad8f76e27c04df"
52140,"13756","13756_Cuenca_Huaura","IDConfig_52140_completo.xlsx","13756_Cuenca_Huaura/_raw_reportes_xlsx/IDConfig_52140_completo.xlsx",82713,80.77,"12cb0cc42f0c16c65773afab33237987"
52141,"13756","13756_Cuenca_Huaura","IDConfig_52141_completo.xlsx","13756_Cuenca_Huaura/_raw_reportes_xlsx/IDConfig_52141_completo.xlsx",52277,51.05,"e1e006cbbe8330e12b0cdddb317bb8c0"
52177,"13756","13756_Cuenca_Huaura","IDConfig_52177_completo.xlsx","13756_Cuenca_Huaura/_raw_reportes_xlsx/IDConfig_52177_completo.xlsx",67308,65.73,"9471927e38061cc7cbd61beed1680893"
52276,"13756","13756_Cuenca_Huaura","IDConfig_52276_completo.xlsx","13756_Cuenca_Huaura/_raw_reportes_xlsx/IDConfig_52276_completo.xlsx",58041,56.68,"5022542c4ed7b75762dd8f0bc948f364"
52403,"13756","13756_Cuenca_Huaura","IDConfig_52403_completo.xlsx","13756_Cuenca_Huaura/_raw_reportes_xlsx/IDConfig_52403_completo.xlsx",79966,78.09,"f970d53f92255899b126db8f0131b8ab"
52634,"13756","13756_Cuenca_Huaura","IDConfig_52634_completo.xlsx","13756_Cuenca_Huaura/_raw_reportes_xlsx/IDConfig_52634_completo.xlsx",86910,84.87,"2537377fc4dc6a444e190b487969be58"
52639,"13756","13756_Cuenca_Huaura","IDConfig_52639_completo.xlsx","13756_Cuenca_Huaura/_raw_reportes_xlsx/IDConfig_52639_completo.xlsx",60193,58.78,"099d07633a7159cf7ee77ecf78f9f837"
61475,"13756","13756_Cuenca_Huaura","IDConfig_61475_completo.xlsx","13756_Cuenca_Huaura/_raw_reportes_xlsx/IDConfig_61475_completo.xlsx",261368,255.24,"3812cda4aa9acc182803fe5a6b6b11fa"
63306,"13756","13756_Cuenca_Huaura","IDConfig_63306_completo.xlsx","13756_Cuenca_Huaura/_raw_reportes_xlsx/IDConfig_63306_completo.xlsx",10113,9.88,"7cdf3bb51b59b1956c1ae6e00454054b"
63537,"13756","13756_Cuenca_Huaura","IDConfig_63537_completo.xlsx","13756_Cuenca_Huaura/_raw_reportes_xlsx/IDConfig_63537_completo.xlsx",38051,37.16,"621638884191195b4fc00af57d3cf40a"
63551,"13756","13756_Cuenca_Huaura","IDConfig_63551_completo.xlsx","13756_Cuenca_Huaura/_raw_reportes_xlsx/IDConfig_63551_completo.xlsx",39610,38.68,"dda1b57d67346b2ab9c208eefba9d32e"
64884,"13756","13756_Cuenca_Huaura","IDConfig_64884_completo.xlsx","13756_Cuenca_Huaura/_raw_reportes_xlsx/IDConfig_64884_completo.xlsx",12820,12.52,"82b0baf1f25a0a7b396a04edfed1801c"
64885,"13756","13756_Cuenca_Huaura","IDConfig_64885_completo.xlsx","13756_Cuenca_Huaura/_raw_reportes_xlsx/IDConfig_64885_completo.xlsx",153298,149.71,"3b0687cae585c37f06791a51222f30e3"
64973,"13756","13756_Cuenca_Huaura","IDConfig_64973_completo.xlsx","13756_Cuenca_Huaura/_raw_reportes_xlsx/IDConfig_64973_completo.xlsx",13539,13.22,"b03cd645842462b45c911b8e2da8f635"
65067,"13756","13756_Cuenca_Huaura","IDConfig_65067_completo.xlsx","13756_Cuenca_Huaura/_raw_reportes_xlsx/IDConfig_65067_completo.xlsx",179487,175.28,"ca39f580d08c929139f5d351b8802a18"
67632,"13756","13756_Cuenca_Huaura","IDConfig_67632_completo.xlsx","13756_Cuenca_Huaura/_raw_reportes_xlsx/IDConfig_67632_completo.xlsx",12333,12.04,"3ed50d7f6b2b825a71c16cf18fb7f9c0"
67663,"13756","13756_Cuenca_Huaura","IDConfig_67663_completo.xlsx","13756_Cuenca_Huaura/_raw_reportes_xlsx/IDConfig_67663_completo.xlsx",11471,11.2,"03662619dec1f7302dbdb6cffca549a6"
67733,"13756","13756_Cuenca_Huaura","IDConfig_67733_completo.xlsx","13756_Cuenca_Huaura/_raw_reportes_xlsx/IDConfig_67733_completo.xlsx",12048,11.77,"515d1a1e0d0330354d5360e1380ae83e"
67764,"13756","13756_Cuenca_Huaura","IDConfig_67764_completo.xlsx","13756_Cuenca_Huaura/_raw_reportes_xlsx/IDConfig_67764_completo.xlsx",11244,10.98,"03ff2511f03d568ad0805734f0656535"
1411,"137571","137571_Intercuenca_137571","IDConfig_1411_completo.xlsx","137571_Intercuenca_137571/_raw_reportes_xlsx/IDConfig_1411_completo.xlsx",41396,40.43,"a4b26c07f749dc1d38decc99932b7b41"
676,"137572","137572_Cuenca_Supe","IDConfig_676_completo.xlsx","137572_Cuenca_Supe/_raw_reportes_xlsx/IDConfig_676_completo.xlsx",85835,83.82,"bda88be44d12b221c3e3ac4bc3fa5325"
1715,"137572","137572_Cuenca_Supe","IDConfig_1715_completo.xlsx","137572_Cuenca_Supe/_raw_reportes_xlsx/IDConfig_1715_completo.xlsx",4500,4.39,"a84632e30244a82eaff1c3c6fa14f6d0"
1725,"137572","137572_Cuenca_Supe","IDConfig_1725_completo.xlsx","137572_Cuenca_Supe/_raw_reportes_xlsx/IDConfig_1725_completo.xlsx",77048,75.24,"bc8b2bd2aab50d396b62ee1f56f6e84c"
2597,"137572","137572_Cuenca_Supe","IDConfig_2597_completo.xlsx","137572_Cuenca_Supe/_raw_reportes_xlsx/IDConfig_2597_completo.xlsx",46646,45.55,"d83cc082426a0700b409777af662a178"
3033,"137572","137572_Cuenca_Supe","IDConfig_3033_completo.xlsx","137572_Cuenca_Supe/_raw_reportes_xlsx/IDConfig_3033_completo.xlsx",10083,9.85,"51a7e7da9580554ebe161b08fe9d08f7"
217,"13758","13758_Cuenca_Pativilca","IDConfig_217_completo.xlsx","13758_Cuenca_Pativilca/_raw_reportes_xlsx/IDConfig_217_completo.xlsx",74285,72.54,"12148eb27b55b377ab7b51c9a44fcc19"
364,"13758","13758_Cuenca_Pativilca","IDConfig_364_completo.xlsx","13758_Cuenca_Pativilca/_raw_reportes_xlsx/IDConfig_364_completo.xlsx",10965,10.71,"1a8210d565a28c8b6ab86f90bb9b4df4"
525,"13758","13758_Cuenca_Pativilca","IDConfig_525_completo.xlsx","13758_Cuenca_Pativilca/_raw_reportes_xlsx/IDConfig_525_completo.xlsx",21028,20.54,"f3901f03992e381ec5f416dcf032c46c"
740,"13758","13758_Cuenca_Pativilca","IDConfig_740_completo.xlsx","13758_Cuenca_Pativilca/_raw_reportes_xlsx/IDConfig_740_completo.xlsx",63600,62.11,"449eebd61a639729a754059d58fa7645"
1443,"13758","13758_Cuenca_Pativilca","IDConfig_1443_completo.xlsx","13758_Cuenca_Pativilca/_raw_reportes_xlsx/IDConfig_1443_completo.xlsx",59164,57.78,"527aad4ebc0fe74535ebe5b7873ea433"
1602,"13758","13758_Cuenca_Pativilca","IDConfig_1602_completo.xlsx","13758_Cuenca_Pativilca/_raw_reportes_xlsx/IDConfig_1602_completo.xlsx",148043,144.57,"6bfb89fc86e18283bcac72bb37af15f3"
2082,"13758","13758_Cuenca_Pativilca","IDConfig_2082_completo.xlsx","13758_Cuenca_Pativilca/_raw_reportes_xlsx/IDConfig_2082_completo.xlsx",29501,28.81,"6ee185ca949d670d2f6598bf82a1ac6f"
2504,"13758","13758_Cuenca_Pativilca","IDConfig_2504_completo.xlsx","13758_Cuenca_Pativilca/_raw_reportes_xlsx/IDConfig_2504_completo.xlsx",59016,57.63,"f2b7ec67c3744be9fe7ed0a3caec8a69"
2973,"13758","13758_Cuenca_Pativilca","IDConfig_2973_completo.xlsx","13758_Cuenca_Pativilca/_raw_reportes_xlsx/IDConfig_2973_completo.xlsx",71914,70.23,"ca81bafa66fa407d5bb37d0e49f7d455"
3632,"13758","13758_Cuenca_Pativilca","IDConfig_3632_completo.xlsx","13758_Cuenca_Pativilca/_raw_reportes_xlsx/IDConfig_3632_completo.xlsx",9980,9.75,"ef2adba7799808a42a323f93889803d5"
3869,"13758","13758_Cuenca_Pativilca","IDConfig_3869_completo.xlsx","13758_Cuenca_Pativilca/_raw_reportes_xlsx/IDConfig_3869_completo.xlsx",5646,5.51,"96f0c39028ce4dbc51281e0ebe090451"
4128,"13758","13758_Cuenca_Pativilca","IDConfig_4128_completo.xlsx","13758_Cuenca_Pativilca/_raw_reportes_xlsx/IDConfig_4128_completo.xlsx",59154,57.77,"335698f494ca4937d3e4743933647f22"
5660,"13758","13758_Cuenca_Pativilca","IDConfig_5660_completo.xlsx","13758_Cuenca_Pativilca/_raw_reportes_xlsx/IDConfig_5660_completo.xlsx",59108,57.72,"38e6a8b62a9bf7c095671476b78c9f83"
5683,"13758","13758_Cuenca_Pativilca","IDConfig_5683_completo.xlsx","13758_Cuenca_Pativilca/_raw_reportes_xlsx/IDConfig_5683_completo.xlsx",18568,18.13,"1ea39d45e8d030327810982467bb5f86"
8022,"13758","13758_Cuenca_Pativilca","IDConfig_8022_completo.xlsx","13758_Cuenca_Pativilca/_raw_reportes_xlsx/IDConfig_8022_completo.xlsx",5383,5.26,"0efc42454cdb1df670ea7be2eebe9deb"
8042,"13758","13758_Cuenca_Pativilca","IDConfig_8042_completo.xlsx","13758_Cuenca_Pativilca/_raw_reportes_xlsx/IDConfig_8042_completo.xlsx",168820,164.86,"a5fb00712e13b09dbd6db53eb904e2f1"
1159,"137591","137591_Intercuenca_137591","IDConfig_1159_completo.xlsx","137591_Intercuenca_137591/_raw_reportes_xlsx/IDConfig_1159_completo.xlsx",32468,31.71,"a74fa1863782a072f2ea105514bb3a9a"
5826,"137591","137591_Intercuenca_137591","IDConfig_5826_completo.xlsx","137591_Intercuenca_137591/_raw_reportes_xlsx/IDConfig_5826_completo.xlsx",74434,72.69,"1d2ee0d9ea4cca6d9da0ea51d550625c"
216,"137592","137592_Cuenca_Fortaleza","IDConfig_216_completo.xlsx","137592_Cuenca_Fortaleza/_raw_reportes_xlsx/IDConfig_216_completo.xlsx",30186,29.48,"e8b858f7e23ecf1bee535dddbd61ba8a"
251,"137592","137592_Cuenca_Fortaleza","IDConfig_251_completo.xlsx","137592_Cuenca_Fortaleza/_raw_reportes_xlsx/IDConfig_251_completo.xlsx",42086,41.1,"121d976d6e52fc2ac8de6d913aad192c"
642,"137592","137592_Cuenca_Fortaleza","IDConfig_642_completo.xlsx","137592_Cuenca_Fortaleza/_raw_reportes_xlsx/IDConfig_642_completo.xlsx",38293,37.4,"0e7a38d08ba58ffb952c44532d0f5b7d"
1187,"137592","137592_Cuenca_Fortaleza","IDConfig_1187_completo.xlsx","137592_Cuenca_Fortaleza/_raw_reportes_xlsx/IDConfig_1187_completo.xlsx",39469,38.54,"9c528e59787b98e8372c6d88c71a4761"
2731,"137592","137592_Cuenca_Fortaleza","IDConfig_2731_completo.xlsx","137592_Cuenca_Fortaleza/_raw_reportes_xlsx/IDConfig_2731_completo.xlsx",56188,54.87,"2a6ba85a73858f7c4bcaedeccc542837"
3174,"137592","137592_Cuenca_Fortaleza","IDConfig_3174_completo.xlsx","137592_Cuenca_Fortaleza/_raw_reportes_xlsx/IDConfig_3174_completo.xlsx",105320,102.85,"82f7c1926210df0432b0442c5079f1a1"
3559,"137592","137592_Cuenca_Fortaleza","IDConfig_3559_completo.xlsx","137592_Cuenca_Fortaleza/_raw_reportes_xlsx/IDConfig_3559_completo.xlsx",16289,15.91,"ebd0d9feacdb8c591d834dbd310634f9"
4100,"137592","137592_Cuenca_Fortaleza","IDConfig_4100_completo.xlsx","137592_Cuenca_Fortaleza/_raw_reportes_xlsx/IDConfig_4100_completo.xlsx",36565,35.71,"94f619f7255c2f4e2b3beea51cf984db"
4101,"137592","137592_Cuenca_Fortaleza","IDConfig_4101_completo.xlsx","137592_Cuenca_Fortaleza/_raw_reportes_xlsx/IDConfig_4101_completo.xlsx",10658,10.41,"98a6a07d8c66bb9497640206914bc8ca"
5693,"137592","137592_Cuenca_Fortaleza","IDConfig_5693_completo.xlsx","137592_Cuenca_Fortaleza/_raw_reportes_xlsx/IDConfig_5693_completo.xlsx",18456,18.02,"846113dc648aaa054071ff98e2d768bf"
5701,"137592","137592_Cuenca_Fortaleza","IDConfig_5701_completo.xlsx","137592_Cuenca_Fortaleza/_raw_reportes_xlsx/IDConfig_5701_completo.xlsx",55798,54.49,"97b55cb51550739e95f070c657978c7a"
5708,"137592","137592_Cuenca_Fortaleza","IDConfig_5708_completo.xlsx","137592_Cuenca_Fortaleza/_raw_reportes_xlsx/IDConfig_5708_completo.xlsx",3667,3.58,"bbd5e4553adaf261855ddb08283def11"
5713,"137592","137592_Cuenca_Fortaleza","IDConfig_5713_completo.xlsx","137592_Cuenca_Fortaleza/_raw_reportes_xlsx/IDConfig_5713_completo.xlsx",74927,73.17,"6ceee01a7abf3d68504d728ee2175306"
5715,"137592","137592_Cuenca_Fortaleza","IDConfig_5715_completo.xlsx","137592_Cuenca_Fortaleza/_raw_reportes_xlsx/IDConfig_5715_completo.xlsx",79129,77.27,"0c5278c3007bdca0dc1ee659acecee81"
1321,"137594","137594_Cuenca_Huarmey","IDConfig_1321_completo.xlsx","137594_Cuenca_Huarmey/_raw_reportes_xlsx/IDConfig_1321_completo.xlsx",23182,22.64,"dbe71a231215e8f0dee40d150d0b7734"
3142,"137594","137594_Cuenca_Huarmey","IDConfig_3142_completo.xlsx","137594_Cuenca_Huarmey/_raw_reportes_xlsx/IDConfig_3142_completo.xlsx",18843,18.4,"d3b5bfcc5947fdf9cb780b4216ab0299"
3677,"137594","137594_Cuenca_Huarmey","IDConfig_3677_completo.xlsx","137594_Cuenca_Huarmey/_raw_reportes_xlsx/IDConfig_3677_completo.xlsx",115048,112.35,"7e9ee2f0aa00e04e4041f8a843b7ac20"
3979,"137594","137594_Cuenca_Huarmey","IDConfig_3979_completo.xlsx","137594_Cuenca_Huarmey/_raw_reportes_xlsx/IDConfig_3979_completo.xlsx",83672,81.71,"426c25d8995c975c69b7413293b74d79"
4238,"137594","137594_Cuenca_Huarmey","IDConfig_4238_completo.xlsx","137594_Cuenca_Huarmey/_raw_reportes_xlsx/IDConfig_4238_completo.xlsx",12463,12.17,"c38605f02879ee143cc976a099df1b22"
63497,"137594","137594_Cuenca_Huarmey","IDConfig_63497_completo.xlsx","137594_Cuenca_Huarmey/_raw_reportes_xlsx/IDConfig_63497_completo.xlsx",14767,14.42,"c1f99a9875ed29463ea0ea0999be6cb6"
63531,"137594","137594_Cuenca_Huarmey","IDConfig_63531_completo.xlsx","137594_Cuenca_Huarmey/_raw_reportes_xlsx/IDConfig_63531_completo.xlsx",13564,13.25,"09022c8c8fe10030696f3ef67ea33404"
524,"1375951","1375951_Intercuenca_1375951","IDConfig_524_completo.xlsx","1375951_Intercuenca_1375951/_raw_reportes_xlsx/IDConfig_524_completo.xlsx",5480,5.35,"7568e2a1f8f1cf1b96436c119368c05d"
1907,"1375951","1375951_Intercuenca_1375951","IDConfig_1907_completo.xlsx","1375951_Intercuenca_1375951/_raw_reportes_xlsx/IDConfig_1907_completo.xlsx",50490,49.31,"a8a1bdfada7a2adad70475eb18690e1a"
3032,"1375951","1375951_Intercuenca_1375951","IDConfig_3032_completo.xlsx","1375951_Intercuenca_1375951/_raw_reportes_xlsx/IDConfig_3032_completo.xlsx",17072,16.67,"53bf3a4b662fdf442fc269487674a003"
63542,"1375951","1375951_Intercuenca_1375951","IDConfig_63542_completo.xlsx","1375951_Intercuenca_1375951/_raw_reportes_xlsx/IDConfig_63542_completo.xlsx",9662,9.44,"31fcbf2d924f909470d3b73fbdf722e6"
3821,"1375952","1375952_Cuenca_Culebras","IDConfig_3821_completo.xlsx","1375952_Cuenca_Culebras/_raw_reportes_xlsx/IDConfig_3821_completo.xlsx",48414,47.28,"f2363814cb23f1bc97a044a2e8d20b0c"
230,"137596","137596_Cuenca_Casma","IDConfig_230_completo.xlsx","137596_Cuenca_Casma/_raw_reportes_xlsx/IDConfig_230_completo.xlsx",18229,17.8,"ca1e43217bec9a7372db9f6cee4c34aa"
1561,"137596","137596_Cuenca_Casma","IDConfig_1561_completo.xlsx","137596_Cuenca_Casma/_raw_reportes_xlsx/IDConfig_1561_completo.xlsx",18934,18.49,"d52b4b940957fba3c246cc072a43776f"
1824,"137596","137596_Cuenca_Casma","IDConfig_1824_completo.xlsx","137596_Cuenca_Casma/_raw_reportes_xlsx/IDConfig_1824_completo.xlsx",8554,8.35,"72f8786ca9b933908101ba46045e2765"
2503,"137596","137596_Cuenca_Casma","IDConfig_2503_completo.xlsx","137596_Cuenca_Casma/_raw_reportes_xlsx/IDConfig_2503_completo.xlsx",9810,9.58,"8ea6bc0d36f66bac4276bdb279746a5f"
3291,"137596","137596_Cuenca_Casma","IDConfig_3291_completo.xlsx","137596_Cuenca_Casma/_raw_reportes_xlsx/IDConfig_3291_completo.xlsx",21413,20.91,"ee10612a5d47ed4d341833dfe15aaffb"
3992,"137596","137596_Cuenca_Casma","IDConfig_3992_completo.xlsx","137596_Cuenca_Casma/_raw_reportes_xlsx/IDConfig_3992_completo.xlsx",8544,8.34,"9f7087cd63fc3f31ad991fbfc264576d"
52181,"137596","137596_Cuenca_Casma","IDConfig_52181_completo.xlsx","137596_Cuenca_Casma/_raw_reportes_xlsx/IDConfig_52181_completo.xlsx",85778,83.77,"6af8ce7086f1cb0f4a3f9d1949056d1f"
52409,"137596","137596_Cuenca_Casma","IDConfig_52409_completo.xlsx","137596_Cuenca_Casma/_raw_reportes_xlsx/IDConfig_52409_completo.xlsx",58498,57.13,"d81f0c279f85b9e610ef1ec55940947f"
63532,"137596","137596_Cuenca_Casma","IDConfig_63532_completo.xlsx","137596_Cuenca_Casma/_raw_reportes_xlsx/IDConfig_63532_completo.xlsx",10959,10.7,"8c802f4cf113557d607380679c677b4a"
63559,"137596","137596_Cuenca_Casma","IDConfig_63559_completo.xlsx","137596_Cuenca_Casma/_raw_reportes_xlsx/IDConfig_63559_completo.xlsx",9863,9.63,"ea0789a4dad902540f59c9cb956e3d45"
875,"137598","137598_Cuenca_Nepena","IDConfig_875_completo.xlsx","137598_Cuenca_Nepena/_raw_reportes_xlsx/IDConfig_875_completo.xlsx",22191,21.67,"ac8232acf0a5a196aa39492dd2e2bd64"
1587,"137598","137598_Cuenca_Nepena","IDConfig_1587_completo.xlsx","137598_Cuenca_Nepena/_raw_reportes_xlsx/IDConfig_1587_completo.xlsx",22648,22.12,"36b940cad03ccd47863ff4270cfe8171"
3031,"137598","137598_Cuenca_Nepena","IDConfig_3031_completo.xlsx","137598_Cuenca_Nepena/_raw_reportes_xlsx/IDConfig_3031_completo.xlsx",42611,41.61,"68f3364182215321c1fca9f3cc877f01"
992,"1375991","1375991_Intercuenca_1375991","IDConfig_992_completo.xlsx","1375991_Intercuenca_1375991/_raw_reportes_xlsx/IDConfig_992_completo.xlsx",31934,31.19,"054e6a095ff940421aecbb4f0e59c9e4"
170,"1375999","1375999_Intercuenca_1375999","IDConfig_170_completo.xlsx","1375999_Intercuenca_1375999/_raw_reportes_xlsx/IDConfig_170_completo.xlsx",23178,22.63,"325a74ed1da278a950fcb9a37399ab99"
1515,"1375999","1375999_Intercuenca_1375999","IDConfig_1515_completo.xlsx","1375999_Intercuenca_1375999/_raw_reportes_xlsx/IDConfig_1515_completo.xlsx",50124,48.95,"97384c29ae384924f7f8127e6e62452d"
3403,"1375999","1375999_Intercuenca_1375999","IDConfig_3403_completo.xlsx","1375999_Intercuenca_1375999/_raw_reportes_xlsx/IDConfig_3403_completo.xlsx",16595,16.21,"12923c39aeeb73b86984a33061309311"
83,"1376","1376_Cuenca_Santa","IDConfig_83_completo.xlsx","1376_Cuenca_Santa/_raw_reportes_xlsx/IDConfig_83_completo.xlsx",34169,33.37,"9bb4cb8135e7f0aeaa91057b533be5fc"
495,"1376","1376_Cuenca_Santa","IDConfig_495_completo.xlsx","1376_Cuenca_Santa/_raw_reportes_xlsx/IDConfig_495_completo.xlsx",107743,105.22,"ca603611016b076274bf15209a6a899a"
523,"1376","1376_Cuenca_Santa","IDConfig_523_completo.xlsx","1376_Cuenca_Santa/_raw_reportes_xlsx/IDConfig_523_completo.xlsx",6185,6.04,"93e4a88ff4bc87021adee63d46bbc89a"
559,"1376","1376_Cuenca_Santa","IDConfig_559_completo.xlsx","1376_Cuenca_Santa/_raw_reportes_xlsx/IDConfig_559_completo.xlsx",60199,58.79,"bcfc7eb43c85cc9cc59f600e2f1fa721"
661,"1376","1376_Cuenca_Santa","IDConfig_661_completo.xlsx","1376_Cuenca_Santa/_raw_reportes_xlsx/IDConfig_661_completo.xlsx",7073,6.91,"671a577d25f32ccc4b0028e7d5206c4f"
662,"1376","1376_Cuenca_Santa","IDConfig_662_completo.xlsx","1376_Cuenca_Santa/_raw_reportes_xlsx/IDConfig_662_completo.xlsx",6571,6.42,"ad3a90d42aa5dc43776c985c3f08c901"
663,"1376","1376_Cuenca_Santa","IDConfig_663_completo.xlsx","1376_Cuenca_Santa/_raw_reportes_xlsx/IDConfig_663_completo.xlsx",41106,40.14,"65c16bcdbf7a56c1d15e0b6ad7ccbf41"
696,"1376","1376_Cuenca_Santa","IDConfig_696_completo.xlsx","1376_Cuenca_Santa/_raw_reportes_xlsx/IDConfig_696_completo.xlsx",24890,24.31,"c19ca5c0d958f9dd3e13c129f75473ff"
812,"1376","1376_Cuenca_Santa","IDConfig_812_completo.xlsx","1376_Cuenca_Santa/_raw_reportes_xlsx/IDConfig_812_completo.xlsx",41710,40.73,"d991ac2cbaeec9d8d0933d4dcc209229"
1210,"1376","1376_Cuenca_Santa","IDConfig_1210_completo.xlsx","1376_Cuenca_Santa/_raw_reportes_xlsx/IDConfig_1210_completo.xlsx",42782,41.78,"ab03dbde4d5d5709908c74b5fe55ddca"
1406,"1376","1376_Cuenca_Santa","IDConfig_1406_completo.xlsx","1376_Cuenca_Santa/_raw_reportes_xlsx/IDConfig_1406_completo.xlsx",50116,48.94,"f6f76828fad7863caee60a400da0712b"
1586,"1376","1376_Cuenca_Santa","IDConfig_1586_completo.xlsx","1376_Cuenca_Santa/_raw_reportes_xlsx/IDConfig_1586_completo.xlsx",10635,10.39,"cf7e97e843aa8b240921c9e76d481261"
1713,"1376","1376_Cuenca_Santa","IDConfig_1713_completo.xlsx","1376_Cuenca_Santa/_raw_reportes_xlsx/IDConfig_1713_completo.xlsx",24058,23.49,"c132f52062bb7b5c74005a6d9de98558"
1714,"1376","1376_Cuenca_Santa","IDConfig_1714_completo.xlsx","1376_Cuenca_Santa/_raw_reportes_xlsx/IDConfig_1714_completo.xlsx",28745,28.07,"8a60011d9923e4190a58fbdce6eb9c55"
1762,"1376","1376_Cuenca_Santa","IDConfig_1762_completo.xlsx","1376_Cuenca_Santa/_raw_reportes_xlsx/IDConfig_1762_completo.xlsx",43483,42.46,"9f5c25ba22374e710381536dfa9e864e"
1840,"1376","1376_Cuenca_Santa","IDConfig_1840_completo.xlsx","1376_Cuenca_Santa/_raw_reportes_xlsx/IDConfig_1840_completo.xlsx",16758,16.37,"c06077a80f864dd772d123823c070cca"
2226,"1376","1376_Cuenca_Santa","IDConfig_2226_completo.xlsx","1376_Cuenca_Santa/_raw_reportes_xlsx/IDConfig_2226_completo.xlsx",76109,74.33,"d605ef383790f0b0098894c0921654c0"
2227,"1376","1376_Cuenca_Santa","IDConfig_2227_completo.xlsx","1376_Cuenca_Santa/_raw_reportes_xlsx/IDConfig_2227_completo.xlsx",43615,42.59,"8038ae6016cc16c36c7f0e84e88f1275"
2353,"1376","1376_Cuenca_Santa","IDConfig_2353_completo.xlsx","1376_Cuenca_Santa/_raw_reportes_xlsx/IDConfig_2353_completo.xlsx",13129,12.82,"93025d28948be25d11c08ab7d459147a"
2557,"1376","1376_Cuenca_Santa","IDConfig_2557_completo.xlsx","1376_Cuenca_Santa/_raw_reportes_xlsx/IDConfig_2557_completo.xlsx",33613,32.83,"17e73af1a1ce08dc883b7e3a3d5aa3b6"
2558,"1376","1376_Cuenca_Santa","IDConfig_2558_completo.xlsx","1376_Cuenca_Santa/_raw_reportes_xlsx/IDConfig_2558_completo.xlsx",5197,5.08,"c2897c8fc6feb732fce8bf708593a9d2"
2626,"1376","1376_Cuenca_Santa","IDConfig_2626_completo.xlsx","1376_Cuenca_Santa/_raw_reportes_xlsx/IDConfig_2626_completo.xlsx",43324,42.31,"cb7741b02def56e6ba130a7b1ef7ce81"
2627,"1376","1376_Cuenca_Santa","IDConfig_2627_completo.xlsx","1376_Cuenca_Santa/_raw_reportes_xlsx/IDConfig_2627_completo.xlsx",9778,9.55,"e7d848dff698eb8c2ea6683d62998fe9"
2771,"1376","1376_Cuenca_Santa","IDConfig_2771_completo.xlsx","1376_Cuenca_Santa/_raw_reportes_xlsx/IDConfig_2771_completo.xlsx",6496,6.34,"a5b951bbe7ed537359f591380321fdd2"
2907,"1376","1376_Cuenca_Santa","IDConfig_2907_completo.xlsx","1376_Cuenca_Santa/_raw_reportes_xlsx/IDConfig_2907_completo.xlsx",6281,6.13,"6340792fe14863103e1a95457a36b08c"
3249,"1376","1376_Cuenca_Santa","IDConfig_3249_completo.xlsx","1376_Cuenca_Santa/_raw_reportes_xlsx/IDConfig_3249_completo.xlsx",43160,42.15,"daa36296be84fdee68900e8ae38dd91a"
3289,"1376","1376_Cuenca_Santa","IDConfig_3289_completo.xlsx","1376_Cuenca_Santa/_raw_reportes_xlsx/IDConfig_3289_completo.xlsx",6184,6.04,"6f9b20e60d75eba0229ac03f35251659"
3290,"1376","1376_Cuenca_Santa","IDConfig_3290_completo.xlsx","1376_Cuenca_Santa/_raw_reportes_xlsx/IDConfig_3290_completo.xlsx",13026,12.72,"7ae4f77a398f9ebffba1246a341b103a"
3361,"1376","1376_Cuenca_Santa","IDConfig_3361_completo.xlsx","1376_Cuenca_Santa/_raw_reportes_xlsx/IDConfig_3361_completo.xlsx",60613,59.19,"dc74fedf24fd6663e21bf1e21f0370cf"
3845,"1376","1376_Cuenca_Santa","IDConfig_3845_completo.xlsx","1376_Cuenca_Santa/_raw_reportes_xlsx/IDConfig_3845_completo.xlsx",41319,40.35,"7c9f8e24dde4c07743b24a1a2782803a"
3846,"1376","1376_Cuenca_Santa","IDConfig_3846_completo.xlsx","1376_Cuenca_Santa/_raw_reportes_xlsx/IDConfig_3846_completo.xlsx",35889,35.05,"150cac4cbcb7cd7c08b3f5a74e7f1bd7"
3990,"1376","1376_Cuenca_Santa","IDConfig_3990_completo.xlsx","1376_Cuenca_Santa/_raw_reportes_xlsx/IDConfig_3990_completo.xlsx",26748,26.12,"70ea4d262e80706a19e9db90e17ca760"
3991,"1376","1376_Cuenca_Santa","IDConfig_3991_completo.xlsx","1376_Cuenca_Santa/_raw_reportes_xlsx/IDConfig_3991_completo.xlsx",34363,33.56,"962a07c02335367c86b64bc4625c0fe0"
4117,"1376","1376_Cuenca_Santa","IDConfig_4117_completo.xlsx","1376_Cuenca_Santa/_raw_reportes_xlsx/IDConfig_4117_completo.xlsx",115313,112.61,"3a40330d02da522c3b28303dc7c1818e"
4237,"1376","1376_Cuenca_Santa","IDConfig_4237_completo.xlsx","1376_Cuenca_Santa/_raw_reportes_xlsx/IDConfig_4237_completo.xlsx",6130,5.99,"6ca2b8d25d0b66f3473dfbc3405a71ce"
4269,"1376","1376_Cuenca_Santa","IDConfig_4269_completo.xlsx","1376_Cuenca_Santa/_raw_reportes_xlsx/IDConfig_4269_completo.xlsx",13178,12.87,"24bae9673b5c6e8b36737204fe961e8b"
4359,"1376","1376_Cuenca_Santa","IDConfig_4359_completo.xlsx","1376_Cuenca_Santa/_raw_reportes_xlsx/IDConfig_4359_completo.xlsx",4295,4.19,"0de12016676a6b1f7966e4a98c3c1e4e"
7681,"1376","1376_Cuenca_Santa","IDConfig_7681_completo.xlsx","1376_Cuenca_Santa/_raw_reportes_xlsx/IDConfig_7681_completo.xlsx",72310,70.62,"793d80df82b7c2c5e71b864ae73fa63f"
7683,"1376","1376_Cuenca_Santa","IDConfig_7683_completo.xlsx","1376_Cuenca_Santa/_raw_reportes_xlsx/IDConfig_7683_completo.xlsx",200730,196.03,"8802940d6294bda5ef46d4b4b6b8d901"
23125,"1376","1376_Cuenca_Santa","IDConfig_23125_completo.xlsx","1376_Cuenca_Santa/_raw_reportes_xlsx/IDConfig_23125_completo.xlsx",12501,12.21,"070c7216237f8587fefd4ddc44bd8d59"
23127,"1376","1376_Cuenca_Santa","IDConfig_23127_completo.xlsx","1376_Cuenca_Santa/_raw_reportes_xlsx/IDConfig_23127_completo.xlsx",11374,11.11,"89da364e09085bdcbcef09ae3636c7e3"
51792,"1376","1376_Cuenca_Santa","IDConfig_51792_completo.xlsx","1376_Cuenca_Santa/_raw_reportes_xlsx/IDConfig_51792_completo.xlsx",85441,83.44,"5ad81a34f8b99d269936fff73fc3aa80"
51903,"1376","1376_Cuenca_Santa","IDConfig_51903_completo.xlsx","1376_Cuenca_Santa/_raw_reportes_xlsx/IDConfig_51903_completo.xlsx",55593,54.29,"5f852ef6b27a6263d8764b93387c7719"
51977,"1376","1376_Cuenca_Santa","IDConfig_51977_completo.xlsx","1376_Cuenca_Santa/_raw_reportes_xlsx/IDConfig_51977_completo.xlsx",81985,80.06,"eaa2e3ef333bebdd857d41559569ad02"
52075,"1376","1376_Cuenca_Santa","IDConfig_52075_completo.xlsx","1376_Cuenca_Santa/_raw_reportes_xlsx/IDConfig_52075_completo.xlsx",76458,74.67,"77356eea22b21aa490b0bce26c5b5420"
52557,"1376","1376_Cuenca_Santa","IDConfig_52557_completo.xlsx","1376_Cuenca_Santa/_raw_reportes_xlsx/IDConfig_52557_completo.xlsx",87127,85.08,"864880ceb12eebdf085c85e04678f931"
62991,"1376","1376_Cuenca_Santa","IDConfig_62991_completo.xlsx","1376_Cuenca_Santa/_raw_reportes_xlsx/IDConfig_62991_completo.xlsx",22578,22.05,"f47ec944ae08317ede939069581d2590"
63340,"1376","1376_Cuenca_Santa","IDConfig_63340_completo.xlsx","1376_Cuenca_Santa/_raw_reportes_xlsx/IDConfig_63340_completo.xlsx",8066,7.88,"e8b7fc4e689e0c05da6aeae42e6827ba"
63356,"1376","1376_Cuenca_Santa","IDConfig_63356_completo.xlsx","1376_Cuenca_Santa/_raw_reportes_xlsx/IDConfig_63356_completo.xlsx",135487,132.31,"86f246ead66bd09ac09b6cb2a26ecf14"
63495,"1376","1376_Cuenca_Santa","IDConfig_63495_completo.xlsx","1376_Cuenca_Santa/_raw_reportes_xlsx/IDConfig_63495_completo.xlsx",9857,9.63,"6d3b9fbbffbc3974c7b0c1cad5085459"
63521,"1376","1376_Cuenca_Santa","IDConfig_63521_completo.xlsx","1376_Cuenca_Santa/_raw_reportes_xlsx/IDConfig_63521_completo.xlsx",12521,12.23,"7918d384b677795495691c28c8b572e6"
63557,"1376","1376_Cuenca_Santa","IDConfig_63557_completo.xlsx","1376_Cuenca_Santa/_raw_reportes_xlsx/IDConfig_63557_completo.xlsx",13509,13.19,"c729bd78b5c1c47ac0d2b6a4d9455d3b"
64986,"1376","1376_Cuenca_Santa","IDConfig_64986_completo.xlsx","1376_Cuenca_Santa/_raw_reportes_xlsx/IDConfig_64986_completo.xlsx",12306,12.02,"506532fbf7b114af373d4671580d6be7"
64998,"1376","1376_Cuenca_Santa","IDConfig_64998_completo.xlsx","1376_Cuenca_Santa/_raw_reportes_xlsx/IDConfig_64998_completo.xlsx",10020,9.79,"91408d46d9de3903982924f6629ec9e7"
65080,"1376","1376_Cuenca_Santa","IDConfig_65080_completo.xlsx","1376_Cuenca_Santa/_raw_reportes_xlsx/IDConfig_65080_completo.xlsx",148051,144.58,"88cf7e6e014ae80b5f1c278f2beedcef"
65092,"1376","1376_Cuenca_Santa","IDConfig_65092_completo.xlsx","1376_Cuenca_Santa/_raw_reportes_xlsx/IDConfig_65092_completo.xlsx",25038,24.45,"dc2703cadff1cecb453d2ecc26d37756"
67645,"1376","1376_Cuenca_Santa","IDConfig_67645_completo.xlsx","1376_Cuenca_Santa/_raw_reportes_xlsx/IDConfig_67645_completo.xlsx",10795,10.54,"6468068f85a873fcaa353dde690bb018"
67657,"1376","1376_Cuenca_Santa","IDConfig_67657_completo.xlsx","1376_Cuenca_Santa/_raw_reportes_xlsx/IDConfig_67657_completo.xlsx",8960,8.75,"d16d5dd585d8ecb2fabdc70859c28846"
67746,"1376","1376_Cuenca_Santa","IDConfig_67746_completo.xlsx","1376_Cuenca_Santa/_raw_reportes_xlsx/IDConfig_67746_completo.xlsx",10512,10.27,"5c174da9f61fe0a1de1e5c276fb5d5b7"
67758,"1376","1376_Cuenca_Santa","IDConfig_67758_completo.xlsx","1376_Cuenca_Santa/_raw_reportes_xlsx/IDConfig_67758_completo.xlsx",9045,8.83,"f1c34e5548b0d3241a9d8adb4fe7580d"
128,"137712","137712_Cuenca_Huamansana","IDConfig_128_completo.xlsx","137712_Cuenca_Huamansana/_raw_reportes_xlsx/IDConfig_128_completo.xlsx",17487,17.08,"f26b148ed07b7550924376e32b4c33b9"
1233,"137712","137712_Cuenca_Huamansana","IDConfig_1233_completo.xlsx","137712_Cuenca_Huamansana/_raw_reportes_xlsx/IDConfig_1233_completo.xlsx",51640,50.43,"cb15a5618e9e96db3dd2e59a91105506"
1610,"137712","137712_Cuenca_Huamansana","IDConfig_1610_completo.xlsx","137712_Cuenca_Huamansana/_raw_reportes_xlsx/IDConfig_1610_completo.xlsx",18172,17.75,"26d58156f0cfce39f9f565d7ac4910df"
3460,"137712","137712_Cuenca_Huamansana","IDConfig_3460_completo.xlsx","137712_Cuenca_Huamansana/_raw_reportes_xlsx/IDConfig_3460_completo.xlsx",50025,48.85,"69217f050c7c744ef61cccbf04751f10"
1645,"137714","137714_Cuenca_Viru","IDConfig_1645_completo.xlsx","137714_Cuenca_Viru/_raw_reportes_xlsx/IDConfig_1645_completo.xlsx",34577,33.77,"cdefbf8622af83626081e49b9e4698f0"
2099,"137714","137714_Cuenca_Viru","IDConfig_2099_completo.xlsx","137714_Cuenca_Viru/_raw_reportes_xlsx/IDConfig_2099_completo.xlsx",53755,52.5,"abcc78c43bd7b77e741af8074df906be"
2625,"137714","137714_Cuenca_Viru","IDConfig_2625_completo.xlsx","137714_Cuenca_Viru/_raw_reportes_xlsx/IDConfig_2625_completo.xlsx",56977,55.64,"21ea04a1d0f2dfc476a55e4329927cab"
2906,"137714","137714_Cuenca_Viru","IDConfig_2906_completo.xlsx","137714_Cuenca_Viru/_raw_reportes_xlsx/IDConfig_2906_completo.xlsx",20583,20.1,"0c19b252c96fcefe6cd66b0b59f60534"
1999,"137715","137715_Intercuenca_137715","IDConfig_1999_completo.xlsx","137715_Intercuenca_137715/_raw_reportes_xlsx/IDConfig_1999_completo.xlsx",18234,17.81,"4905c5abbb3658fb68059a4e8e99885c"
229,"137716","137716_Cuenca_Moche","IDConfig_229_completo.xlsx","137716_Cuenca_Moche/_raw_reportes_xlsx/IDConfig_229_completo.xlsx",144163,140.78,"7816dc668083d4b1788f1aa4b64f969f"
1764,"137716","137716_Cuenca_Moche","IDConfig_1764_completo.xlsx","137716_Cuenca_Moche/_raw_reportes_xlsx/IDConfig_1764_completo.xlsx",88740,86.66,"af11b44b2e7d692269928c17daaa1d7c"
2832,"137716","137716_Cuenca_Moche","IDConfig_2832_completo.xlsx","137716_Cuenca_Moche/_raw_reportes_xlsx/IDConfig_2832_completo.xlsx",41654,40.68,"eb4b8898e2f76d06286fb0e023a632b6"
3436,"137716","137716_Cuenca_Moche","IDConfig_3436_completo.xlsx","137716_Cuenca_Moche/_raw_reportes_xlsx/IDConfig_3436_completo.xlsx",70179,68.53,"9358e30859dc8d75c6de3b84eca9c6e0"
3694,"137716","137716_Cuenca_Moche","IDConfig_3694_completo.xlsx","137716_Cuenca_Moche/_raw_reportes_xlsx/IDConfig_3694_completo.xlsx",75912,74.13,"05ce01a5275b66a25b6aa4236f7a5a4a"
4216,"137716","137716_Cuenca_Moche","IDConfig_4216_completo.xlsx","137716_Cuenca_Moche/_raw_reportes_xlsx/IDConfig_4216_completo.xlsx",102097,99.7,"9e702a6f8f6c47da4503b4eb5445f4bf"
52030,"137716","137716_Cuenca_Moche","IDConfig_52030_completo.xlsx","137716_Cuenca_Moche/_raw_reportes_xlsx/IDConfig_52030_completo.xlsx",88145,86.08,"75cb546c216d54bd01662e968de3502e"
52073,"137716","137716_Cuenca_Moche","IDConfig_52073_completo.xlsx","137716_Cuenca_Moche/_raw_reportes_xlsx/IDConfig_52073_completo.xlsx",95414,93.18,"a6bc754d9162787391f8a48624e51a91"
52563,"137716","137716_Cuenca_Moche","IDConfig_52563_completo.xlsx","137716_Cuenca_Moche/_raw_reportes_xlsx/IDConfig_52563_completo.xlsx",82875,80.93,"a73ee3c5e037e5b43c5d7a2bb103d3e3"
63530,"137716","137716_Cuenca_Moche","IDConfig_63530_completo.xlsx","137716_Cuenca_Moche/_raw_reportes_xlsx/IDConfig_63530_completo.xlsx",15606,15.24,"81dabac620e2a44f50e604f7415107f7"
4045,"137719","137719_Intercuenca_137719","IDConfig_4045_completo.xlsx","137719_Intercuenca_137719/_raw_reportes_xlsx/IDConfig_4045_completo.xlsx",7054,6.89,"9e5ffe08687cfb53050877f9a090d8ef"
4207,"137719","137719_Intercuenca_137719","IDConfig_4207_completo.xlsx","137719_Intercuenca_137719/_raw_reportes_xlsx/IDConfig_4207_completo.xlsx",6826,6.67,"f66195af83b9029c1eefbff5e7c69cd5"
63556,"137719","137719_Intercuenca_137719","IDConfig_63556_completo.xlsx","137719_Intercuenca_137719/_raw_reportes_xlsx/IDConfig_63556_completo.xlsx",10890,10.63,"0e6e973365370c5ed54cf9eed12ae528"
357,"13772","13772_Cuenca_Chicama","IDConfig_357_completo.xlsx","13772_Cuenca_Chicama/_raw_reportes_xlsx/IDConfig_357_completo.xlsx",101836,99.45,"317b229c89daf025bebc61bd8333bfec"
362,"13772","13772_Cuenca_Chicama","IDConfig_362_completo.xlsx","13772_Cuenca_Chicama/_raw_reportes_xlsx/IDConfig_362_completo.xlsx",7645,7.47,"c4605df539c98ca86d11e053984745dd"
363,"13772","13772_Cuenca_Chicama","IDConfig_363_completo.xlsx","13772_Cuenca_Chicama/_raw_reportes_xlsx/IDConfig_363_completo.xlsx",137369,134.15,"9764eee9b9155a64f3c4a07af471c0f6"
440,"13772","13772_Cuenca_Chicama","IDConfig_440_completo.xlsx","13772_Cuenca_Chicama/_raw_reportes_xlsx/IDConfig_440_completo.xlsx",135173,132,"44dcd4d4c900136a465d9c68735794cb"
726,"13772","13772_Cuenca_Chicama","IDConfig_726_completo.xlsx","13772_Cuenca_Chicama/_raw_reportes_xlsx/IDConfig_726_completo.xlsx",10370,10.13,"b64dc0a2b9f866bfd552f74ee2d995c8"
811,"13772","13772_Cuenca_Chicama","IDConfig_811_completo.xlsx","13772_Cuenca_Chicama/_raw_reportes_xlsx/IDConfig_811_completo.xlsx",19736,19.27,"f7d6592973b6c48cb1b68d2f847fb7fd"
1318,"13772","13772_Cuenca_Chicama","IDConfig_1318_completo.xlsx","13772_Cuenca_Chicama/_raw_reportes_xlsx/IDConfig_1318_completo.xlsx",64317,62.81,"3dd947b669055c3e8526523383123f46"
1464,"13772","13772_Cuenca_Chicama","IDConfig_1464_completo.xlsx","13772_Cuenca_Chicama/_raw_reportes_xlsx/IDConfig_1464_completo.xlsx",24869,24.29,"5ccc098ee29e97a5ff992bcb0c5e665a"
1949,"13772","13772_Cuenca_Chicama","IDConfig_1949_completo.xlsx","13772_Cuenca_Chicama/_raw_reportes_xlsx/IDConfig_1949_completo.xlsx",116856,114.12,"a26b9a5c4cd39a7be5b33ec24555672f"
2604,"13772","13772_Cuenca_Chicama","IDConfig_2604_completo.xlsx","13772_Cuenca_Chicama/_raw_reportes_xlsx/IDConfig_2604_completo.xlsx",143467,140.1,"73d4217903d262010a53eb6b2f711f79"
2692,"13772","13772_Cuenca_Chicama","IDConfig_2692_completo.xlsx","13772_Cuenca_Chicama/_raw_reportes_xlsx/IDConfig_2692_completo.xlsx",21996,21.48,"67e6019c927616e53adc669fdcd78f52"
3029,"13772","13772_Cuenca_Chicama","IDConfig_3029_completo.xlsx","13772_Cuenca_Chicama/_raw_reportes_xlsx/IDConfig_3029_completo.xlsx",9398,9.18,"dbe7143f88b6b707cfd953f84075b51b"
3248,"13772","13772_Cuenca_Chicama","IDConfig_3248_completo.xlsx","13772_Cuenca_Chicama/_raw_reportes_xlsx/IDConfig_3248_completo.xlsx",74643,72.89,"286b69e4c4817e9086a1de3c65fb84a1"
3909,"13772","13772_Cuenca_Chicama","IDConfig_3909_completo.xlsx","13772_Cuenca_Chicama/_raw_reportes_xlsx/IDConfig_3909_completo.xlsx",50831,49.64,"2b8c6818597084fe5e2258eab4d80786"
7682,"13772","13772_Cuenca_Chicama","IDConfig_7682_completo.xlsx","13772_Cuenca_Chicama/_raw_reportes_xlsx/IDConfig_7682_completo.xlsx",258782,252.72,"22888cf9e8515c0f47bd05fdc943a50f"
8602,"13772","13772_Cuenca_Chicama","IDConfig_8602_completo.xlsx","13772_Cuenca_Chicama/_raw_reportes_xlsx/IDConfig_8602_completo.xlsx",143939,140.57,"c3c489546817f016d339615097b60b14"
8603,"13772","13772_Cuenca_Chicama","IDConfig_8603_completo.xlsx","13772_Cuenca_Chicama/_raw_reportes_xlsx/IDConfig_8603_completo.xlsx",14532,14.19,"f4a29ebfa1c9fe894ec7a45847fd8b0b"
8604,"13772","13772_Cuenca_Chicama","IDConfig_8604_completo.xlsx","13772_Cuenca_Chicama/_raw_reportes_xlsx/IDConfig_8604_completo.xlsx",70314,68.67,"7e1f70248fb1f9e40572cc4188dcf7f3"
8605,"13772","13772_Cuenca_Chicama","IDConfig_8605_completo.xlsx","13772_Cuenca_Chicama/_raw_reportes_xlsx/IDConfig_8605_completo.xlsx",9672,9.45,"fa221838d260ada4456d3b66fb56b1b5"
51803,"13772","13772_Cuenca_Chicama","IDConfig_51803_completo.xlsx","13772_Cuenca_Chicama/_raw_reportes_xlsx/IDConfig_51803_completo.xlsx",67745,66.16,"e3873c5a07c04d49bd7c8b85f013b613"
52129,"13772","13772_Cuenca_Chicama","IDConfig_52129_completo.xlsx","13772_Cuenca_Chicama/_raw_reportes_xlsx/IDConfig_52129_completo.xlsx",67277,65.7,"a8c26458fc7d36d93ccc78f8ad1840e8"
63255,"13772","13772_Cuenca_Chicama","IDConfig_63255_completo.xlsx","13772_Cuenca_Chicama/_raw_reportes_xlsx/IDConfig_63255_completo.xlsx",8150,7.96,"ac78cd9ada14d4960644dbfa11be381d"
63256,"13772","13772_Cuenca_Chicama","IDConfig_63256_completo.xlsx","13772_Cuenca_Chicama/_raw_reportes_xlsx/IDConfig_63256_completo.xlsx",25214,24.62,"8d4f6c2517654ebd869917176e1d141d"
63311,"13772","13772_Cuenca_Chicama","IDConfig_63311_completo.xlsx","13772_Cuenca_Chicama/_raw_reportes_xlsx/IDConfig_63311_completo.xlsx",7849,7.67,"6b5d6704f36f79ed3376da8076d2a1bf"
63313,"13772","13772_Cuenca_Chicama","IDConfig_63313_completo.xlsx","13772_Cuenca_Chicama/_raw_reportes_xlsx/IDConfig_63313_completo.xlsx",9281,9.06,"ffa666f0e895b2a7c6cf7294f54ec6aa"
63582,"13772","13772_Cuenca_Chicama","IDConfig_63582_completo.xlsx","13772_Cuenca_Chicama/_raw_reportes_xlsx/IDConfig_63582_completo.xlsx",13933,13.61,"1b46afdb7051b5b11eff7fe5df9f9b9f"
64931,"13772","13772_Cuenca_Chicama","IDConfig_64931_completo.xlsx","13772_Cuenca_Chicama/_raw_reportes_xlsx/IDConfig_64931_completo.xlsx",13337,13.02,"d301cec439f82071bad7ae07ed5c88af"
64961,"13772","13772_Cuenca_Chicama","IDConfig_64961_completo.xlsx","13772_Cuenca_Chicama/_raw_reportes_xlsx/IDConfig_64961_completo.xlsx",11780,11.5,"5b37afbc4bdb270821e72c956bf3163e"
64969,"13772","13772_Cuenca_Chicama","IDConfig_64969_completo.xlsx","13772_Cuenca_Chicama/_raw_reportes_xlsx/IDConfig_64969_completo.xlsx",13105,12.8,"dbd33a5170b5541f7f217d91a16ca62f"
65025,"13772","13772_Cuenca_Chicama","IDConfig_65025_completo.xlsx","13772_Cuenca_Chicama/_raw_reportes_xlsx/IDConfig_65025_completo.xlsx",140249,136.96,"feff2aac9157027c045879507b3b7a28"
65055,"13772","13772_Cuenca_Chicama","IDConfig_65055_completo.xlsx","13772_Cuenca_Chicama/_raw_reportes_xlsx/IDConfig_65055_completo.xlsx",146145,142.72,"75bcf8693935a47a8952fb5659ad8251"
65063,"13772","13772_Cuenca_Chicama","IDConfig_65063_completo.xlsx","13772_Cuenca_Chicama/_raw_reportes_xlsx/IDConfig_65063_completo.xlsx",83454,81.5,"1d2da1018c379d20f1b7b8cdafe28530"
67590,"13772","13772_Cuenca_Chicama","IDConfig_67590_completo.xlsx","13772_Cuenca_Chicama/_raw_reportes_xlsx/IDConfig_67590_completo.xlsx",12053,11.77,"ed225153a96591e3152d957b823a0f45"
67620,"13772","13772_Cuenca_Chicama","IDConfig_67620_completo.xlsx","13772_Cuenca_Chicama/_raw_reportes_xlsx/IDConfig_67620_completo.xlsx",10841,10.59,"7a3d213e1896bb4b3f65356a3bccd06e"
67628,"13772","13772_Cuenca_Chicama","IDConfig_67628_completo.xlsx","13772_Cuenca_Chicama/_raw_reportes_xlsx/IDConfig_67628_completo.xlsx",11790,11.51,"d5703e52578ebb4427006dfad7751920"
67691,"13772","13772_Cuenca_Chicama","IDConfig_67691_completo.xlsx","13772_Cuenca_Chicama/_raw_reportes_xlsx/IDConfig_67691_completo.xlsx",11749,11.47,"469081a2ffe81667bd19b6f842ba9521"
67721,"13772","13772_Cuenca_Chicama","IDConfig_67721_completo.xlsx","13772_Cuenca_Chicama/_raw_reportes_xlsx/IDConfig_67721_completo.xlsx",10230,9.99,"7def4d4154b1c892888f9377292c101d"
67729,"13772","13772_Cuenca_Chicama","IDConfig_67729_completo.xlsx","13772_Cuenca_Chicama/_raw_reportes_xlsx/IDConfig_67729_completo.xlsx",11642,11.37,"39cf70d0dacf56750f8e8363ed93e8ae"
103,"13773","13773_Intercuenca_13773","IDConfig_103_completo.xlsx","13773_Intercuenca_13773/_raw_reportes_xlsx/IDConfig_103_completo.xlsx",12169,11.88,"ef147cf481789807ef803b4428f039e5"
433,"13773","13773_Intercuenca_13773","IDConfig_433_completo.xlsx","13773_Intercuenca_13773/_raw_reportes_xlsx/IDConfig_433_completo.xlsx",72197,70.5,"4a0ac8296662d7c5b91d9de1f5703368"
437,"13773","13773_Intercuenca_13773","IDConfig_437_completo.xlsx","13773_Intercuenca_13773/_raw_reportes_xlsx/IDConfig_437_completo.xlsx",43476,42.46,"7ed8fa130460da2dccb6330e04d19f4a"
588,"13773","13773_Intercuenca_13773","IDConfig_588_completo.xlsx","13773_Intercuenca_13773/_raw_reportes_xlsx/IDConfig_588_completo.xlsx",32321,31.56,"c889f4cb33f6106cdd5533a59a70cedd"
866,"13773","13773_Intercuenca_13773","IDConfig_866_completo.xlsx","13773_Intercuenca_13773/_raw_reportes_xlsx/IDConfig_866_completo.xlsx",7754,7.57,"3daa19026016d9e0d2e3b549ba6cbbf0"
2547,"13773","13773_Intercuenca_13773","IDConfig_2547_completo.xlsx","13773_Intercuenca_13773/_raw_reportes_xlsx/IDConfig_2547_completo.xlsx",26308,25.69,"81604f441dacfa62d276ef160d826656"
2770,"13773","13773_Intercuenca_13773","IDConfig_2770_completo.xlsx","13773_Intercuenca_13773/_raw_reportes_xlsx/IDConfig_2770_completo.xlsx",11561,11.29,"75231e83d4508366a1b976d8cae040f0"
3288,"13773","13773_Intercuenca_13773","IDConfig_3288_completo.xlsx","13773_Intercuenca_13773/_raw_reportes_xlsx/IDConfig_3288_completo.xlsx",8793,8.59,"1eecf812d1c320b78213939e56f7334b"
10,"13774","13774_Cuenca_Jequetepeque","IDConfig_10_completo.xlsx","13774_Cuenca_Jequetepeque/_raw_reportes_xlsx/IDConfig_10_completo.xlsx",8189,8,"114d3e026ca9abb9e7a6d35dacd362a7"
161,"13774","13774_Cuenca_Jequetepeque","IDConfig_161_completo.xlsx","13774_Cuenca_Jequetepeque/_raw_reportes_xlsx/IDConfig_161_completo.xlsx",35983,35.14,"4c77ff744152ea39db4913da4c51e6aa"
660,"13774","13774_Cuenca_Jequetepeque","IDConfig_660_completo.xlsx","13774_Cuenca_Jequetepeque/_raw_reportes_xlsx/IDConfig_660_completo.xlsx",17632,17.22,"35f2575ae7c4276c7c33e02078a7c91f"
724,"13774","13774_Cuenca_Jequetepeque","IDConfig_724_completo.xlsx","13774_Cuenca_Jequetepeque/_raw_reportes_xlsx/IDConfig_724_completo.xlsx",29534,28.84,"b71d3b1e651c918b74050bf3fa79b5ad"
787,"13774","13774_Cuenca_Jequetepeque","IDConfig_787_completo.xlsx","13774_Cuenca_Jequetepeque/_raw_reportes_xlsx/IDConfig_787_completo.xlsx",80020,78.14,"fbaeddaa77cbc89807d2ddd9949194e0"
982,"13774","13774_Cuenca_Jequetepeque","IDConfig_982_completo.xlsx","13774_Cuenca_Jequetepeque/_raw_reportes_xlsx/IDConfig_982_completo.xlsx",29964,29.26,"9bbff86de2d71559bd56890f980a812a"
1010,"13774","13774_Cuenca_Jequetepeque","IDConfig_1010_completo.xlsx","13774_Cuenca_Jequetepeque/_raw_reportes_xlsx/IDConfig_1010_completo.xlsx",5442,5.31,"06bf938a8ab1fbe2884e6db82f1a81f0"
2502,"13774","13774_Cuenca_Jequetepeque","IDConfig_2502_completo.xlsx","13774_Cuenca_Jequetepeque/_raw_reportes_xlsx/IDConfig_2502_completo.xlsx",68295,66.69,"b7bd12f42f22ce8ff8037e1ba956f142"
2605,"13774","13774_Cuenca_Jequetepeque","IDConfig_2605_completo.xlsx","13774_Cuenca_Jequetepeque/_raw_reportes_xlsx/IDConfig_2605_completo.xlsx",130553,127.49,"34ddbd884f40f13067553e59e9ef5ac4"
2606,"13774","13774_Cuenca_Jequetepeque","IDConfig_2606_completo.xlsx","13774_Cuenca_Jequetepeque/_raw_reportes_xlsx/IDConfig_2606_completo.xlsx",93576,91.38,"8be31e769b03f3caf7645088adc9c83f"
2624,"13774","13774_Cuenca_Jequetepeque","IDConfig_2624_completo.xlsx","13774_Cuenca_Jequetepeque/_raw_reportes_xlsx/IDConfig_2624_completo.xlsx",49890,48.72,"da408aa7f0e53b6f6874593a2d1a287a"
3015,"13774","13774_Cuenca_Jequetepeque","IDConfig_3015_completo.xlsx","13774_Cuenca_Jequetepeque/_raw_reportes_xlsx/IDConfig_3015_completo.xlsx",37882,36.99,"7ca4f12081ee31e2bbcea18b30546427"
3287,"13774","13774_Cuenca_Jequetepeque","IDConfig_3287_completo.xlsx","13774_Cuenca_Jequetepeque/_raw_reportes_xlsx/IDConfig_3287_completo.xlsx",9475,9.25,"90f205fdc088ebd097ed4cc50df03f9c"
3589,"13774","13774_Cuenca_Jequetepeque","IDConfig_3589_completo.xlsx","13774_Cuenca_Jequetepeque/_raw_reportes_xlsx/IDConfig_3589_completo.xlsx",12751,12.45,"4befa0ea106e9f16fcba82b0a2fa6577"
4096,"13774","13774_Cuenca_Jequetepeque","IDConfig_4096_completo.xlsx","13774_Cuenca_Jequetepeque/_raw_reportes_xlsx/IDConfig_4096_completo.xlsx",8690,8.49,"3eb145bde654c364236282863a8403f9"
7241,"13774","13774_Cuenca_Jequetepeque","IDConfig_7241_completo.xlsx","13774_Cuenca_Jequetepeque/_raw_reportes_xlsx/IDConfig_7241_completo.xlsx",162643,158.83,"83a17b0b003f1045250b2ad868bfdfb2"
51715,"13774","13774_Cuenca_Jequetepeque","IDConfig_51715_completo.xlsx","13774_Cuenca_Jequetepeque/_raw_reportes_xlsx/IDConfig_51715_completo.xlsx",58951,57.57,"57fcc03e2440c3c1b89ae053d35a11d0"
51766,"13774","13774_Cuenca_Jequetepeque","IDConfig_51766_completo.xlsx","13774_Cuenca_Jequetepeque/_raw_reportes_xlsx/IDConfig_51766_completo.xlsx",81071,79.17,"d95aacbe62e457aac5a13e1373606eaf"
51896,"13774","13774_Cuenca_Jequetepeque","IDConfig_51896_completo.xlsx","13774_Cuenca_Jequetepeque/_raw_reportes_xlsx/IDConfig_51896_completo.xlsx",84797,82.81,"1afabad39d060015f0edbd2e7ece0e4d"
52089,"13774","13774_Cuenca_Jequetepeque","IDConfig_52089_completo.xlsx","13774_Cuenca_Jequetepeque/_raw_reportes_xlsx/IDConfig_52089_completo.xlsx",89431,87.33,"d2894e66088eebc3ab19479b6fc356a3"
62996,"13774","13774_Cuenca_Jequetepeque","IDConfig_62996_completo.xlsx","13774_Cuenca_Jequetepeque/_raw_reportes_xlsx/IDConfig_62996_completo.xlsx",48116,46.99,"47d3c10c21fb81150a67a398ba974b5d"
63342,"13774","13774_Cuenca_Jequetepeque","IDConfig_63342_completo.xlsx","13774_Cuenca_Jequetepeque/_raw_reportes_xlsx/IDConfig_63342_completo.xlsx",9471,9.25,"ed7e26780f20bfb50c3308e4c941b217"
63503,"13774","13774_Cuenca_Jequetepeque","IDConfig_63503_completo.xlsx","13774_Cuenca_Jequetepeque/_raw_reportes_xlsx/IDConfig_63503_completo.xlsx",17365,16.96,"61f620bdfcb14f6a9778e1c66fffd1c0"
63512,"13774","13774_Cuenca_Jequetepeque","IDConfig_63512_completo.xlsx","13774_Cuenca_Jequetepeque/_raw_reportes_xlsx/IDConfig_63512_completo.xlsx",15719,15.35,"91db6ffef9c4a4adde9a04a123ccd300"
63533,"13774","13774_Cuenca_Jequetepeque","IDConfig_63533_completo.xlsx","13774_Cuenca_Jequetepeque/_raw_reportes_xlsx/IDConfig_63533_completo.xlsx",13889,13.56,"a1401999c38bbc3bfe40020a8a2b5dbc"
63549,"13774","13774_Cuenca_Jequetepeque","IDConfig_63549_completo.xlsx","13774_Cuenca_Jequetepeque/_raw_reportes_xlsx/IDConfig_63549_completo.xlsx",15053,14.7,"8c9bb99ba0f4ae72ce209cf73bd800e9"
63560,"13774","13774_Cuenca_Jequetepeque","IDConfig_63560_completo.xlsx","13774_Cuenca_Jequetepeque/_raw_reportes_xlsx/IDConfig_63560_completo.xlsx",14812,14.46,"a16a64276a2bd611f3c2730750a509f6"
63571,"13774","13774_Cuenca_Jequetepeque","IDConfig_63571_completo.xlsx","13774_Cuenca_Jequetepeque/_raw_reportes_xlsx/IDConfig_63571_completo.xlsx",33406,32.62,"e7b9d1617aeec6804332222d2c573e0c"
63583,"13774","13774_Cuenca_Jequetepeque","IDConfig_63583_completo.xlsx","13774_Cuenca_Jequetepeque/_raw_reportes_xlsx/IDConfig_63583_completo.xlsx",12812,12.51,"01cc8af664df3f65515225978a78e6f0"
64981,"13774","13774_Cuenca_Jequetepeque","IDConfig_64981_completo.xlsx","13774_Cuenca_Jequetepeque/_raw_reportes_xlsx/IDConfig_64981_completo.xlsx",13179,12.87,"29dce4d037083691eed1a624e45f3162"
65075,"13774","13774_Cuenca_Jequetepeque","IDConfig_65075_completo.xlsx","13774_Cuenca_Jequetepeque/_raw_reportes_xlsx/IDConfig_65075_completo.xlsx",92263,90.1,"bfceb0ab679a3eb30d03bb19113559ee"
65224,"13774","13774_Cuenca_Jequetepeque","IDConfig_65224_completo.xlsx","13774_Cuenca_Jequetepeque/_raw_reportes_xlsx/IDConfig_65224_completo.xlsx",55668,54.36,"800ce32d34f5ac145c73e4df75a07e27"
65362,"13774","13774_Cuenca_Jequetepeque","IDConfig_65362_completo.xlsx","13774_Cuenca_Jequetepeque/_raw_reportes_xlsx/IDConfig_65362_completo.xlsx",10757,10.5,"fefdb0344400bc552fa680b1187995fc"
67640,"13774","13774_Cuenca_Jequetepeque","IDConfig_67640_completo.xlsx","13774_Cuenca_Jequetepeque/_raw_reportes_xlsx/IDConfig_67640_completo.xlsx",12487,12.19,"c196aa962b8b53561682b3c1fee5caab"
67741,"13774","13774_Cuenca_Jequetepeque","IDConfig_67741_completo.xlsx","13774_Cuenca_Jequetepeque/_raw_reportes_xlsx/IDConfig_67741_completo.xlsx",12222,11.94,"3e5f6151f411b736c7816166b50ac38a"
1463,"137751","137751_Intercuenca_137751","IDConfig_1463_completo.xlsx","137751_Intercuenca_137751/_raw_reportes_xlsx/IDConfig_1463_completo.xlsx",9882,9.65,"cb086f0a2d9047637046e75927edf1d4"
361,"137752","137752_Cuenca_Chaman","IDConfig_361_completo.xlsx","137752_Cuenca_Chaman/_raw_reportes_xlsx/IDConfig_361_completo.xlsx",17845,17.43,"1fae81fd84599e3ebfb298895a7d773b"
1395,"137752","137752_Cuenca_Chaman","IDConfig_1395_completo.xlsx","137752_Cuenca_Chaman/_raw_reportes_xlsx/IDConfig_1395_completo.xlsx",19959,19.49,"34f73300acc3d9b86b820e8e386c972d"
2283,"137752","137752_Cuenca_Chaman","IDConfig_2283_completo.xlsx","137752_Cuenca_Chaman/_raw_reportes_xlsx/IDConfig_2283_completo.xlsx",18159,17.73,"611f8cf5e802fe7333df1c4086fe1dea"
4032,"137752","137752_Cuenca_Chaman","IDConfig_4032_completo.xlsx","137752_Cuenca_Chaman/_raw_reportes_xlsx/IDConfig_4032_completo.xlsx",35956,35.11,"e33faa8ac87d084efe8cae47fb6edc9b"
52283,"137752","137752_Cuenca_Chaman","IDConfig_52283_completo.xlsx","137752_Cuenca_Chaman/_raw_reportes_xlsx/IDConfig_52283_completo.xlsx",90178,88.06,"17cc07c06fdc467624e059a0ce0acd79"
63502,"137753","137753_Intercuenca_137753","IDConfig_63502_completo.xlsx","137753_Intercuenca_137753/_raw_reportes_xlsx/IDConfig_63502_completo.xlsx",10606,10.36,"0a3331df08451712993cb56d16c70034"
256,"137754","137754_Cuenca_Zana","IDConfig_256_completo.xlsx","137754_Cuenca_Zana/_raw_reportes_xlsx/IDConfig_256_completo.xlsx",116732,114,"999d65a4688f031246ef0224fb9bc0dd"
360,"137754","137754_Cuenca_Zana","IDConfig_360_completo.xlsx","137754_Cuenca_Zana/_raw_reportes_xlsx/IDConfig_360_completo.xlsx",11861,11.58,"28cab0008394c7adb5c5476e0c5b0f7e"
810,"137754","137754_Cuenca_Zana","IDConfig_810_completo.xlsx","137754_Cuenca_Zana/_raw_reportes_xlsx/IDConfig_810_completo.xlsx",29676,28.98,"127c3265d08570e5236cbaee95359e34"
1112,"137754","137754_Cuenca_Zana","IDConfig_1112_completo.xlsx","137754_Cuenca_Zana/_raw_reportes_xlsx/IDConfig_1112_completo.xlsx",9061,8.85,"a496cc0023d86d6d8e6bca72e64c3ef2"
1462,"137754","137754_Cuenca_Zana","IDConfig_1462_completo.xlsx","137754_Cuenca_Zana/_raw_reportes_xlsx/IDConfig_1462_completo.xlsx",6269,6.12,"a9df27ce5cf9905927c8156751973996"
1585,"137754","137754_Cuenca_Zana","IDConfig_1585_completo.xlsx","137754_Cuenca_Zana/_raw_reportes_xlsx/IDConfig_1585_completo.xlsx",95603,93.36,"6ccb676b82321032ddf996f1588e9ab8"
2912,"137754","137754_Cuenca_Zana","IDConfig_2912_completo.xlsx","137754_Cuenca_Zana/_raw_reportes_xlsx/IDConfig_2912_completo.xlsx",13735,13.41,"8b229c8adf568bff64158ba4f7334195"
2926,"137754","137754_Cuenca_Zana","IDConfig_2926_completo.xlsx","137754_Cuenca_Zana/_raw_reportes_xlsx/IDConfig_2926_completo.xlsx",3268,3.19,"25968473550717d04a9c56a5b577c0ab"
3014,"137754","137754_Cuenca_Zana","IDConfig_3014_completo.xlsx","137754_Cuenca_Zana/_raw_reportes_xlsx/IDConfig_3014_completo.xlsx",40194,39.25,"bb813a5c7eabe6c6ffb17b1b389cc44d"
3355,"137754","137754_Cuenca_Zana","IDConfig_3355_completo.xlsx","137754_Cuenca_Zana/_raw_reportes_xlsx/IDConfig_3355_completo.xlsx",15868,15.5,"c41981a55dad8c1055c5bd502bed2e98"
3536,"137754","137754_Cuenca_Zana","IDConfig_3536_completo.xlsx","137754_Cuenca_Zana/_raw_reportes_xlsx/IDConfig_3536_completo.xlsx",81342,79.44,"cb0e1d6ec6c79455618c060a55678a22"
3558,"137754","137754_Cuenca_Zana","IDConfig_3558_completo.xlsx","137754_Cuenca_Zana/_raw_reportes_xlsx/IDConfig_3558_completo.xlsx",11615,11.34,"5f327d96ac8523b01403b83de8fa4899"
4236,"137754","137754_Cuenca_Zana","IDConfig_4236_completo.xlsx","137754_Cuenca_Zana/_raw_reportes_xlsx/IDConfig_4236_completo.xlsx",138164,134.93,"0a1e8cf88fd2bb7fbb6cd6cd284efdd0"
8131,"137754","137754_Cuenca_Zana","IDConfig_8131_completo.xlsx","137754_Cuenca_Zana/_raw_reportes_xlsx/IDConfig_8131_completo.xlsx",95582,93.34,"e0a7f3f6ff192559040b60b28fa1446b"
51849,"137754","137754_Cuenca_Zana","IDConfig_51849_completo.xlsx","137754_Cuenca_Zana/_raw_reportes_xlsx/IDConfig_51849_completo.xlsx",55633,54.33,"83c8404508b20eda551ce51726ed3b32"
52305,"137754","137754_Cuenca_Zana","IDConfig_52305_completo.xlsx","137754_Cuenca_Zana/_raw_reportes_xlsx/IDConfig_52305_completo.xlsx",83454,81.5,"c21e1c9609b89528b9f9010f825ff48c"
52337,"137754","137754_Cuenca_Zana","IDConfig_52337_completo.xlsx","137754_Cuenca_Zana/_raw_reportes_xlsx/IDConfig_52337_completo.xlsx",93274,91.09,"7e50c0cadb51d64428367d3e8c5b4206"
63534,"137754","137754_Cuenca_Zana","IDConfig_63534_completo.xlsx","137754_Cuenca_Zana/_raw_reportes_xlsx/IDConfig_63534_completo.xlsx",13524,13.21,"f50023fbd44f8bf76e1057a3579c615c"
63561,"137754","137754_Cuenca_Zana","IDConfig_63561_completo.xlsx","137754_Cuenca_Zana/_raw_reportes_xlsx/IDConfig_63561_completo.xlsx",12922,12.62,"7cb9eff1f511ddfa3147a2c7707f6cef"
3286,"137759","137759_Intercuenca_137759","IDConfig_3286_completo.xlsx","137759_Intercuenca_137759/_raw_reportes_xlsx/IDConfig_3286_completo.xlsx",12107,11.82,"c569e21ea966d4a397114d2065f3bc67"
3766,"137759","137759_Intercuenca_137759","IDConfig_3766_completo.xlsx","137759_Intercuenca_137759/_raw_reportes_xlsx/IDConfig_3766_completo.xlsx",17228,16.82,"f4ebb53bbd2de39747ce56bfea21e02a"
102,"13776","13776_Cuenca_Chancay-Lambayeque","IDConfig_102_completo.xlsx","13776_Cuenca_Chancay-Lambayeque/_raw_reportes_xlsx/IDConfig_102_completo.xlsx",19518,19.06,"8feec29f2a3f69afd218ec753905c396"
208,"13776","13776_Cuenca_Chancay-Lambayeque","IDConfig_208_completo.xlsx","13776_Cuenca_Chancay-Lambayeque/_raw_reportes_xlsx/IDConfig_208_completo.xlsx",153953,150.34,"c74dfde49a696eb85fce760748757875"
2124,"13776","13776_Cuenca_Chancay-Lambayeque","IDConfig_2124_completo.xlsx","13776_Cuenca_Chancay-Lambayeque/_raw_reportes_xlsx/IDConfig_2124_completo.xlsx",54815,53.53,"c62057aacde3cf947e5d70867acf88e0"
2151,"13776","13776_Cuenca_Chancay-Lambayeque","IDConfig_2151_completo.xlsx","13776_Cuenca_Chancay-Lambayeque/_raw_reportes_xlsx/IDConfig_2151_completo.xlsx",49138,47.99,"aefb7c7cb9276741e30fb335b1c14bc6"
2225,"13776","13776_Cuenca_Chancay-Lambayeque","IDConfig_2225_completo.xlsx","13776_Cuenca_Chancay-Lambayeque/_raw_reportes_xlsx/IDConfig_2225_completo.xlsx",80249,78.37,"a19e87ad6df13a231a160ba62386163b"
2501,"13776","13776_Cuenca_Chancay-Lambayeque","IDConfig_2501_completo.xlsx","13776_Cuenca_Chancay-Lambayeque/_raw_reportes_xlsx/IDConfig_2501_completo.xlsx",20283,19.81,"0172f8bb848db025346b09e13253a4e9"
3157,"13776","13776_Cuenca_Chancay-Lambayeque","IDConfig_3157_completo.xlsx","13776_Cuenca_Chancay-Lambayeque/_raw_reportes_xlsx/IDConfig_3157_completo.xlsx",145363,141.96,"119d0ca074e2bd576675275c5e00f33b"
3818,"13776","13776_Cuenca_Chancay-Lambayeque","IDConfig_3818_completo.xlsx","13776_Cuenca_Chancay-Lambayeque/_raw_reportes_xlsx/IDConfig_3818_completo.xlsx",20677,20.19,"410560c2c8c7ee9aed4d3dfd536ad180"
3843,"13776","13776_Cuenca_Chancay-Lambayeque","IDConfig_3843_completo.xlsx","13776_Cuenca_Chancay-Lambayeque/_raw_reportes_xlsx/IDConfig_3843_completo.xlsx",6268,6.12,"2441765ddb0ec1545983c0266e43bd13"
3844,"13776","13776_Cuenca_Chancay-Lambayeque","IDConfig_3844_completo.xlsx","13776_Cuenca_Chancay-Lambayeque/_raw_reportes_xlsx/IDConfig_3844_completo.xlsx",244401,238.67,"6564f4fde0cb58c9daa54390a4fd43f6"
3978,"13776","13776_Cuenca_Chancay-Lambayeque","IDConfig_3978_completo.xlsx","13776_Cuenca_Chancay-Lambayeque/_raw_reportes_xlsx/IDConfig_3978_completo.xlsx",88615,86.54,"92975d32af7374f6bd2a4fbae45242cb"
4116,"13776","13776_Cuenca_Chancay-Lambayeque","IDConfig_4116_completo.xlsx","13776_Cuenca_Chancay-Lambayeque/_raw_reportes_xlsx/IDConfig_4116_completo.xlsx",52765,51.53,"5d7c775b486b60cb02b2e7ff38d1104e"
4267,"13776","13776_Cuenca_Chancay-Lambayeque","IDConfig_4267_completo.xlsx","13776_Cuenca_Chancay-Lambayeque/_raw_reportes_xlsx/IDConfig_4267_completo.xlsx",61619,60.17,"3bba6dfe1da51292c388b1f27eb3cde3"
21068,"13776","13776_Cuenca_Chancay-Lambayeque","IDConfig_21068_completo.xlsx","13776_Cuenca_Chancay-Lambayeque/_raw_reportes_xlsx/IDConfig_21068_completo.xlsx",547576,534.74,"32897716ae55383106f51f4b1ab49bb5"
21072,"13776","13776_Cuenca_Chancay-Lambayeque","IDConfig_21072_completo.xlsx","13776_Cuenca_Chancay-Lambayeque/_raw_reportes_xlsx/IDConfig_21072_completo.xlsx",23268,22.72,"c11b32a26e3865c273f1bbc1b0a36fdd"
21073,"13776","13776_Cuenca_Chancay-Lambayeque","IDConfig_21073_completo.xlsx","13776_Cuenca_Chancay-Lambayeque/_raw_reportes_xlsx/IDConfig_21073_completo.xlsx",24823,24.24,"2c4f89188c1b84d14a4ceb0967b522b2"
21174,"13776","13776_Cuenca_Chancay-Lambayeque","IDConfig_21174_completo.xlsx","13776_Cuenca_Chancay-Lambayeque/_raw_reportes_xlsx/IDConfig_21174_completo.xlsx",502468,490.69,"73ba92db3859c0ec8c9faa806f0d29c1"
21178,"13776","13776_Cuenca_Chancay-Lambayeque","IDConfig_21178_completo.xlsx","13776_Cuenca_Chancay-Lambayeque/_raw_reportes_xlsx/IDConfig_21178_completo.xlsx",22976,22.44,"3b9fa1b0f6d965e155147eb9b23675cc"
21179,"13776","13776_Cuenca_Chancay-Lambayeque","IDConfig_21179_completo.xlsx","13776_Cuenca_Chancay-Lambayeque/_raw_reportes_xlsx/IDConfig_21179_completo.xlsx",22439,21.91,"192278e845017533e1dd761315eb7370"
51730,"13776","13776_Cuenca_Chancay-Lambayeque","IDConfig_51730_completo.xlsx","13776_Cuenca_Chancay-Lambayeque/_raw_reportes_xlsx/IDConfig_51730_completo.xlsx",98792,96.48,"886d1a917ee8c8b91c13c16be3e1e725"
51833,"13776","13776_Cuenca_Chancay-Lambayeque","IDConfig_51833_completo.xlsx","13776_Cuenca_Chancay-Lambayeque/_raw_reportes_xlsx/IDConfig_51833_completo.xlsx",56881,55.55,"930af9c6f876396c8aa0e12ee7749f57"
51899,"13776","13776_Cuenca_Chancay-Lambayeque","IDConfig_51899_completo.xlsx","13776_Cuenca_Chancay-Lambayeque/_raw_reportes_xlsx/IDConfig_51899_completo.xlsx",80074,78.2,"0bbd0183671073ddd5d90e2577faa8a3"
52588,"13776","13776_Cuenca_Chancay-Lambayeque","IDConfig_52588_completo.xlsx","13776_Cuenca_Chancay-Lambayeque/_raw_reportes_xlsx/IDConfig_52588_completo.xlsx",61232,59.8,"378b8d86005942a5aa9f4dc601710158"
63301,"13776","13776_Cuenca_Chancay-Lambayeque","IDConfig_63301_completo.xlsx","13776_Cuenca_Chancay-Lambayeque/_raw_reportes_xlsx/IDConfig_63301_completo.xlsx",9804,9.57,"ded9a04a3b9674d62c4cc5ae4ee11370"
63506,"13776","13776_Cuenca_Chancay-Lambayeque","IDConfig_63506_completo.xlsx","13776_Cuenca_Chancay-Lambayeque/_raw_reportes_xlsx/IDConfig_63506_completo.xlsx",15907,15.53,"a000efb96c179ee13c5438f195a000e5"
63511,"13776","13776_Cuenca_Chancay-Lambayeque","IDConfig_63511_completo.xlsx","13776_Cuenca_Chancay-Lambayeque/_raw_reportes_xlsx/IDConfig_63511_completo.xlsx",11542,11.27,"da70dbedc423e8a8e154d4e57a683c6c"
63520,"13776","13776_Cuenca_Chancay-Lambayeque","IDConfig_63520_completo.xlsx","13776_Cuenca_Chancay-Lambayeque/_raw_reportes_xlsx/IDConfig_63520_completo.xlsx",10785,10.53,"d17d8be409e590f0e601cf9fe685b72e"
63541,"13776","13776_Cuenca_Chancay-Lambayeque","IDConfig_63541_completo.xlsx","13776_Cuenca_Chancay-Lambayeque/_raw_reportes_xlsx/IDConfig_63541_completo.xlsx",33586,32.8,"f6cb211708bbd313db5bcff4d8ab8cff"
63555,"13776","13776_Cuenca_Chancay-Lambayeque","IDConfig_63555_completo.xlsx","13776_Cuenca_Chancay-Lambayeque/_raw_reportes_xlsx/IDConfig_63555_completo.xlsx",14154,13.82,"371074aa15d91972b27b3f1035c30cf8"
63829,"13776","13776_Cuenca_Chancay-Lambayeque","IDConfig_63829_completo.xlsx","13776_Cuenca_Chancay-Lambayeque/_raw_reportes_xlsx/IDConfig_63829_completo.xlsx",149948,146.43,"8236a5a3df9c7eff9881b2165b054d79"
63830,"13776","13776_Cuenca_Chancay-Lambayeque","IDConfig_63830_completo.xlsx","13776_Cuenca_Chancay-Lambayeque/_raw_reportes_xlsx/IDConfig_63830_completo.xlsx",67703,66.12,"2adc5744c83b85f71137ba70d868b714"
63833,"13776","13776_Cuenca_Chancay-Lambayeque","IDConfig_63833_completo.xlsx","13776_Cuenca_Chancay-Lambayeque/_raw_reportes_xlsx/IDConfig_63833_completo.xlsx",9852,9.62,"5893ee051b8f3f6a35cb48430adaca54"
63834,"13776","13776_Cuenca_Chancay-Lambayeque","IDConfig_63834_completo.xlsx","13776_Cuenca_Chancay-Lambayeque/_raw_reportes_xlsx/IDConfig_63834_completo.xlsx",6607,6.45,"89fdad02ceef3832f4cac3f245143013"
64918,"13776","13776_Cuenca_Chancay-Lambayeque","IDConfig_64918_completo.xlsx","13776_Cuenca_Chancay-Lambayeque/_raw_reportes_xlsx/IDConfig_64918_completo.xlsx",13257,12.95,"5d7a61ccffb2dd9d1dffcece3f6e28ee"
64925,"13776","13776_Cuenca_Chancay-Lambayeque","IDConfig_64925_completo.xlsx","13776_Cuenca_Chancay-Lambayeque/_raw_reportes_xlsx/IDConfig_64925_completo.xlsx",13813,13.49,"8993b791d8d5b7eb7bdbe72f3defcb92"
65012,"13776","13776_Cuenca_Chancay-Lambayeque","IDConfig_65012_completo.xlsx","13776_Cuenca_Chancay-Lambayeque/_raw_reportes_xlsx/IDConfig_65012_completo.xlsx",161672,157.88,"a77db13467f47300a6f4af94ffc5a86f"
65019,"13776","13776_Cuenca_Chancay-Lambayeque","IDConfig_65019_completo.xlsx","13776_Cuenca_Chancay-Lambayeque/_raw_reportes_xlsx/IDConfig_65019_completo.xlsx",287027,280.3,"1e3a2d5522ca77ee88b32577a45f1787"
67577,"13776","13776_Cuenca_Chancay-Lambayeque","IDConfig_67577_completo.xlsx","13776_Cuenca_Chancay-Lambayeque/_raw_reportes_xlsx/IDConfig_67577_completo.xlsx",11662,11.39,"f6b19afd564cca6ce5d8715e2d8b13f7"
67584,"13776","13776_Cuenca_Chancay-Lambayeque","IDConfig_67584_completo.xlsx","13776_Cuenca_Chancay-Lambayeque/_raw_reportes_xlsx/IDConfig_67584_completo.xlsx",12683,12.39,"ec4cc313f7c09a3c5aef6356a9e21d75"
67678,"13776","13776_Cuenca_Chancay-Lambayeque","IDConfig_67678_completo.xlsx","13776_Cuenca_Chancay-Lambayeque/_raw_reportes_xlsx/IDConfig_67678_completo.xlsx",10972,10.71,"67370a413282c9a08aa1e192789bea65"
67685,"13776","13776_Cuenca_Chancay-Lambayeque","IDConfig_67685_completo.xlsx","13776_Cuenca_Chancay-Lambayeque/_raw_reportes_xlsx/IDConfig_67685_completo.xlsx",12213,11.93,"abc5eb648e0638a9eca5c2e6452d86e6"
659,"137771","137771_Intercuenca_137771","IDConfig_659_completo.xlsx","137771_Intercuenca_137771/_raw_reportes_xlsx/IDConfig_659_completo.xlsx",24071,23.51,"99ff41ac4188ed52bb2120849fb2b88f"
870,"137771","137771_Intercuenca_137771","IDConfig_870_completo.xlsx","137771_Intercuenca_137771/_raw_reportes_xlsx/IDConfig_870_completo.xlsx",85269,83.27,"acafe7595638d1a86bd5601a0c32b810"
1209,"137771","137771_Intercuenca_137771","IDConfig_1209_completo.xlsx","137771_Intercuenca_137771/_raw_reportes_xlsx/IDConfig_1209_completo.xlsx",15046,14.69,"d722fc88cf234180bd541a04cbfe8587"
2415,"137771","137771_Intercuenca_137771","IDConfig_2415_completo.xlsx","137771_Intercuenca_137771/_raw_reportes_xlsx/IDConfig_2415_completo.xlsx",34352,33.55,"0efe0e526480fa90ff3c5471ce6f1f7b"
51884,"137771","137771_Intercuenca_137771","IDConfig_51884_completo.xlsx","137771_Intercuenca_137771/_raw_reportes_xlsx/IDConfig_51884_completo.xlsx",94784,92.56,"9467d48f249b87af7553068476e44caa"
101,"137772","137772_Cuenca_Motupe","IDConfig_101_completo.xlsx","137772_Cuenca_Motupe/_raw_reportes_xlsx/IDConfig_101_completo.xlsx",26259,25.64,"7a8d301e2b09e99b89cb90d58a102c1f"
120,"137772","137772_Cuenca_Motupe","IDConfig_120_completo.xlsx","137772_Cuenca_Motupe/_raw_reportes_xlsx/IDConfig_120_completo.xlsx",11079,10.82,"4bfbecf87d5fa90c8c46fa8e22f4d68d"
383,"137772","137772_Cuenca_Motupe","IDConfig_383_completo.xlsx","137772_Cuenca_Motupe/_raw_reportes_xlsx/IDConfig_383_completo.xlsx",8337,8.14,"8e141981987f328872d4065cb4125fa0"
384,"137772","137772_Cuenca_Motupe","IDConfig_384_completo.xlsx","137772_Cuenca_Motupe/_raw_reportes_xlsx/IDConfig_384_completo.xlsx",8176,7.98,"e329b62e95880c7c31303f253aa4021d"
808,"137772","137772_Cuenca_Motupe","IDConfig_808_completo.xlsx","137772_Cuenca_Motupe/_raw_reportes_xlsx/IDConfig_808_completo.xlsx",54898,53.61,"53e452f909191e0d1bc2be8b2af318ba"
984,"137772","137772_Cuenca_Motupe","IDConfig_984_completo.xlsx","137772_Cuenca_Motupe/_raw_reportes_xlsx/IDConfig_984_completo.xlsx",143850,140.48,"ffd81b44197ddc95ac5d158894c67f59"
1208,"137772","137772_Cuenca_Motupe","IDConfig_1208_completo.xlsx","137772_Cuenca_Motupe/_raw_reportes_xlsx/IDConfig_1208_completo.xlsx",182866,178.58,"c1c04690e3f7ebdbc10f27b3b4067778"
1266,"137772","137772_Cuenca_Motupe","IDConfig_1266_completo.xlsx","137772_Cuenca_Motupe/_raw_reportes_xlsx/IDConfig_1266_completo.xlsx",7072,6.91,"78a796b0f895f3204d708b93e97c4eb8"
1336,"137772","137772_Cuenca_Motupe","IDConfig_1336_completo.xlsx","137772_Cuenca_Motupe/_raw_reportes_xlsx/IDConfig_1336_completo.xlsx",24154,23.59,"ce9175853a182de5e06912668b009982"
1760,"137772","137772_Cuenca_Motupe","IDConfig_1760_completo.xlsx","137772_Cuenca_Motupe/_raw_reportes_xlsx/IDConfig_1760_completo.xlsx",14753,14.41,"df1ca1645e3e45e49f50031baa09c6fb"
2351,"137772","137772_Cuenca_Motupe","IDConfig_2351_completo.xlsx","137772_Cuenca_Motupe/_raw_reportes_xlsx/IDConfig_2351_completo.xlsx",54386,53.11,"170b19231b912749a0e0a986ff02ed00"
2769,"137772","137772_Cuenca_Motupe","IDConfig_2769_completo.xlsx","137772_Cuenca_Motupe/_raw_reportes_xlsx/IDConfig_2769_completo.xlsx",25148,24.56,"4c5d7da70daf6889f172153073abf4a9"
3042,"137772","137772_Cuenca_Motupe","IDConfig_3042_completo.xlsx","137772_Cuenca_Motupe/_raw_reportes_xlsx/IDConfig_3042_completo.xlsx",16091,15.71,"81b87f4eb931b658834977d3a4940d05"
3710,"137772","137772_Cuenca_Motupe","IDConfig_3710_completo.xlsx","137772_Cuenca_Motupe/_raw_reportes_xlsx/IDConfig_3710_completo.xlsx",8613,8.41,"175b94e622f15ad770f102ee0cf82933"
4010,"137772","137772_Cuenca_Motupe","IDConfig_4010_completo.xlsx","137772_Cuenca_Motupe/_raw_reportes_xlsx/IDConfig_4010_completo.xlsx",111485,108.87,"e6a009d2c993d2f3307f1e1e76adbd3b"
4234,"137772","137772_Cuenca_Motupe","IDConfig_4234_completo.xlsx","137772_Cuenca_Motupe/_raw_reportes_xlsx/IDConfig_4234_completo.xlsx",41519,40.55,"6e4459a8746db5711ff09ff721437e87"
7243,"137772","137772_Cuenca_Motupe","IDConfig_7243_completo.xlsx","137772_Cuenca_Motupe/_raw_reportes_xlsx/IDConfig_7243_completo.xlsx",151750,148.19,"a3416b4e3287bd8dca617bcefef87d6c"
8132,"137772","137772_Cuenca_Motupe","IDConfig_8132_completo.xlsx","137772_Cuenca_Motupe/_raw_reportes_xlsx/IDConfig_8132_completo.xlsx",145342,141.94,"a7d362c8a0830c94e72c70d879fb81ad"
52023,"137772","137772_Cuenca_Motupe","IDConfig_52023_completo.xlsx","137772_Cuenca_Motupe/_raw_reportes_xlsx/IDConfig_52023_completo.xlsx",62969,61.49,"352f21c1cfcddd206bcdc02ff3e4babf"
52477,"137772","137772_Cuenca_Motupe","IDConfig_52477_completo.xlsx","137772_Cuenca_Motupe/_raw_reportes_xlsx/IDConfig_52477_completo.xlsx",71542,69.87,"a6ac73392f4d7c84c9c14c3e86fdd522"
52651,"137772","137772_Cuenca_Motupe","IDConfig_52651_completo.xlsx","137772_Cuenca_Motupe/_raw_reportes_xlsx/IDConfig_52651_completo.xlsx",62358,60.9,"e846279ba4d81f5d0a71e55ac3a4d15c"
65223,"137772","137772_Cuenca_Motupe","IDConfig_65223_completo.xlsx","137772_Cuenca_Motupe/_raw_reportes_xlsx/IDConfig_65223_completo.xlsx",29186,28.5,"e8c27aa0c3e9e5f97d8a700fd6667c66"
65361,"137772","137772_Cuenca_Motupe","IDConfig_65361_completo.xlsx","137772_Cuenca_Motupe/_raw_reportes_xlsx/IDConfig_65361_completo.xlsx",9640,9.41,"1bf82e0990c0318926f2568eacfbfc51"
250,"137774","137774_Cuenca_Olmos","IDConfig_250_completo.xlsx","137774_Cuenca_Olmos/_raw_reportes_xlsx/IDConfig_250_completo.xlsx",8924,8.71,"7bf6d22bd02a67eace202d2bf7d4b3fc"
1348,"137774","137774_Cuenca_Olmos","IDConfig_1348_completo.xlsx","137774_Cuenca_Olmos/_raw_reportes_xlsx/IDConfig_1348_completo.xlsx",5454,5.33,"2249f35a68f562e0c327f59ec0bf050f"
1483,"137774","137774_Cuenca_Olmos","IDConfig_1483_completo.xlsx","137774_Cuenca_Olmos/_raw_reportes_xlsx/IDConfig_1483_completo.xlsx",49553,48.39,"0246ef8e60b66e70667588999e140bf3"
2147,"137774","137774_Cuenca_Olmos","IDConfig_2147_completo.xlsx","137774_Cuenca_Olmos/_raw_reportes_xlsx/IDConfig_2147_completo.xlsx",97760,95.47,"1755a7819ad0067f30e4c4bc151dfc50"
63884,"137774","137774_Cuenca_Olmos","IDConfig_63884_completo.xlsx","137774_Cuenca_Olmos/_raw_reportes_xlsx/IDConfig_63884_completo.xlsx",6446,6.29,"88955a6117e99e32cb0fb7f926010ac2"
1722,"13778","13778_Cuenca_Cascajal","IDConfig_1722_completo.xlsx","13778_Cuenca_Cascajal/_raw_reportes_xlsx/IDConfig_1722_completo.xlsx",9993,9.76,"b291a39265f54e34e916b49e4dc0b5be"
2915,"13778","13778_Cuenca_Cascajal","IDConfig_2915_completo.xlsx","13778_Cuenca_Cascajal/_raw_reportes_xlsx/IDConfig_2915_completo.xlsx",30393,29.68,"52cab1fff809560eac725428a9334279"
63514,"13778","13778_Cuenca_Cascajal","IDConfig_63514_completo.xlsx","13778_Cuenca_Cascajal/_raw_reportes_xlsx/IDConfig_63514_completo.xlsx",18662,18.22,"d86c51d260f85d4b19bb5a6c52eab3e0"
63528,"13778","13778_Cuenca_Cascajal","IDConfig_63528_completo.xlsx","13778_Cuenca_Cascajal/_raw_reportes_xlsx/IDConfig_63528_completo.xlsx",18143,17.72,"86607348d1c56d9f5098159ea9f048e1"
63567,"13778","13778_Cuenca_Cascajal","IDConfig_63567_completo.xlsx","13778_Cuenca_Cascajal/_raw_reportes_xlsx/IDConfig_63567_completo.xlsx",12023,11.74,"58547c006aae9a6fbdba5548ccf368d6"
114,"1378","1378_Cuenca_Piura","IDConfig_114_completo.xlsx","1378_Cuenca_Piura/_raw_reportes_xlsx/IDConfig_114_completo.xlsx",42170,41.18,"14cf389b6d03cf27fdeef50aabfdae47"
209,"1378","1378_Cuenca_Piura","IDConfig_209_completo.xlsx","1378_Cuenca_Piura/_raw_reportes_xlsx/IDConfig_209_completo.xlsx",11685,11.41,"041d561a66bd5676b61338cee1f48f45"
228,"1378","1378_Cuenca_Piura","IDConfig_228_completo.xlsx","1378_Cuenca_Piura/_raw_reportes_xlsx/IDConfig_228_completo.xlsx",24786,24.21,"5a7cccc9945b19908d9ca4dc15180c92"
238,"1378","1378_Cuenca_Piura","IDConfig_238_completo.xlsx","1378_Cuenca_Piura/_raw_reportes_xlsx/IDConfig_238_completo.xlsx",129908,126.86,"f4d920d0da9b0f19154f4161be900607"
339,"1378","1378_Cuenca_Piura","IDConfig_339_completo.xlsx","1378_Cuenca_Piura/_raw_reportes_xlsx/IDConfig_339_completo.xlsx",62004,60.55,"47e519d5a8b64ac9d99152564b490ada"
422,"1378","1378_Cuenca_Piura","IDConfig_422_completo.xlsx","1378_Cuenca_Piura/_raw_reportes_xlsx/IDConfig_422_completo.xlsx",5485,5.36,"f30ebd51713308bb5af213cfca693b3a"
428,"1378","1378_Cuenca_Piura","IDConfig_428_completo.xlsx","1378_Cuenca_Piura/_raw_reportes_xlsx/IDConfig_428_completo.xlsx",107683,105.16,"ca81d2ae21c246c33caee7856023b206"
465,"1378","1378_Cuenca_Piura","IDConfig_465_completo.xlsx","1378_Cuenca_Piura/_raw_reportes_xlsx/IDConfig_465_completo.xlsx",135897,132.71,"28196ec9f7664719fa8e342806fd5e64"
499,"1378","1378_Cuenca_Piura","IDConfig_499_completo.xlsx","1378_Cuenca_Piura/_raw_reportes_xlsx/IDConfig_499_completo.xlsx",60128,58.72,"0ecf6356011eb38104dabb4f83c2f9db"
500,"1378","1378_Cuenca_Piura","IDConfig_500_completo.xlsx","1378_Cuenca_Piura/_raw_reportes_xlsx/IDConfig_500_completo.xlsx",120292,117.47,"cbcc2b3f7cc8b41a057e8e3a0c4f2e0b"
522,"1378","1378_Cuenca_Piura","IDConfig_522_completo.xlsx","1378_Cuenca_Piura/_raw_reportes_xlsx/IDConfig_522_completo.xlsx",10027,9.79,"ed91a873a9068eda2cf556c712bad193"
636,"1378","1378_Cuenca_Piura","IDConfig_636_completo.xlsx","1378_Cuenca_Piura/_raw_reportes_xlsx/IDConfig_636_completo.xlsx",80751,78.86,"4b0fa7e94862f1b2d1cc5b8a1abb2040"
852,"1378","1378_Cuenca_Piura","IDConfig_852_completo.xlsx","1378_Cuenca_Piura/_raw_reportes_xlsx/IDConfig_852_completo.xlsx",28477,27.81,"6e66364cddeef4dedffaa30a4104af4c"
1065,"1378","1378_Cuenca_Piura","IDConfig_1065_completo.xlsx","1378_Cuenca_Piura/_raw_reportes_xlsx/IDConfig_1065_completo.xlsx",85506,83.5,"e9ba77619c02d8c6a440f95a72f86cb5"
1066,"1378","1378_Cuenca_Piura","IDConfig_1066_completo.xlsx","1378_Cuenca_Piura/_raw_reportes_xlsx/IDConfig_1066_completo.xlsx",9272,9.05,"280d5d22ba215b545caf05251f579dcb"
1104,"1378","1378_Cuenca_Piura","IDConfig_1104_completo.xlsx","1378_Cuenca_Piura/_raw_reportes_xlsx/IDConfig_1104_completo.xlsx",20390,19.91,"b33012b7c55b43c7e4d318859510b5eb"
1207,"1378","1378_Cuenca_Piura","IDConfig_1207_completo.xlsx","1378_Cuenca_Piura/_raw_reportes_xlsx/IDConfig_1207_completo.xlsx",22682,22.15,"ff10e58ba6e268a638da2822b5a85349"
1240,"1378","1378_Cuenca_Piura","IDConfig_1240_completo.xlsx","1378_Cuenca_Piura/_raw_reportes_xlsx/IDConfig_1240_completo.xlsx",7118,6.95,"7b777670af27eb86f5571ff8aabbaf00"
1259,"1378","1378_Cuenca_Piura","IDConfig_1259_completo.xlsx","1378_Cuenca_Piura/_raw_reportes_xlsx/IDConfig_1259_completo.xlsx",50288,49.11,"82a41e35797dc418868052e17a943c4d"
1315,"1378","1378_Cuenca_Piura","IDConfig_1315_completo.xlsx","1378_Cuenca_Piura/_raw_reportes_xlsx/IDConfig_1315_completo.xlsx",53583,52.33,"da875602aae18272480e84487bd57987"
1382,"1378","1378_Cuenca_Piura","IDConfig_1382_completo.xlsx","1378_Cuenca_Piura/_raw_reportes_xlsx/IDConfig_1382_completo.xlsx",48724,47.58,"ef181f22a5847544f2cea76811f7ee18"
1476,"1378","1378_Cuenca_Piura","IDConfig_1476_completo.xlsx","1378_Cuenca_Piura/_raw_reportes_xlsx/IDConfig_1476_completo.xlsx",11899,11.62,"cd0fd061b5f49700caa615a357c102ed"
1626,"1378","1378_Cuenca_Piura","IDConfig_1626_completo.xlsx","1378_Cuenca_Piura/_raw_reportes_xlsx/IDConfig_1626_completo.xlsx",43355,42.34,"a9b08911a2e984974897565c632dda7e"
1678,"1378","1378_Cuenca_Piura","IDConfig_1678_completo.xlsx","1378_Cuenca_Piura/_raw_reportes_xlsx/IDConfig_1678_completo.xlsx",6160,6.02,"70299251d2113bc4d4af14436e82a456"
1682,"1378","1378_Cuenca_Piura","IDConfig_1682_completo.xlsx","1378_Cuenca_Piura/_raw_reportes_xlsx/IDConfig_1682_completo.xlsx",37719,36.83,"f934637da597e42ab786396752a2a371"
1711,"1378","1378_Cuenca_Piura","IDConfig_1711_completo.xlsx","1378_Cuenca_Piura/_raw_reportes_xlsx/IDConfig_1711_completo.xlsx",38569,37.67,"d7025c0a303751fc16ba6a5989c644e5"
1712,"1378","1378_Cuenca_Piura","IDConfig_1712_completo.xlsx","1378_Cuenca_Piura/_raw_reportes_xlsx/IDConfig_1712_completo.xlsx",36957,36.09,"59191f6c97240d1f10cb9a6ed4b7d986"
1724,"1378","1378_Cuenca_Piura","IDConfig_1724_completo.xlsx","1378_Cuenca_Piura/_raw_reportes_xlsx/IDConfig_1724_completo.xlsx",17279,16.87,"9678f35a19c83d86340bbc9739bffe0d"
1968,"1378","1378_Cuenca_Piura","IDConfig_1968_completo.xlsx","1378_Cuenca_Piura/_raw_reportes_xlsx/IDConfig_1968_completo.xlsx",31961,31.21,"31eeb022d85294f4478acbe897d05835"
2068,"1378","1378_Cuenca_Piura","IDConfig_2068_completo.xlsx","1378_Cuenca_Piura/_raw_reportes_xlsx/IDConfig_2068_completo.xlsx",54977,53.69,"da24fcfde51af9b8529760d0e4c315d5"
2076,"1378","1378_Cuenca_Piura","IDConfig_2076_completo.xlsx","1378_Cuenca_Piura/_raw_reportes_xlsx/IDConfig_2076_completo.xlsx",8657,8.45,"c8e4cceef5eef40fee2ef59a8f7f5e57"
2202,"1378","1378_Cuenca_Piura","IDConfig_2202_completo.xlsx","1378_Cuenca_Piura/_raw_reportes_xlsx/IDConfig_2202_completo.xlsx",51933,50.72,"b50ee389f9d7c93569249d5b273f3132"
2223,"1378","1378_Cuenca_Piura","IDConfig_2223_completo.xlsx","1378_Cuenca_Piura/_raw_reportes_xlsx/IDConfig_2223_completo.xlsx",33120,32.34,"b1e455831cec6eb69963b5d1e67b7835"
2224,"1378","1378_Cuenca_Piura","IDConfig_2224_completo.xlsx","1378_Cuenca_Piura/_raw_reportes_xlsx/IDConfig_2224_completo.xlsx",4700,4.59,"ed5bcc53ec64186ce3de40440ac26c6f"
2267,"1378","1378_Cuenca_Piura","IDConfig_2267_completo.xlsx","1378_Cuenca_Piura/_raw_reportes_xlsx/IDConfig_2267_completo.xlsx",17471,17.06,"b478560ed65b50d0827c0b3dbd15c245"
2271,"1378","1378_Cuenca_Piura","IDConfig_2271_completo.xlsx","1378_Cuenca_Piura/_raw_reportes_xlsx/IDConfig_2271_completo.xlsx",30725,30,"b63b9d6150d45a6009f692c4767468ae"
2349,"1378","1378_Cuenca_Piura","IDConfig_2349_completo.xlsx","1378_Cuenca_Piura/_raw_reportes_xlsx/IDConfig_2349_completo.xlsx",6499,6.35,"64b3a74fadc0723a3429a78bc27130c9"
2350,"1378","1378_Cuenca_Piura","IDConfig_2350_completo.xlsx","1378_Cuenca_Piura/_raw_reportes_xlsx/IDConfig_2350_completo.xlsx",4201,4.1,"d734dd5c58f8151b17809f33642f2568"
2482,"1378","1378_Cuenca_Piura","IDConfig_2482_completo.xlsx","1378_Cuenca_Piura/_raw_reportes_xlsx/IDConfig_2482_completo.xlsx",31998,31.25,"6de1b27e793cd57627c5e1004c94f9e5"
2600,"1378","1378_Cuenca_Piura","IDConfig_2600_completo.xlsx","1378_Cuenca_Piura/_raw_reportes_xlsx/IDConfig_2600_completo.xlsx",122167,119.3,"dee81913fa1588c1da77b841b60f569a"
2623,"1378","1378_Cuenca_Piura","IDConfig_2623_completo.xlsx","1378_Cuenca_Piura/_raw_reportes_xlsx/IDConfig_2623_completo.xlsx",23590,23.04,"b2abe8b7ed12252cf0b2c3beea96082b"
2873,"1378","1378_Cuenca_Piura","IDConfig_2873_completo.xlsx","1378_Cuenca_Piura/_raw_reportes_xlsx/IDConfig_2873_completo.xlsx",30196,29.49,"b46fece06d34420e98779625b523589d"
3003,"1378","1378_Cuenca_Piura","IDConfig_3003_completo.xlsx","1378_Cuenca_Piura/_raw_reportes_xlsx/IDConfig_3003_completo.xlsx",37386,36.51,"72c5f9f2bf3b2ca1198bcef082f6a854"
3028,"1378","1378_Cuenca_Piura","IDConfig_3028_completo.xlsx","1378_Cuenca_Piura/_raw_reportes_xlsx/IDConfig_3028_completo.xlsx",14243,13.91,"f33f07bebec39a2dfa856845c253ca0d"
3155,"1378","1378_Cuenca_Piura","IDConfig_3155_completo.xlsx","1378_Cuenca_Piura/_raw_reportes_xlsx/IDConfig_3155_completo.xlsx",30150,29.44,"7fdebb8b27d4f066026e7ca39879a6c9"
3253,"1378","1378_Cuenca_Piura","IDConfig_3253_completo.xlsx","1378_Cuenca_Piura/_raw_reportes_xlsx/IDConfig_3253_completo.xlsx",57841,56.49,"f676537f5e25b336e4f367e72bea2df8"
3282,"1378","1378_Cuenca_Piura","IDConfig_3282_completo.xlsx","1378_Cuenca_Piura/_raw_reportes_xlsx/IDConfig_3282_completo.xlsx",35467,34.64,"95ec3ae368a254d7ad84f7a16155770a"
3285,"1378","1378_Cuenca_Piura","IDConfig_3285_completo.xlsx","1378_Cuenca_Piura/_raw_reportes_xlsx/IDConfig_3285_completo.xlsx",6508,6.36,"1eb1579bff0db58ef2450eb63cdaae3b"
3412,"1378","1378_Cuenca_Piura","IDConfig_3412_completo.xlsx","1378_Cuenca_Piura/_raw_reportes_xlsx/IDConfig_3412_completo.xlsx",146906,143.46,"f521b9c40d0b995fbe72cccc6fbd895f"
3435,"1378","1378_Cuenca_Piura","IDConfig_3435_completo.xlsx","1378_Cuenca_Piura/_raw_reportes_xlsx/IDConfig_3435_completo.xlsx",10389,10.15,"33bdce2d23035f06f1f77fb74138b5a2"
3442,"1378","1378_Cuenca_Piura","IDConfig_3442_completo.xlsx","1378_Cuenca_Piura/_raw_reportes_xlsx/IDConfig_3442_completo.xlsx",20999,20.51,"4216a4524d39ce5bb4ae7ea1de0f847e"
3692,"1378","1378_Cuenca_Piura","IDConfig_3692_completo.xlsx","1378_Cuenca_Piura/_raw_reportes_xlsx/IDConfig_3692_completo.xlsx",32362,31.6,"8f28725d5a1cd77cdfc65b2188f44db8"
3693,"1378","1378_Cuenca_Piura","IDConfig_3693_completo.xlsx","1378_Cuenca_Piura/_raw_reportes_xlsx/IDConfig_3693_completo.xlsx",20643,20.16,"9cb0c69aa4d38c74e7f8d517f9ee4428"
3744,"1378","1378_Cuenca_Piura","IDConfig_3744_completo.xlsx","1378_Cuenca_Piura/_raw_reportes_xlsx/IDConfig_3744_completo.xlsx",38165,37.27,"5fcd830f4f08ebb192a39e24402e902f"
3751,"1378","1378_Cuenca_Piura","IDConfig_3751_completo.xlsx","1378_Cuenca_Piura/_raw_reportes_xlsx/IDConfig_3751_completo.xlsx",51934,50.72,"3c5181adc02ddc842234acaa55e769e6"
4112,"1378","1378_Cuenca_Piura","IDConfig_4112_completo.xlsx","1378_Cuenca_Piura/_raw_reportes_xlsx/IDConfig_4112_completo.xlsx",24370,23.8,"14a5d3df629ddc84249fceaf5b078b48"
4113,"1378","1378_Cuenca_Piura","IDConfig_4113_completo.xlsx","1378_Cuenca_Piura/_raw_reportes_xlsx/IDConfig_4113_completo.xlsx",52324,51.1,"754604ba00073408901b3e6401aa3993"
4114,"1378","1378_Cuenca_Piura","IDConfig_4114_completo.xlsx","1378_Cuenca_Piura/_raw_reportes_xlsx/IDConfig_4114_completo.xlsx",32295,31.54,"1da3b29ea82804dd33a37c2998fd4790"
4115,"1378","1378_Cuenca_Piura","IDConfig_4115_completo.xlsx","1378_Cuenca_Piura/_raw_reportes_xlsx/IDConfig_4115_completo.xlsx",35434,34.6,"5f2fbdd5d7b8451ffa20102aaedd7a5c"
4210,"1378","1378_Cuenca_Piura","IDConfig_4210_completo.xlsx","1378_Cuenca_Piura/_raw_reportes_xlsx/IDConfig_4210_completo.xlsx",28527,27.86,"d2e5ba4cebc24daafcaae7f5e245c158"
7238,"1378","1378_Cuenca_Piura","IDConfig_7238_completo.xlsx","1378_Cuenca_Piura/_raw_reportes_xlsx/IDConfig_7238_completo.xlsx",4748,4.64,"c35049ea2079430c48bf2f1c2c045185"
7239,"1378","1378_Cuenca_Piura","IDConfig_7239_completo.xlsx","1378_Cuenca_Piura/_raw_reportes_xlsx/IDConfig_7239_completo.xlsx",8246,8.05,"5159aae09772e8fb3ad178b5eebf65d9"
7240,"1378","1378_Cuenca_Piura","IDConfig_7240_completo.xlsx","1378_Cuenca_Piura/_raw_reportes_xlsx/IDConfig_7240_completo.xlsx",138967,135.71,"aa678730d98a3baafef92d9e62873001"
8133,"1378","1378_Cuenca_Piura","IDConfig_8133_completo.xlsx","1378_Cuenca_Piura/_raw_reportes_xlsx/IDConfig_8133_completo.xlsx",136029,132.84,"5c2a6cf6cbb0428f3ae4ba364bc2dea2"
8134,"1378","1378_Cuenca_Piura","IDConfig_8134_completo.xlsx","1378_Cuenca_Piura/_raw_reportes_xlsx/IDConfig_8134_completo.xlsx",7565,7.39,"dd44ee7cdc05959106e9bf6738c677ed"
8135,"1378","1378_Cuenca_Piura","IDConfig_8135_completo.xlsx","1378_Cuenca_Piura/_raw_reportes_xlsx/IDConfig_8135_completo.xlsx",40779,39.82,"60d08f061043823faff83ab8442fe8ce"
11641,"1378","1378_Cuenca_Piura","IDConfig_11641_completo.xlsx","1378_Cuenca_Piura/_raw_reportes_xlsx/IDConfig_11641_completo.xlsx",3969,3.88,"a18cf49bccdc007b67ba375010200daa"
51732,"1378","1378_Cuenca_Piura","IDConfig_51732_completo.xlsx","1378_Cuenca_Piura/_raw_reportes_xlsx/IDConfig_51732_completo.xlsx",54751,53.47,"7a6ae9af31072919c392537d0a463625"
51872,"1378","1378_Cuenca_Piura","IDConfig_51872_completo.xlsx","1378_Cuenca_Piura/_raw_reportes_xlsx/IDConfig_51872_completo.xlsx",73940,72.21,"01f803907a1da69bba976728a10fd511"
51997,"1378","1378_Cuenca_Piura","IDConfig_51997_completo.xlsx","1378_Cuenca_Piura/_raw_reportes_xlsx/IDConfig_51997_completo.xlsx",92478,90.31,"2ec8182fcb6835c460baba96824cdf48"
52408,"1378","1378_Cuenca_Piura","IDConfig_52408_completo.xlsx","1378_Cuenca_Piura/_raw_reportes_xlsx/IDConfig_52408_completo.xlsx",61281,59.84,"33272990bc074be39c1fe17fa69d5f5b"
52420,"1378","1378_Cuenca_Piura","IDConfig_52420_completo.xlsx","1378_Cuenca_Piura/_raw_reportes_xlsx/IDConfig_52420_completo.xlsx",53132,51.89,"7f4e78c4b32e630ad4172b25a502e684"
52462,"1378","1378_Cuenca_Piura","IDConfig_52462_completo.xlsx","1378_Cuenca_Piura/_raw_reportes_xlsx/IDConfig_52462_completo.xlsx",67944,66.35,"3bb9bdcdd03dad95a4926362c01b5d90"
52571,"1378","1378_Cuenca_Piura","IDConfig_52571_completo.xlsx","1378_Cuenca_Piura/_raw_reportes_xlsx/IDConfig_52571_completo.xlsx",57792,56.44,"aad9a6948d542ee572a1ec53ce730ee3"
63304,"1378","1378_Cuenca_Piura","IDConfig_63304_completo.xlsx","1378_Cuenca_Piura/_raw_reportes_xlsx/IDConfig_63304_completo.xlsx",9798,9.57,"561fb6254afa355fdc1749476263241e"
63312,"1378","1378_Cuenca_Piura","IDConfig_63312_completo.xlsx","1378_Cuenca_Piura/_raw_reportes_xlsx/IDConfig_63312_completo.xlsx",8463,8.26,"4d5d15197c715f179d7720b6872d0331"
63318,"1378","1378_Cuenca_Piura","IDConfig_63318_completo.xlsx","1378_Cuenca_Piura/_raw_reportes_xlsx/IDConfig_63318_completo.xlsx",9328,9.11,"0eb8076d8d22acc25f600b00d06efeef"
63320,"1378","1378_Cuenca_Piura","IDConfig_63320_completo.xlsx","1378_Cuenca_Piura/_raw_reportes_xlsx/IDConfig_63320_completo.xlsx",8467,8.27,"0d30630635c80012b36abe4896b17744"
63568,"1378","1378_Cuenca_Piura","IDConfig_63568_completo.xlsx","1378_Cuenca_Piura/_raw_reportes_xlsx/IDConfig_63568_completo.xlsx",12885,12.58,"7c8ac5a4bb71fa2797d85114a0c7a924"
63569,"1378","1378_Cuenca_Piura","IDConfig_63569_completo.xlsx","1378_Cuenca_Piura/_raw_reportes_xlsx/IDConfig_63569_completo.xlsx",14118,13.79,"5150e16c4fedbd348883822d603ccff2"
63646,"1378","1378_Cuenca_Piura","IDConfig_63646_completo.xlsx","1378_Cuenca_Piura/_raw_reportes_xlsx/IDConfig_63646_completo.xlsx",15638,15.27,"377be2768501d3e5544cd4cfddf058b4"
64413,"1378","1378_Cuenca_Piura","IDConfig_64413_completo.xlsx","1378_Cuenca_Piura/_raw_reportes_xlsx/IDConfig_64413_completo.xlsx",8567,8.37,"6667784da9ad279d986279095e9887a5"
64432,"1378","1378_Cuenca_Piura","IDConfig_64432_completo.xlsx","1378_Cuenca_Piura/_raw_reportes_xlsx/IDConfig_64432_completo.xlsx",10300,10.06,"6434893ef23a73de10535fe57ff48d51"
64935,"1378","1378_Cuenca_Piura","IDConfig_64935_completo.xlsx","1378_Cuenca_Piura/_raw_reportes_xlsx/IDConfig_64935_completo.xlsx",11649,11.38,"96bde3a7ef2cd6c728fffdd8acf85537"
64937,"1378","1378_Cuenca_Piura","IDConfig_64937_completo.xlsx","1378_Cuenca_Piura/_raw_reportes_xlsx/IDConfig_64937_completo.xlsx",12433,12.14,"c93d16725871515327ba22b523e73f6d"
64960,"1378","1378_Cuenca_Piura","IDConfig_64960_completo.xlsx","1378_Cuenca_Piura/_raw_reportes_xlsx/IDConfig_64960_completo.xlsx",9453,9.23,"4175b0166814b741ad199ee4ddc76d66"
65029,"1378","1378_Cuenca_Piura","IDConfig_65029_completo.xlsx","1378_Cuenca_Piura/_raw_reportes_xlsx/IDConfig_65029_completo.xlsx",130364,127.31,"ff74b013cc6f0167ac71faf68210ec47"
65031,"1378","1378_Cuenca_Piura","IDConfig_65031_completo.xlsx","1378_Cuenca_Piura/_raw_reportes_xlsx/IDConfig_65031_completo.xlsx",142341,139,"f9ab4c1360476771153dc12be4360451"
65054,"1378","1378_Cuenca_Piura","IDConfig_65054_completo.xlsx","1378_Cuenca_Piura/_raw_reportes_xlsx/IDConfig_65054_completo.xlsx",100111,97.76,"caa217c317fd550756d13907e98ff867"
65117,"1378","1378_Cuenca_Piura","IDConfig_65117_completo.xlsx","1378_Cuenca_Piura/_raw_reportes_xlsx/IDConfig_65117_completo.xlsx",130612,127.55,"bbfe83a31913f7f96020e5e5444e22e6"
65275,"1378","1378_Cuenca_Piura","IDConfig_65275_completo.xlsx","1378_Cuenca_Piura/_raw_reportes_xlsx/IDConfig_65275_completo.xlsx",10465,10.22,"7a9630d596005ddfb2b90ac55b0c2bde"
67446,"1378","1378_Cuenca_Piura","IDConfig_67446_completo.xlsx","1378_Cuenca_Piura/_raw_reportes_xlsx/IDConfig_67446_completo.xlsx",4505,4.4,"2bd942c277c58537afa81a4ca204854e"
67447,"1378","1378_Cuenca_Piura","IDConfig_67447_completo.xlsx","1378_Cuenca_Piura/_raw_reportes_xlsx/IDConfig_67447_completo.xlsx",25327,24.73,"b1567d43e242b1c3613d278f6db3da3e"
67448,"1378","1378_Cuenca_Piura","IDConfig_67448_completo.xlsx","1378_Cuenca_Piura/_raw_reportes_xlsx/IDConfig_67448_completo.xlsx",3992,3.9,"2a9116efd1191ee82f3581e1c2f1fd3e"
67449,"1378","1378_Cuenca_Piura","IDConfig_67449_completo.xlsx","1378_Cuenca_Piura/_raw_reportes_xlsx/IDConfig_67449_completo.xlsx",17954,17.53,"bcaddacc32d06de1a0cb1372311fe9b9"
67594,"1378","1378_Cuenca_Piura","IDConfig_67594_completo.xlsx","1378_Cuenca_Piura/_raw_reportes_xlsx/IDConfig_67594_completo.xlsx",9844,9.61,"64d25dbc96eee08ef4ca6659f452519e"
67596,"1378","1378_Cuenca_Piura","IDConfig_67596_completo.xlsx","1378_Cuenca_Piura/_raw_reportes_xlsx/IDConfig_67596_completo.xlsx",11262,11,"ebc9def97251d4d94c76a3081f073aa3"
67619,"1378","1378_Cuenca_Piura","IDConfig_67619_completo.xlsx","1378_Cuenca_Piura/_raw_reportes_xlsx/IDConfig_67619_completo.xlsx",8664,8.46,"4c68232f76806150481477b57e8d4a82"
67661,"1378","1378_Cuenca_Piura","IDConfig_67661_completo.xlsx","1378_Cuenca_Piura/_raw_reportes_xlsx/IDConfig_67661_completo.xlsx",4377,4.27,"d303b3a3fc543c5b7cfda6b0ad7ff011"
67695,"1378","1378_Cuenca_Piura","IDConfig_67695_completo.xlsx","1378_Cuenca_Piura/_raw_reportes_xlsx/IDConfig_67695_completo.xlsx",9444,9.22,"b4711fbabcfd509f09913ed29952f7f1"
67697,"1378","1378_Cuenca_Piura","IDConfig_67697_completo.xlsx","1378_Cuenca_Piura/_raw_reportes_xlsx/IDConfig_67697_completo.xlsx",11051,10.79,"465ef1bf4330703e301b481a390db43e"
67720,"1378","1378_Cuenca_Piura","IDConfig_67720_completo.xlsx","1378_Cuenca_Piura/_raw_reportes_xlsx/IDConfig_67720_completo.xlsx",8525,8.33,"3d41d6b8458f7a82b698971563249943"
67762,"1378","1378_Cuenca_Piura","IDConfig_67762_completo.xlsx","1378_Cuenca_Piura/_raw_reportes_xlsx/IDConfig_67762_completo.xlsx",4372,4.27,"db0c95904f70336c5f5e28bf9bafbe69"
403,"1379","1379_Intercuenca_1379","IDConfig_403_completo.xlsx","1379_Intercuenca_1379/_raw_reportes_xlsx/IDConfig_403_completo.xlsx",44700,43.65,"750e6f0cdffd8d99c9994da5b09732f0"
52036,"1379","1379_Intercuenca_1379","IDConfig_52036_completo.xlsx","1379_Intercuenca_1379/_raw_reportes_xlsx/IDConfig_52036_completo.xlsx",62024,60.57,"bf63665937aba76d552014694e19ba7a"
76,"138","138_Cuenca_Chira","IDConfig_76_completo.xlsx","138_Cuenca_Chira/_raw_reportes_xlsx/IDConfig_76_completo.xlsx",163862,160.02,"798ec2fb34b69444f4c0d8121b584a52"
98,"138","138_Cuenca_Chira","IDConfig_98_completo.xlsx","138_Cuenca_Chira/_raw_reportes_xlsx/IDConfig_98_completo.xlsx",14217,13.88,"ebad8ee497793acdfb9c6754f706b1ba"
99,"138","138_Cuenca_Chira","IDConfig_99_completo.xlsx","138_Cuenca_Chira/_raw_reportes_xlsx/IDConfig_99_completo.xlsx",59238,57.85,"7ae930a45f2cbad4a601e01b1fe83f9b"
100,"138","138_Cuenca_Chira","IDConfig_100_completo.xlsx","138_Cuenca_Chira/_raw_reportes_xlsx/IDConfig_100_completo.xlsx",90846,88.72,"dcc25cb2df977319917695fb5756b25d"
148,"138","138_Cuenca_Chira","IDConfig_148_completo.xlsx","138_Cuenca_Chira/_raw_reportes_xlsx/IDConfig_148_completo.xlsx",64481,62.97,"f85f4dac700c3cee2270ad33b87c93b5"
214,"138","138_Cuenca_Chira","IDConfig_214_completo.xlsx","138_Cuenca_Chira/_raw_reportes_xlsx/IDConfig_214_completo.xlsx",31002,30.28,"1b5534beb119a67ea778ddc40427917c"
221,"138","138_Cuenca_Chira","IDConfig_221_completo.xlsx","138_Cuenca_Chira/_raw_reportes_xlsx/IDConfig_221_completo.xlsx",149061,145.57,"6e11958eaa4414ed728d038206bc90df"
227,"138","138_Cuenca_Chira","IDConfig_227_completo.xlsx","138_Cuenca_Chira/_raw_reportes_xlsx/IDConfig_227_completo.xlsx",3839,3.75,"cec84babf0806c80ba31696d3140dfc6"
336,"138","138_Cuenca_Chira","IDConfig_336_completo.xlsx","138_Cuenca_Chira/_raw_reportes_xlsx/IDConfig_336_completo.xlsx",26467,25.85,"09c4ef83958b761bf45a63d1e7f43439"
345,"138","138_Cuenca_Chira","IDConfig_345_completo.xlsx","138_Cuenca_Chira/_raw_reportes_xlsx/IDConfig_345_completo.xlsx",162900,159.08,"ac45b8bc04aa404cec01c1e5849be554"
354,"138","138_Cuenca_Chira","IDConfig_354_completo.xlsx","138_Cuenca_Chira/_raw_reportes_xlsx/IDConfig_354_completo.xlsx",169445,165.47,"e4af4a8039c8533af64b89d496c4565d"
359,"138","138_Cuenca_Chira","IDConfig_359_completo.xlsx","138_Cuenca_Chira/_raw_reportes_xlsx/IDConfig_359_completo.xlsx",21315,20.82,"151739a54cbc115147b745d555b7eb61"
498,"138","138_Cuenca_Chira","IDConfig_498_completo.xlsx","138_Cuenca_Chira/_raw_reportes_xlsx/IDConfig_498_completo.xlsx",58684,57.31,"0520fb8cbbdf239ca1c428aedec02005"
521,"138","138_Cuenca_Chira","IDConfig_521_completo.xlsx","138_Cuenca_Chira/_raw_reportes_xlsx/IDConfig_521_completo.xlsx",110709,108.11,"317558745df9c6834893521d52a92b0f"
552,"138","138_Cuenca_Chira","IDConfig_552_completo.xlsx","138_Cuenca_Chira/_raw_reportes_xlsx/IDConfig_552_completo.xlsx",41650,40.67,"03593c67a6dbd4ad467d014801125e2b"
632,"138","138_Cuenca_Chira","IDConfig_632_completo.xlsx","138_Cuenca_Chira/_raw_reportes_xlsx/IDConfig_632_completo.xlsx",43792,42.77,"f0c5204a0ebc1b016fefe3eda4ef28ae"
637,"138","138_Cuenca_Chira","IDConfig_637_completo.xlsx","138_Cuenca_Chira/_raw_reportes_xlsx/IDConfig_637_completo.xlsx",54904,53.62,"98825caca710a059613a05bcbc40981e"
658,"138","138_Cuenca_Chira","IDConfig_658_completo.xlsx","138_Cuenca_Chira/_raw_reportes_xlsx/IDConfig_658_completo.xlsx",12839,12.54,"cebf20de73c3d26cce0619bf1ed42e60"
779,"138","138_Cuenca_Chira","IDConfig_779_completo.xlsx","138_Cuenca_Chira/_raw_reportes_xlsx/IDConfig_779_completo.xlsx",43445,42.43,"75c03d980ce3644fa09fcd21746ca9d3"
783,"138","138_Cuenca_Chira","IDConfig_783_completo.xlsx","138_Cuenca_Chira/_raw_reportes_xlsx/IDConfig_783_completo.xlsx",3916,3.82,"314033d057f830e8baeb88bf82e232fd"
803,"138","138_Cuenca_Chira","IDConfig_803_completo.xlsx","138_Cuenca_Chira/_raw_reportes_xlsx/IDConfig_803_completo.xlsx",19955,19.49,"e0c063ef839209b2bfd0a433133395f9"
805,"138","138_Cuenca_Chira","IDConfig_805_completo.xlsx","138_Cuenca_Chira/_raw_reportes_xlsx/IDConfig_805_completo.xlsx",11060,10.8,"e3ec60f7afe819dedc4885a7b35b539f"
807,"138","138_Cuenca_Chira","IDConfig_807_completo.xlsx","138_Cuenca_Chira/_raw_reportes_xlsx/IDConfig_807_completo.xlsx",37586,36.71,"e6b9e8f7979e9487f79946f3fa548df8"
826,"138","138_Cuenca_Chira","IDConfig_826_completo.xlsx","138_Cuenca_Chira/_raw_reportes_xlsx/IDConfig_826_completo.xlsx",23995,23.43,"063f9cc79fc29e5893b18f58a05b4e8d"
829,"138","138_Cuenca_Chira","IDConfig_829_completo.xlsx","138_Cuenca_Chira/_raw_reportes_xlsx/IDConfig_829_completo.xlsx",25170,24.58,"36c9cbbadb4d73474ac4bdd610d59197"
859,"138","138_Cuenca_Chira","IDConfig_859_completo.xlsx","138_Cuenca_Chira/_raw_reportes_xlsx/IDConfig_859_completo.xlsx",45487,44.42,"8a49586879cdf4d9c6ef4fdda11fb23c"
924,"138","138_Cuenca_Chira","IDConfig_924_completo.xlsx","138_Cuenca_Chira/_raw_reportes_xlsx/IDConfig_924_completo.xlsx",55685,54.38,"f073429c41f04eff6289f9657e67a47c"
950,"138","138_Cuenca_Chira","IDConfig_950_completo.xlsx","138_Cuenca_Chira/_raw_reportes_xlsx/IDConfig_950_completo.xlsx",11404,11.14,"41642b6509728379e0ea0d5531cdb005"
1088,"138","138_Cuenca_Chira","IDConfig_1088_completo.xlsx","138_Cuenca_Chira/_raw_reportes_xlsx/IDConfig_1088_completo.xlsx",103294,100.87,"7119eda864937d56796bc260f8751d4b"
1089,"138","138_Cuenca_Chira","IDConfig_1089_completo.xlsx","138_Cuenca_Chira/_raw_reportes_xlsx/IDConfig_1089_completo.xlsx",13976,13.65,"56663e1b67dcd76aa3d3157609b4b4c4"
1190,"138","138_Cuenca_Chira","IDConfig_1190_completo.xlsx","138_Cuenca_Chira/_raw_reportes_xlsx/IDConfig_1190_completo.xlsx",134336,131.19,"490962878aaa658a16c67684e580c364"
1191,"138","138_Cuenca_Chira","IDConfig_1191_completo.xlsx","138_Cuenca_Chira/_raw_reportes_xlsx/IDConfig_1191_completo.xlsx",88000,85.94,"ae4caa882db510a3fe16afedd49c8632"
1314,"138","138_Cuenca_Chira","IDConfig_1314_completo.xlsx","138_Cuenca_Chira/_raw_reportes_xlsx/IDConfig_1314_completo.xlsx",69012,67.39,"b84346bc943bda4489cb66885497ab58"
1334,"138","138_Cuenca_Chira","IDConfig_1334_completo.xlsx","138_Cuenca_Chira/_raw_reportes_xlsx/IDConfig_1334_completo.xlsx",34861,34.04,"73afbd89e3b1c26cfd81572908c426f8"
1335,"138","138_Cuenca_Chira","IDConfig_1335_completo.xlsx","138_Cuenca_Chira/_raw_reportes_xlsx/IDConfig_1335_completo.xlsx",9928,9.7,"ffa558d003335d045e4aaed0b7973fc3"
1444,"138","138_Cuenca_Chira","IDConfig_1444_completo.xlsx","138_Cuenca_Chira/_raw_reportes_xlsx/IDConfig_1444_completo.xlsx",124822,121.9,"9cbe77abc44ed2a165f97a46898a4df4"
1445,"138","138_Cuenca_Chira","IDConfig_1445_completo.xlsx","138_Cuenca_Chira/_raw_reportes_xlsx/IDConfig_1445_completo.xlsx",78323,76.49,"f6d1ef815c4590d6c7c0649c9ca35c5d"
1460,"138","138_Cuenca_Chira","IDConfig_1460_completo.xlsx","138_Cuenca_Chira/_raw_reportes_xlsx/IDConfig_1460_completo.xlsx",3635,3.55,"ab95c292931e880eeebf0f503f2f0a5f"
1461,"138","138_Cuenca_Chira","IDConfig_1461_completo.xlsx","138_Cuenca_Chira/_raw_reportes_xlsx/IDConfig_1461_completo.xlsx",4238,4.14,"d9591e2e3422fd9b4c75428966ba4f0a"
1486,"138","138_Cuenca_Chira","IDConfig_1486_completo.xlsx","138_Cuenca_Chira/_raw_reportes_xlsx/IDConfig_1486_completo.xlsx",22903,22.37,"e02f3f155c51cc4fc3bd1a23559c3bda"
1496,"138","138_Cuenca_Chira","IDConfig_1496_completo.xlsx","138_Cuenca_Chira/_raw_reportes_xlsx/IDConfig_1496_completo.xlsx",52979,51.74,"9c69aebdb8a0c4f605dd464db83957a3"
1553,"138","138_Cuenca_Chira","IDConfig_1553_completo.xlsx","138_Cuenca_Chira/_raw_reportes_xlsx/IDConfig_1553_completo.xlsx",21470,20.97,"f15a9315b1ff6fcc3be683316a0ada4b"
1584,"138","138_Cuenca_Chira","IDConfig_1584_completo.xlsx","138_Cuenca_Chira/_raw_reportes_xlsx/IDConfig_1584_completo.xlsx",22834,22.3,"be2e17a670e4fcce4840339b47a65f5e"
1680,"138","138_Cuenca_Chira","IDConfig_1680_completo.xlsx","138_Cuenca_Chira/_raw_reportes_xlsx/IDConfig_1680_completo.xlsx",83008,81.06,"838e70c5356196808a247a2c2377fb67"
1706,"138","138_Cuenca_Chira","IDConfig_1706_completo.xlsx","138_Cuenca_Chira/_raw_reportes_xlsx/IDConfig_1706_completo.xlsx",22085,21.57,"df75a9373a6d1a78261188cc1f10051e"
1707,"138","138_Cuenca_Chira","IDConfig_1707_completo.xlsx","138_Cuenca_Chira/_raw_reportes_xlsx/IDConfig_1707_completo.xlsx",4549,4.44,"f91b96a847e1603330af710ac616b9cf"
1709,"138","138_Cuenca_Chira","IDConfig_1709_completo.xlsx","138_Cuenca_Chira/_raw_reportes_xlsx/IDConfig_1709_completo.xlsx",8330,8.13,"9c276bc5bd4bbd914db8405c17c3e7e6"
1837,"138","138_Cuenca_Chira","IDConfig_1837_completo.xlsx","138_Cuenca_Chira/_raw_reportes_xlsx/IDConfig_1837_completo.xlsx",43727,42.7,"49fc3ab21602dbbefd3d12b2493652f4"
1839,"138","138_Cuenca_Chira","IDConfig_1839_completo.xlsx","138_Cuenca_Chira/_raw_reportes_xlsx/IDConfig_1839_completo.xlsx",9973,9.74,"59f5469a6dcbb5c542b0b8d4587db796"
1965,"138","138_Cuenca_Chira","IDConfig_1965_completo.xlsx","138_Cuenca_Chira/_raw_reportes_xlsx/IDConfig_1965_completo.xlsx",16215,15.83,"22fae16c544ce5750f319a811b3e2d0d"
1966,"138","138_Cuenca_Chira","IDConfig_1966_completo.xlsx","138_Cuenca_Chira/_raw_reportes_xlsx/IDConfig_1966_completo.xlsx",70927,69.26,"4423e7994a7ef2e763b0cdd1b360facc"
2072,"138","138_Cuenca_Chira","IDConfig_2072_completo.xlsx","138_Cuenca_Chira/_raw_reportes_xlsx/IDConfig_2072_completo.xlsx",53999,52.73,"6914452543654cbe9d37f68057907e38"
2075,"138","138_Cuenca_Chira","IDConfig_2075_completo.xlsx","138_Cuenca_Chira/_raw_reportes_xlsx/IDConfig_2075_completo.xlsx",73773,72.04,"030683e964c1b34b40142d59f6e1d42d"
2221,"138","138_Cuenca_Chira","IDConfig_2221_completo.xlsx","138_Cuenca_Chira/_raw_reportes_xlsx/IDConfig_2221_completo.xlsx",23962,23.4,"a8b87d97411a697243bd085fc2eac8c8"
2222,"138","138_Cuenca_Chira","IDConfig_2222_completo.xlsx","138_Cuenca_Chira/_raw_reportes_xlsx/IDConfig_2222_completo.xlsx",25765,25.16,"faae4042eb1f54294e03099ad28ef4df"
2480,"138","138_Cuenca_Chira","IDConfig_2480_completo.xlsx","138_Cuenca_Chira/_raw_reportes_xlsx/IDConfig_2480_completo.xlsx",93108,90.93,"112a364b12b9abc7cd7d6f79bcd97718"
2602,"138","138_Cuenca_Chira","IDConfig_2602_completo.xlsx","138_Cuenca_Chira/_raw_reportes_xlsx/IDConfig_2602_completo.xlsx",7256,7.09,"efda07075afa037a25eacf3e2033ada0"
2737,"138","138_Cuenca_Chira","IDConfig_2737_completo.xlsx","138_Cuenca_Chira/_raw_reportes_xlsx/IDConfig_2737_completo.xlsx",62374,60.91,"b600ba9800b290da54eea6a7f1d8561d"
2739,"138","138_Cuenca_Chira","IDConfig_2739_completo.xlsx","138_Cuenca_Chira/_raw_reportes_xlsx/IDConfig_2739_completo.xlsx",62754,61.28,"d1d5e284c02f21c13bb03ced737e2e6c"
2883,"138","138_Cuenca_Chira","IDConfig_2883_completo.xlsx","138_Cuenca_Chira/_raw_reportes_xlsx/IDConfig_2883_completo.xlsx",90429,88.31,"96e563bc4709003ba9465b306e754473"
3008,"138","138_Cuenca_Chira","IDConfig_3008_completo.xlsx","138_Cuenca_Chira/_raw_reportes_xlsx/IDConfig_3008_completo.xlsx",72408,70.71,"7799a98c2a389b40763892ef5cb7d6d6"
3133,"138","138_Cuenca_Chira","IDConfig_3133_completo.xlsx","138_Cuenca_Chira/_raw_reportes_xlsx/IDConfig_3133_completo.xlsx",67820,66.23,"4bef9381c208c5cf6c019b5b7385eca3"
3134,"138","138_Cuenca_Chira","IDConfig_3134_completo.xlsx","138_Cuenca_Chira/_raw_reportes_xlsx/IDConfig_3134_completo.xlsx",69772,68.14,"c8b79723c72ac4c63461a7e43374af59"
3156,"138","138_Cuenca_Chira","IDConfig_3156_completo.xlsx","138_Cuenca_Chira/_raw_reportes_xlsx/IDConfig_3156_completo.xlsx",33704,32.91,"8abf4f3c8abf6dd63ed24f10f512199e"
3202,"138","138_Cuenca_Chira","IDConfig_3202_completo.xlsx","138_Cuenca_Chira/_raw_reportes_xlsx/IDConfig_3202_completo.xlsx",137425,134.2,"77ce45032acc81a477651d6dc0723185"
3247,"138","138_Cuenca_Chira","IDConfig_3247_completo.xlsx","138_Cuenca_Chira/_raw_reportes_xlsx/IDConfig_3247_completo.xlsx",50216,49.04,"0df329f40fa2c3952a64ed2bf4aacb93"
3251,"138","138_Cuenca_Chira","IDConfig_3251_completo.xlsx","138_Cuenca_Chira/_raw_reportes_xlsx/IDConfig_3251_completo.xlsx",70968,69.3,"f6f7182def12c3e60eff4ab1fc2f7ad9"
3280,"138","138_Cuenca_Chira","IDConfig_3280_completo.xlsx","138_Cuenca_Chira/_raw_reportes_xlsx/IDConfig_3280_completo.xlsx",7248,7.08,"1416cbf0894987c4cdf0d21f0ce11637"
3281,"138","138_Cuenca_Chira","IDConfig_3281_completo.xlsx","138_Cuenca_Chira/_raw_reportes_xlsx/IDConfig_3281_completo.xlsx",22425,21.9,"27b4adde41cff7f2fd0ae670cffa32ce"
3283,"138","138_Cuenca_Chira","IDConfig_3283_completo.xlsx","138_Cuenca_Chira/_raw_reportes_xlsx/IDConfig_3283_completo.xlsx",20324,19.85,"2c9cd56d8aa570931f0a8af6de4a9506"
3433,"138","138_Cuenca_Chira","IDConfig_3433_completo.xlsx","138_Cuenca_Chira/_raw_reportes_xlsx/IDConfig_3433_completo.xlsx",31661,30.92,"eed2acebaa0d0aee7db4f3ec73bfe6b7"
3721,"138","138_Cuenca_Chira","IDConfig_3721_completo.xlsx","138_Cuenca_Chira/_raw_reportes_xlsx/IDConfig_3721_completo.xlsx",18481,18.05,"ac75fe3b942ca5c3ee89e58c958a6e94"
3746,"138","138_Cuenca_Chira","IDConfig_3746_completo.xlsx","138_Cuenca_Chira/_raw_reportes_xlsx/IDConfig_3746_completo.xlsx",32134,31.38,"b3b32b49f4e612ff540bcefee4244284"
3814,"138","138_Cuenca_Chira","IDConfig_3814_completo.xlsx","138_Cuenca_Chira/_raw_reportes_xlsx/IDConfig_3814_completo.xlsx",93340,91.15,"8eceda2f84b8f5291718b5d678d42301"
3816,"138","138_Cuenca_Chira","IDConfig_3816_completo.xlsx","138_Cuenca_Chira/_raw_reportes_xlsx/IDConfig_3816_completo.xlsx",73300,71.58,"b31247d051e4005b2bdd772a13383d55"
3841,"138","138_Cuenca_Chira","IDConfig_3841_completo.xlsx","138_Cuenca_Chira/_raw_reportes_xlsx/IDConfig_3841_completo.xlsx",27188,26.55,"c951e21b24316a51fd20e08458f27b10"
3842,"138","138_Cuenca_Chira","IDConfig_3842_completo.xlsx","138_Cuenca_Chira/_raw_reportes_xlsx/IDConfig_3842_completo.xlsx",24553,23.98,"f72f340f9d9621df77495d92d4f679a7"
3965,"138","138_Cuenca_Chira","IDConfig_3965_completo.xlsx","138_Cuenca_Chira/_raw_reportes_xlsx/IDConfig_3965_completo.xlsx",50529,49.34,"071404adc83f2e037169d98aae3d156c"
3967,"138","138_Cuenca_Chira","IDConfig_3967_completo.xlsx","138_Cuenca_Chira/_raw_reportes_xlsx/IDConfig_3967_completo.xlsx",6587,6.43,"a8f0a1fb9af7b189f0113876360b71e2"
4124,"138","138_Cuenca_Chira","IDConfig_4124_completo.xlsx","138_Cuenca_Chira/_raw_reportes_xlsx/IDConfig_4124_completo.xlsx",25107,24.52,"d4ae3bef6140cbd2182664e3a6725388"
4211,"138","138_Cuenca_Chira","IDConfig_4211_completo.xlsx","138_Cuenca_Chira/_raw_reportes_xlsx/IDConfig_4211_completo.xlsx",67052,65.48,"dd7ae1947f7b34614e950ac2e5ad8a28"
4212,"138","138_Cuenca_Chira","IDConfig_4212_completo.xlsx","138_Cuenca_Chira/_raw_reportes_xlsx/IDConfig_4212_completo.xlsx",13718,13.4,"7c7ee8c49d351d031447484303b32153"
4231,"138","138_Cuenca_Chira","IDConfig_4231_completo.xlsx","138_Cuenca_Chira/_raw_reportes_xlsx/IDConfig_4231_completo.xlsx",19921,19.45,"ae89df754eb008b0a55d4288248e5bb5"
4232,"138","138_Cuenca_Chira","IDConfig_4232_completo.xlsx","138_Cuenca_Chira/_raw_reportes_xlsx/IDConfig_4232_completo.xlsx",14228,13.89,"1701aa0a2226c48e6c3ec538b35687fe"
4233,"138","138_Cuenca_Chira","IDConfig_4233_completo.xlsx","138_Cuenca_Chira/_raw_reportes_xlsx/IDConfig_4233_completo.xlsx",5066,4.95,"7d168c6dd15f2e76cae849ae33c7795b"
4264,"138","138_Cuenca_Chira","IDConfig_4264_completo.xlsx","138_Cuenca_Chira/_raw_reportes_xlsx/IDConfig_4264_completo.xlsx",81045,79.15,"bd28de8629f17899423bd09928658e15"
7231,"138","138_Cuenca_Chira","IDConfig_7231_completo.xlsx","138_Cuenca_Chira/_raw_reportes_xlsx/IDConfig_7231_completo.xlsx",3698,3.61,"aa9af01ea1898ef851bc70c4eaf4fcff"
7232,"138","138_Cuenca_Chira","IDConfig_7232_completo.xlsx","138_Cuenca_Chira/_raw_reportes_xlsx/IDConfig_7232_completo.xlsx",113925,111.25,"8c23c445d3dcd4565f8e2ac4067c533f"
8138,"138","138_Cuenca_Chira","IDConfig_8138_completo.xlsx","138_Cuenca_Chira/_raw_reportes_xlsx/IDConfig_8138_completo.xlsx",8045,7.86,"0d8f96b8b142ffec078c9e5585377233"
51772,"138","138_Cuenca_Chira","IDConfig_51772_completo.xlsx","138_Cuenca_Chira/_raw_reportes_xlsx/IDConfig_51772_completo.xlsx",89236,87.14,"9a8297c5d1b67f4597e02185946ec3ca"
52459,"138","138_Cuenca_Chira","IDConfig_52459_completo.xlsx","138_Cuenca_Chira/_raw_reportes_xlsx/IDConfig_52459_completo.xlsx",65210,63.68,"083ab13e74e34b3cd2afb74a0d7fd6c1"
52574,"138","138_Cuenca_Chira","IDConfig_52574_completo.xlsx","138_Cuenca_Chira/_raw_reportes_xlsx/IDConfig_52574_completo.xlsx",62725,61.25,"e0e8e6abf31a1850415a1cd56ab66fce"
52575,"138","138_Cuenca_Chira","IDConfig_52575_completo.xlsx","138_Cuenca_Chira/_raw_reportes_xlsx/IDConfig_52575_completo.xlsx",66060,64.51,"3f311519df28cd9ccfcd0e2f4b6c638d"
52576,"138","138_Cuenca_Chira","IDConfig_52576_completo.xlsx","138_Cuenca_Chira/_raw_reportes_xlsx/IDConfig_52576_completo.xlsx",66765,65.2,"b0db3923f80df92c402054f6072d5486"
52675,"138","138_Cuenca_Chira","IDConfig_52675_completo.xlsx","138_Cuenca_Chira/_raw_reportes_xlsx/IDConfig_52675_completo.xlsx",66534,64.97,"90b51c26dc6cab80fd3b6e893f028ce0"
62255,"138","138_Cuenca_Chira","IDConfig_62255_completo.xlsx","138_Cuenca_Chira/_raw_reportes_xlsx/IDConfig_62255_completo.xlsx",167899,163.96,"f09228b217cdeda39907ea0d4d3aa7ea"
62890,"138","138_Cuenca_Chira","IDConfig_62890_completo.xlsx","138_Cuenca_Chira/_raw_reportes_xlsx/IDConfig_62890_completo.xlsx",125668,122.72,"3bf00ca3a9154f1c5a006e06324174b4"
63115,"138","138_Cuenca_Chira","IDConfig_63115_completo.xlsx","138_Cuenca_Chira/_raw_reportes_xlsx/IDConfig_63115_completo.xlsx",10808,10.55,"3998c9ae42835624d74e5e97ac79ca99"
63303,"138","138_Cuenca_Chira","IDConfig_63303_completo.xlsx","138_Cuenca_Chira/_raw_reportes_xlsx/IDConfig_63303_completo.xlsx",10069,9.83,"26f4a13bc32822332e4fa4006303e9f6"
63308,"138","138_Cuenca_Chira","IDConfig_63308_completo.xlsx","138_Cuenca_Chira/_raw_reportes_xlsx/IDConfig_63308_completo.xlsx",10444,10.2,"0c7f68d2fb23908d456e369360c3442a"
63309,"138","138_Cuenca_Chira","IDConfig_63309_completo.xlsx","138_Cuenca_Chira/_raw_reportes_xlsx/IDConfig_63309_completo.xlsx",10749,10.5,"f139ca4f7b9fda8cf345b0c886df11c8"
63328,"138","138_Cuenca_Chira","IDConfig_63328_completo.xlsx","138_Cuenca_Chira/_raw_reportes_xlsx/IDConfig_63328_completo.xlsx",11203,10.94,"3eca2f660cba43f138a99afb49e959df"
63346,"138","138_Cuenca_Chira","IDConfig_63346_completo.xlsx","138_Cuenca_Chira/_raw_reportes_xlsx/IDConfig_63346_completo.xlsx",8427,8.23,"ddf1a750d18fc514416c887d775aafbc"
63501,"138","138_Cuenca_Chira","IDConfig_63501_completo.xlsx","138_Cuenca_Chira/_raw_reportes_xlsx/IDConfig_63501_completo.xlsx",11250,10.99,"0ad225186d58fed316e57ee6cc18c82d"
63544,"138","138_Cuenca_Chira","IDConfig_63544_completo.xlsx","138_Cuenca_Chira/_raw_reportes_xlsx/IDConfig_63544_completo.xlsx",30338,29.63,"4b09f41702242595d01a64354f50547d"
64916,"138","138_Cuenca_Chira","IDConfig_64916_completo.xlsx","138_Cuenca_Chira/_raw_reportes_xlsx/IDConfig_64916_completo.xlsx",13499,13.18,"db7c123fc1ae05497660cfe96bd44510"
64930,"138","138_Cuenca_Chira","IDConfig_64930_completo.xlsx","138_Cuenca_Chira/_raw_reportes_xlsx/IDConfig_64930_completo.xlsx",12980,12.68,"69562258a0bdd9600b0b6ced913a3bdd"
64934,"138","138_Cuenca_Chira","IDConfig_64934_completo.xlsx","138_Cuenca_Chira/_raw_reportes_xlsx/IDConfig_64934_completo.xlsx",13495,13.18,"948851bbf29c28454951be21c297be7e"
64936,"138","138_Cuenca_Chira","IDConfig_64936_completo.xlsx","138_Cuenca_Chira/_raw_reportes_xlsx/IDConfig_64936_completo.xlsx",14065,13.74,"cfd63a9d3c8e97330cfada170d9f1545"
64992,"138","138_Cuenca_Chira","IDConfig_64992_completo.xlsx","138_Cuenca_Chira/_raw_reportes_xlsx/IDConfig_64992_completo.xlsx",6656,6.5,"e535b9d5d267d14ddcce2cdd3b901482"
65010,"138","138_Cuenca_Chira","IDConfig_65010_completo.xlsx","138_Cuenca_Chira/_raw_reportes_xlsx/IDConfig_65010_completo.xlsx",162751,158.94,"1242d3495ef55af5ce67b08d942553fb"
65024,"138","138_Cuenca_Chira","IDConfig_65024_completo.xlsx","138_Cuenca_Chira/_raw_reportes_xlsx/IDConfig_65024_completo.xlsx",162833,159.02,"c90816ad466d20e880fb435015a6b0e7"
65028,"138","138_Cuenca_Chira","IDConfig_65028_completo.xlsx","138_Cuenca_Chira/_raw_reportes_xlsx/IDConfig_65028_completo.xlsx",176117,171.99,"f3baa8ba3cd167b5d7516321e462fdb9"
65030,"138","138_Cuenca_Chira","IDConfig_65030_completo.xlsx","138_Cuenca_Chira/_raw_reportes_xlsx/IDConfig_65030_completo.xlsx",176198,172.07,"b4068a552067d907dc921269f67536ab"
65086,"138","138_Cuenca_Chira","IDConfig_65086_completo.xlsx","138_Cuenca_Chira/_raw_reportes_xlsx/IDConfig_65086_completo.xlsx",44755,43.71,"46f4f4d68b4d86a9df708881a8e4400e"
65116,"138","138_Cuenca_Chira","IDConfig_65116_completo.xlsx","138_Cuenca_Chira/_raw_reportes_xlsx/IDConfig_65116_completo.xlsx",163824,159.98,"63dfd7ed46d02fd88ebd2e21bb29027b"
65274,"138","138_Cuenca_Chira","IDConfig_65274_completo.xlsx","138_Cuenca_Chira/_raw_reportes_xlsx/IDConfig_65274_completo.xlsx",11938,11.66,"31c7be19deecbcd582632d758093b826"
67450,"138","138_Cuenca_Chira","IDConfig_67450_completo.xlsx","138_Cuenca_Chira/_raw_reportes_xlsx/IDConfig_67450_completo.xlsx",13442,13.13,"cf913afd68ac3131a55701f232ece7f7"
67451,"138","138_Cuenca_Chira","IDConfig_67451_completo.xlsx","138_Cuenca_Chira/_raw_reportes_xlsx/IDConfig_67451_completo.xlsx",176599,172.46,"0bc61996a8b90b741e38cb2066d33745"
67575,"138","138_Cuenca_Chira","IDConfig_67575_completo.xlsx","138_Cuenca_Chira/_raw_reportes_xlsx/IDConfig_67575_completo.xlsx",11884,11.61,"46a391af7b03b75b835d906a5964a1ad"
67589,"138","138_Cuenca_Chira","IDConfig_67589_completo.xlsx","138_Cuenca_Chira/_raw_reportes_xlsx/IDConfig_67589_completo.xlsx",11707,11.43,"74fa198968637e26e67a6e01bb3b9e08"
67593,"138","138_Cuenca_Chira","IDConfig_67593_completo.xlsx","138_Cuenca_Chira/_raw_reportes_xlsx/IDConfig_67593_completo.xlsx",11761,11.49,"a8b94d17d014c64c043ebb6713862c24"
67595,"138","138_Cuenca_Chira","IDConfig_67595_completo.xlsx","138_Cuenca_Chira/_raw_reportes_xlsx/IDConfig_67595_completo.xlsx",12074,11.79,"af2e8d96754097e6c92c44d93e6a933e"
67651,"138","138_Cuenca_Chira","IDConfig_67651_completo.xlsx","138_Cuenca_Chira/_raw_reportes_xlsx/IDConfig_67651_completo.xlsx",5998,5.86,"c06353576914ccb88d9d0205f1b4659b"
67662,"138","138_Cuenca_Chira","IDConfig_67662_completo.xlsx","138_Cuenca_Chira/_raw_reportes_xlsx/IDConfig_67662_completo.xlsx",11963,11.68,"c66db1aa8197ba9af813249b291b57fb"
67676,"138","138_Cuenca_Chira","IDConfig_67676_completo.xlsx","138_Cuenca_Chira/_raw_reportes_xlsx/IDConfig_67676_completo.xlsx",11367,11.1,"94ac4a6983295927d15012b5f1022876"
67690,"138","138_Cuenca_Chira","IDConfig_67690_completo.xlsx","138_Cuenca_Chira/_raw_reportes_xlsx/IDConfig_67690_completo.xlsx",11226,10.96,"1b822eed448ec85fa6da6eecd992e8a0"
67694,"138","138_Cuenca_Chira","IDConfig_67694_completo.xlsx","138_Cuenca_Chira/_raw_reportes_xlsx/IDConfig_67694_completo.xlsx",11291,11.03,"c1bddcb15f2168121ecffba4b84aca12"
67696,"138","138_Cuenca_Chira","IDConfig_67696_completo.xlsx","138_Cuenca_Chira/_raw_reportes_xlsx/IDConfig_67696_completo.xlsx",11378,11.11,"b23b1c1b7e4aca633c33a95e178e2c2c"
67752,"138","138_Cuenca_Chira","IDConfig_67752_completo.xlsx","138_Cuenca_Chira/_raw_reportes_xlsx/IDConfig_67752_completo.xlsx",5711,5.58,"207cf668a5b7c92431093ba8411718db"
67763,"138","138_Cuenca_Chira","IDConfig_67763_completo.xlsx","138_Cuenca_Chira/_raw_reportes_xlsx/IDConfig_67763_completo.xlsx",11656,11.38,"50d25227846859a2d916257ef4111360"
63575,"13931","13931_Intercuenca_13931","IDConfig_63575_completo.xlsx","13931_Intercuenca_13931/_raw_reportes_xlsx/IDConfig_63575_completo.xlsx",11461,11.19,"2d5ff1ff7e684ade744585d11d20c30c"
8554,"13932","13932_Cuenca_Fernandez","IDConfig_8554_completo.xlsx","13932_Cuenca_Fernandez/_raw_reportes_xlsx/IDConfig_8554_completo.xlsx",10698,10.45,"cdc712eec977d1502166360d949cc9af"
143,"13936","13936_Cuenca_Bocapan","IDConfig_143_completo.xlsx","13936_Cuenca_Bocapan/_raw_reportes_xlsx/IDConfig_143_completo.xlsx",21496,20.99,"a0203fd84fc6199cfd3f0e311a654165"
269,"13936","13936_Cuenca_Bocapan","IDConfig_269_completo.xlsx","13936_Cuenca_Bocapan/_raw_reportes_xlsx/IDConfig_269_completo.xlsx",15933,15.56,"494a3d654c07c5e2a3979155394353a8"
1442,"13936","13936_Cuenca_Bocapan","IDConfig_1442_completo.xlsx","13936_Cuenca_Bocapan/_raw_reportes_xlsx/IDConfig_1442_completo.xlsx",11417,11.15,"20d0c84e92a68ab4a42a845db15f7fef"
63527,"13936","13936_Cuenca_Bocapan","IDConfig_63527_completo.xlsx","13936_Cuenca_Bocapan/_raw_reportes_xlsx/IDConfig_63527_completo.xlsx",11907,11.63,"5a992a02d04998b4cd5a1f5d8918b0db"
3742,"13939","13939_Intercuenca_13939","IDConfig_3742_completo.xlsx","13939_Intercuenca_13939/_raw_reportes_xlsx/IDConfig_3742_completo.xlsx",26330,25.71,"f23d382b0566fd85cdfd3e38c33d7867"
97,"1394","1394_Cuenca_Tumbes","IDConfig_97_completo.xlsx","1394_Cuenca_Tumbes/_raw_reportes_xlsx/IDConfig_97_completo.xlsx",15936,15.56,"fd8bb4c24e3c0a49f1435cca82d4f8fc"
493,"1394","1394_Cuenca_Tumbes","IDConfig_493_completo.xlsx","1394_Cuenca_Tumbes/_raw_reportes_xlsx/IDConfig_493_completo.xlsx",11077,10.82,"cd6b09283b80641e481810b890a02be7"
631,"1394","1394_Cuenca_Tumbes","IDConfig_631_completo.xlsx","1394_Cuenca_Tumbes/_raw_reportes_xlsx/IDConfig_631_completo.xlsx",3273,3.2,"a1ae869d9edb7e18cbc054173d6e0f08"
703,"1394","1394_Cuenca_Tumbes","IDConfig_703_completo.xlsx","1394_Cuenca_Tumbes/_raw_reportes_xlsx/IDConfig_703_completo.xlsx",15783,15.41,"e93d9d4adb8a7b0258312f6f2ea09e57"
1311,"1394","1394_Cuenca_Tumbes","IDConfig_1311_completo.xlsx","1394_Cuenca_Tumbes/_raw_reportes_xlsx/IDConfig_1311_completo.xlsx",11712,11.44,"8891aff8e123e2d980a77475c78dd664"
1549,"1394","1394_Cuenca_Tumbes","IDConfig_1549_completo.xlsx","1394_Cuenca_Tumbes/_raw_reportes_xlsx/IDConfig_1549_completo.xlsx",13039,12.73,"d64b5e6bd70357f94e4d57f9da7f47b7"
1551,"1394","1394_Cuenca_Tumbes","IDConfig_1551_completo.xlsx","1394_Cuenca_Tumbes/_raw_reportes_xlsx/IDConfig_1551_completo.xlsx",44592,43.55,"481aab550b4b3ca28a827713b6a1f0c1"
1882,"1394","1394_Cuenca_Tumbes","IDConfig_1882_completo.xlsx","1394_Cuenca_Tumbes/_raw_reportes_xlsx/IDConfig_1882_completo.xlsx",130993,127.92,"95e9cef9fd70ff28e96186aa2441278c"
1964,"1394","1394_Cuenca_Tumbes","IDConfig_1964_completo.xlsx","1394_Cuenca_Tumbes/_raw_reportes_xlsx/IDConfig_1964_completo.xlsx",15475,15.11,"089d12e85d411c690879ea09293e11dd"
2346,"1394","1394_Cuenca_Tumbes","IDConfig_2346_completo.xlsx","1394_Cuenca_Tumbes/_raw_reportes_xlsx/IDConfig_2346_completo.xlsx",86044,84.03,"3876d308ed204dfcf39f21cd9f28aaab"
3154,"1394","1394_Cuenca_Tumbes","IDConfig_3154_completo.xlsx","1394_Cuenca_Tumbes/_raw_reportes_xlsx/IDConfig_3154_completo.xlsx",54643,53.36,"0f6af80b9f40b1746e15ed8e917da5e0"
3528,"1394","1394_Cuenca_Tumbes","IDConfig_3528_completo.xlsx","1394_Cuenca_Tumbes/_raw_reportes_xlsx/IDConfig_3528_completo.xlsx",10173,9.93,"67e4170b2fdbb84c2c59ed5e9984197b"
3662,"1394","1394_Cuenca_Tumbes","IDConfig_3662_completo.xlsx","1394_Cuenca_Tumbes/_raw_reportes_xlsx/IDConfig_3662_completo.xlsx",128713,125.7,"0127504397c47b6a57dcc565461bbd39"
3966,"1394","1394_Cuenca_Tumbes","IDConfig_3966_completo.xlsx","1394_Cuenca_Tumbes/_raw_reportes_xlsx/IDConfig_3966_completo.xlsx",11595,11.32,"69db3f8819e8184ba30f9df5646c4c02"
3987,"1394","1394_Cuenca_Tumbes","IDConfig_3987_completo.xlsx","1394_Cuenca_Tumbes/_raw_reportes_xlsx/IDConfig_3987_completo.xlsx",125284,122.35,"d972f105ab3c673672bea0b99c3e182e"
3988,"1394","1394_Cuenca_Tumbes","IDConfig_3988_completo.xlsx","1394_Cuenca_Tumbes/_raw_reportes_xlsx/IDConfig_3988_completo.xlsx",39843,38.91,"31af261cf1c6c789ea812b3ad760c25c"
8741,"1394","1394_Cuenca_Tumbes","IDConfig_8741_completo.xlsx","1394_Cuenca_Tumbes/_raw_reportes_xlsx/IDConfig_8741_completo.xlsx",195426,190.85,"f5d853df42c692435ed5506ba8fa1cfd"
51854,"1394","1394_Cuenca_Tumbes","IDConfig_51854_completo.xlsx","1394_Cuenca_Tumbes/_raw_reportes_xlsx/IDConfig_51854_completo.xlsx",60981,59.55,"cca559f26942f6b63ac29b0a2159c7fd"
52561,"1394","1394_Cuenca_Tumbes","IDConfig_52561_completo.xlsx","1394_Cuenca_Tumbes/_raw_reportes_xlsx/IDConfig_52561_completo.xlsx",63235,61.75,"4353a218a6b63ed9254478f0692e633c"
62275,"1394","1394_Cuenca_Tumbes","IDConfig_62275_completo.xlsx","1394_Cuenca_Tumbes/_raw_reportes_xlsx/IDConfig_62275_completo.xlsx",169421,165.45,"676e5db852cf74a07da64a7639ab8945"
62276,"1394","1394_Cuenca_Tumbes","IDConfig_62276_completo.xlsx","1394_Cuenca_Tumbes/_raw_reportes_xlsx/IDConfig_62276_completo.xlsx",11001,10.74,"efc18ac7b86c3a39c9b317e7d7c5517e"
63324,"1394","1394_Cuenca_Tumbes","IDConfig_63324_completo.xlsx","1394_Cuenca_Tumbes/_raw_reportes_xlsx/IDConfig_63324_completo.xlsx",11518,11.25,"367c8fd469aaa69e6d651c4b3ec58b47"
63554,"1394","1394_Cuenca_Tumbes","IDConfig_63554_completo.xlsx","1394_Cuenca_Tumbes/_raw_reportes_xlsx/IDConfig_63554_completo.xlsx",42729,41.73,"2142d12882fe27196a5d3dd3d81efce9"
64932,"1394","1394_Cuenca_Tumbes","IDConfig_64932_completo.xlsx","1394_Cuenca_Tumbes/_raw_reportes_xlsx/IDConfig_64932_completo.xlsx",14462,14.12,"cac2ec66c368d9dbca7f2cf254c57391"
65026,"1394","1394_Cuenca_Tumbes","IDConfig_65026_completo.xlsx","1394_Cuenca_Tumbes/_raw_reportes_xlsx/IDConfig_65026_completo.xlsx",186692,182.32,"635d30f0045c95ce315229a5d8ea7655"
67444,"1394","1394_Cuenca_Tumbes","IDConfig_67444_completo.xlsx","1394_Cuenca_Tumbes/_raw_reportes_xlsx/IDConfig_67444_completo.xlsx",12757,12.46,"bb4b539ada25aa96757c94aae1514664"
67445,"1394","1394_Cuenca_Tumbes","IDConfig_67445_completo.xlsx","1394_Cuenca_Tumbes/_raw_reportes_xlsx/IDConfig_67445_completo.xlsx",161243,157.46,"94b31d4ad3e5e44a3f616fae56148e2a"
67464,"1394","1394_Cuenca_Tumbes","IDConfig_67464_completo.xlsx","1394_Cuenca_Tumbes/_raw_reportes_xlsx/IDConfig_67464_completo.xlsx",9842,9.61,"a73d34a86f4bfb097df2a630e92d5e65"
67465,"1394","1394_Cuenca_Tumbes","IDConfig_67465_completo.xlsx","1394_Cuenca_Tumbes/_raw_reportes_xlsx/IDConfig_67465_completo.xlsx",108984,106.43,"3cadcb2cd4e74cb80bab8d062818121a"
67591,"1394","1394_Cuenca_Tumbes","IDConfig_67591_completo.xlsx","1394_Cuenca_Tumbes/_raw_reportes_xlsx/IDConfig_67591_completo.xlsx",13261,12.95,"60a2d76e7aee396ad66bc6c9f0f65fb4"
67660,"1394","1394_Cuenca_Tumbes","IDConfig_67660_completo.xlsx","1394_Cuenca_Tumbes/_raw_reportes_xlsx/IDConfig_67660_completo.xlsx",11723,11.45,"15ea22f069f5f7075599121672dd38f4"
67664,"1394","1394_Cuenca_Tumbes","IDConfig_67664_completo.xlsx","1394_Cuenca_Tumbes/_raw_reportes_xlsx/IDConfig_67664_completo.xlsx",9152,8.94,"3fa1bdd097f412ae5276d1760dee9bc6"
67692,"1394","1394_Cuenca_Tumbes","IDConfig_67692_completo.xlsx","1394_Cuenca_Tumbes/_raw_reportes_xlsx/IDConfig_67692_completo.xlsx",12818,12.52,"9cd95f0645141a4552504eaa94f93890"
67761,"1394","1394_Cuenca_Tumbes","IDConfig_67761_completo.xlsx","1394_Cuenca_Tumbes/_raw_reportes_xlsx/IDConfig_67761_completo.xlsx",11359,11.09,"fb4f306c9e91e3ee178c06eb2f259985"
67765,"1394","1394_Cuenca_Tumbes","IDConfig_67765_completo.xlsx","1394_Cuenca_Tumbes/_raw_reportes_xlsx/IDConfig_67765_completo.xlsx",8949,8.74,"0c77f77c36b206653c63fa1738cd066e"
998,"13951","13951_Intercuenca_13951","IDConfig_998_completo.xlsx","13951_Intercuenca_13951/_raw_reportes_xlsx/IDConfig_998_completo.xlsx",11472,11.2,"70b9ad7eed5cbecf99a563c49e685418"
1250,"13951","13951_Intercuenca_13951","IDConfig_1250_completo.xlsx","13951_Intercuenca_13951/_raw_reportes_xlsx/IDConfig_1250_completo.xlsx",57844,56.49,"889872aef283614e6696dc69cef53cdc"
3483,"13951","13951_Intercuenca_13951","IDConfig_3483_completo.xlsx","13951_Intercuenca_13951/_raw_reportes_xlsx/IDConfig_3483_completo.xlsx",21644,21.14,"03b927678bc5b23abfcadc60a76a9107"
8572,"13951","13951_Intercuenca_13951","IDConfig_8572_completo.xlsx","13951_Intercuenca_13951/_raw_reportes_xlsx/IDConfig_8572_completo.xlsx",42849,41.84,"8522d4ebb7af7469dce25040bc308fe1"
142,"13952","13952_Cuenca_Zarumilla","IDConfig_142_completo.xlsx","13952_Cuenca_Zarumilla/_raw_reportes_xlsx/IDConfig_142_completo.xlsx",19552,19.09,"0be4370d917db15867b4016423816614"
379,"13952","13952_Cuenca_Zarumilla","IDConfig_379_completo.xlsx","13952_Cuenca_Zarumilla/_raw_reportes_xlsx/IDConfig_379_completo.xlsx",4911,4.8,"0a73cbc7101a154ccc69a71007251d5a"
540,"13952","13952_Cuenca_Zarumilla","IDConfig_540_completo.xlsx","13952_Cuenca_Zarumilla/_raw_reportes_xlsx/IDConfig_540_completo.xlsx",4203,4.1,"4c072ee8f8a426240c17d08d6f3f9a16"
949,"13952","13952_Cuenca_Zarumilla","IDConfig_949_completo.xlsx","13952_Cuenca_Zarumilla/_raw_reportes_xlsx/IDConfig_949_completo.xlsx",29006,28.33,"0cf65c86e1a204524989224c9c598d5a"
2109,"13952","13952_Cuenca_Zarumilla","IDConfig_2109_completo.xlsx","13952_Cuenca_Zarumilla/_raw_reportes_xlsx/IDConfig_2109_completo.xlsx",5640,5.51,"a157611c7090c018f8073db032ced3ba"
2139,"13952","13952_Cuenca_Zarumilla","IDConfig_2139_completo.xlsx","13952_Cuenca_Zarumilla/_raw_reportes_xlsx/IDConfig_2139_completo.xlsx",87282,85.24,"aa4f659bf0d4babccd53a15c7612ed99"
2372,"13952","13952_Cuenca_Zarumilla","IDConfig_2372_completo.xlsx","13952_Cuenca_Zarumilla/_raw_reportes_xlsx/IDConfig_2372_completo.xlsx",6730,6.57,"6cb9f4298a88b38c04db8b3d5780ebf7"
2500,"13952","13952_Cuenca_Zarumilla","IDConfig_2500_completo.xlsx","13952_Cuenca_Zarumilla/_raw_reportes_xlsx/IDConfig_2500_completo.xlsx",20749,20.26,"47e234338b4d0b390b9fddfa174957d8"
3126,"13952","13952_Cuenca_Zarumilla","IDConfig_3126_completo.xlsx","13952_Cuenca_Zarumilla/_raw_reportes_xlsx/IDConfig_3126_completo.xlsx",12466,12.17,"c27f0cb0b3603a844fcf14ad22573ae3"
3860,"13952","13952_Cuenca_Zarumilla","IDConfig_3860_completo.xlsx","13952_Cuenca_Zarumilla/_raw_reportes_xlsx/IDConfig_3860_completo.xlsx",3961,3.87,"a8e29088db4ff75d4d47e30476ada265"
51953,"13952","13952_Cuenca_Zarumilla","IDConfig_51953_completo.xlsx","13952_Cuenca_Zarumilla/_raw_reportes_xlsx/IDConfig_51953_completo.xlsx",42647,41.65,"7044d1b6c1ab76804a4506fa154bebe6"
52160,"13952","13952_Cuenca_Zarumilla","IDConfig_52160_completo.xlsx","13952_Cuenca_Zarumilla/_raw_reportes_xlsx/IDConfig_52160_completo.xlsx",8678,8.47,"6c01eb7702a38030a7d54fa776f0160c"
63196,"13952","13952_Cuenca_Zarumilla","IDConfig_63196_completo.xlsx","13952_Cuenca_Zarumilla/_raw_reportes_xlsx/IDConfig_63196_completo.xlsx",3533,3.45,"861f96b02f890e2459339de8c7dfc181"
63197,"13952","13952_Cuenca_Zarumilla","IDConfig_63197_completo.xlsx","13952_Cuenca_Zarumilla/_raw_reportes_xlsx/IDConfig_63197_completo.xlsx",3636,3.55,"02f1147bc66f7a942fd065a3c00ef04a"
63198,"13952","13952_Cuenca_Zarumilla","IDConfig_63198_completo.xlsx","13952_Cuenca_Zarumilla/_raw_reportes_xlsx/IDConfig_63198_completo.xlsx",3525,3.44,"c7a4bb0f5ff1f384324a9b87350914e9"
63199,"13952","13952_Cuenca_Zarumilla","IDConfig_63199_completo.xlsx","13952_Cuenca_Zarumilla/_raw_reportes_xlsx/IDConfig_63199_completo.xlsx",3514,3.43,"85ab6e7938157ff6947acb02bbfcee39"
91,"144","0144_Cuenca_Mauri","IDConfig_91_completo.xlsx","0144_Cuenca_Mauri/_raw_reportes_xlsx/IDConfig_91_completo.xlsx",76764,74.96,"ebed835a58b58fecd454a2f874eeec34"
125,"144","0144_Cuenca_Mauri","IDConfig_125_completo.xlsx","0144_Cuenca_Mauri/_raw_reportes_xlsx/IDConfig_125_completo.xlsx",4572,4.46,"25a0aa642e004227bb54be34a87b4901"
386,"144","0144_Cuenca_Mauri","IDConfig_386_completo.xlsx","0144_Cuenca_Mauri/_raw_reportes_xlsx/IDConfig_386_completo.xlsx",4584,4.48,"6f50ab67ed0733e2ad5e4c9f2451416d"
1227,"144","0144_Cuenca_Mauri","IDConfig_1227_completo.xlsx","0144_Cuenca_Mauri/_raw_reportes_xlsx/IDConfig_1227_completo.xlsx",4717,4.61,"13db7ff9d25957dc517603658ca09b59"
1727,"144","0144_Cuenca_Mauri","IDConfig_1727_completo.xlsx","0144_Cuenca_Mauri/_raw_reportes_xlsx/IDConfig_1727_completo.xlsx",6014,5.87,"e2b8ba01110f491ba6c1eda85e22aaa1"
1739,"144","0144_Cuenca_Mauri","IDConfig_1739_completo.xlsx","0144_Cuenca_Mauri/_raw_reportes_xlsx/IDConfig_1739_completo.xlsx",115575,112.87,"b00ed8ad5284f4ba3b863618320ad074"
2784,"144","0144_Cuenca_Mauri","IDConfig_2784_completo.xlsx","0144_Cuenca_Mauri/_raw_reportes_xlsx/IDConfig_2784_completo.xlsx",14475,14.14,"4cef7122d2e01ad26579b8f551778782"
3040,"144","0144_Cuenca_Mauri","IDConfig_3040_completo.xlsx","0144_Cuenca_Mauri/_raw_reportes_xlsx/IDConfig_3040_completo.xlsx",18088,17.66,"d2063cf7a7d9efefc2a48404dc054f5f"
3176,"144","0144_Cuenca_Mauri","IDConfig_3176_completo.xlsx","0144_Cuenca_Mauri/_raw_reportes_xlsx/IDConfig_3176_completo.xlsx",5047,4.93,"428aa72aab710d0edbeba87f2624ce13"
3449,"144","0144_Cuenca_Mauri","IDConfig_3449_completo.xlsx","0144_Cuenca_Mauri/_raw_reportes_xlsx/IDConfig_3449_completo.xlsx",4741,4.63,"047cab85575b2254b8633e628d2133ad"
3570,"144","0144_Cuenca_Mauri","IDConfig_3570_completo.xlsx","0144_Cuenca_Mauri/_raw_reportes_xlsx/IDConfig_3570_completo.xlsx",41436,40.46,"b97a11b98939c4d41851583dc5687580"
3864,"144","0144_Cuenca_Mauri","IDConfig_3864_completo.xlsx","0144_Cuenca_Mauri/_raw_reportes_xlsx/IDConfig_3864_completo.xlsx",7037,6.87,"49867365875822e6baad5c20018ede29"
4014,"144","0144_Cuenca_Mauri","IDConfig_4014_completo.xlsx","0144_Cuenca_Mauri/_raw_reportes_xlsx/IDConfig_4014_completo.xlsx",44838,43.79,"f113d1eb8ee66454466490b14c746e3e"
4119,"144","0144_Cuenca_Mauri","IDConfig_4119_completo.xlsx","0144_Cuenca_Mauri/_raw_reportes_xlsx/IDConfig_4119_completo.xlsx",37114,36.24,"189469e14cefd3ec4490847126e6e177"
7339,"144","0144_Cuenca_Mauri","IDConfig_7339_completo.xlsx","0144_Cuenca_Mauri/_raw_reportes_xlsx/IDConfig_7339_completo.xlsx",133568,130.44,"5d272ce6a1aaf61befeac788e10a828d"
7368,"144","0144_Cuenca_Mauri","IDConfig_7368_completo.xlsx","0144_Cuenca_Mauri/_raw_reportes_xlsx/IDConfig_7368_completo.xlsx",128612,125.6,"98a78f1855eb456148e9bdb1ba1fb3ea"
51729,"144","0144_Cuenca_Mauri","IDConfig_51729_completo.xlsx","0144_Cuenca_Mauri/_raw_reportes_xlsx/IDConfig_51729_completo.xlsx",71628,69.95,"b4782003c5ce2f3f0b96ff8883a3d63c"
51810,"144","0144_Cuenca_Mauri","IDConfig_51810_completo.xlsx","0144_Cuenca_Mauri/_raw_reportes_xlsx/IDConfig_51810_completo.xlsx",80036,78.16,"e60522f1e6995c15edee06dc4b817b8e"
52417,"144","0144_Cuenca_Mauri","IDConfig_52417_completo.xlsx","0144_Cuenca_Mauri/_raw_reportes_xlsx/IDConfig_52417_completo.xlsx",62521,61.06,"45c7e51286486f3dc6ab2fcce8a603cf"
62977,"144","0144_Cuenca_Mauri","IDConfig_62977_completo.xlsx","0144_Cuenca_Mauri/_raw_reportes_xlsx/IDConfig_62977_completo.xlsx",24032,23.47,"72d10501f983f7a220d0318c2e5e78d3"
62995,"144","0144_Cuenca_Mauri","IDConfig_62995_completo.xlsx","0144_Cuenca_Mauri/_raw_reportes_xlsx/IDConfig_62995_completo.xlsx",24189,23.62,"14dbea720b41db878507c76a813f0d0f"
63295,"144","0144_Cuenca_Mauri","IDConfig_63295_completo.xlsx","0144_Cuenca_Mauri/_raw_reportes_xlsx/IDConfig_63295_completo.xlsx",4983,4.87,"c6b8a61d4c481f3de665ae285d6263b5"
63500,"144","0144_Cuenca_Mauri","IDConfig_63500_completo.xlsx","0144_Cuenca_Mauri/_raw_reportes_xlsx/IDConfig_63500_completo.xlsx",34622,33.81,"c77827839541dea78585d8a9c5788507"
63513,"144","0144_Cuenca_Mauri","IDConfig_63513_completo.xlsx","0144_Cuenca_Mauri/_raw_reportes_xlsx/IDConfig_63513_completo.xlsx",32355,31.6,"2d1fe0e0ccac40f2ff0cce3fc51656b8"
64227,"144","0144_Cuenca_Mauri","IDConfig_64227_completo.xlsx","0144_Cuenca_Mauri/_raw_reportes_xlsx/IDConfig_64227_completo.xlsx",33858,33.06,"a17aa6169437971fd88d4b44481b6733"
64264,"144","0144_Cuenca_Mauri","IDConfig_64264_completo.xlsx","0144_Cuenca_Mauri/_raw_reportes_xlsx/IDConfig_64264_completo.xlsx",12368,12.08,"c2ac121c9e28c418bae35d87fcb71286"
64265,"144","0144_Cuenca_Mauri","IDConfig_64265_completo.xlsx","0144_Cuenca_Mauri/_raw_reportes_xlsx/IDConfig_64265_completo.xlsx",4196,4.1,"8ba7002865996424124e66d3ee9860a1"
64353,"144","0144_Cuenca_Mauri","IDConfig_64353_completo.xlsx","0144_Cuenca_Mauri/_raw_reportes_xlsx/IDConfig_64353_completo.xlsx",64788,63.27,"df7f3e777513146cc573c78e6f761843"
64354,"144","0144_Cuenca_Mauri","IDConfig_64354_completo.xlsx","0144_Cuenca_Mauri/_raw_reportes_xlsx/IDConfig_64354_completo.xlsx",40898,39.94,"862815baa196a12d7c98fd09ae629cfe"
64910,"144","0144_Cuenca_Mauri","IDConfig_64910_completo.xlsx","0144_Cuenca_Mauri/_raw_reportes_xlsx/IDConfig_64910_completo.xlsx",11191,10.93,"e263e8766435b21490df604c5cbe8a8f"
64980,"144","0144_Cuenca_Mauri","IDConfig_64980_completo.xlsx","0144_Cuenca_Mauri/_raw_reportes_xlsx/IDConfig_64980_completo.xlsx",10441,10.2,"bffc5d1dfa988097e97cb235c5301dbc"
64996,"144","0144_Cuenca_Mauri","IDConfig_64996_completo.xlsx","0144_Cuenca_Mauri/_raw_reportes_xlsx/IDConfig_64996_completo.xlsx",10407,10.16,"d905220764ee44a40b3af3d14fa40dd2"
65004,"144","0144_Cuenca_Mauri","IDConfig_65004_completo.xlsx","0144_Cuenca_Mauri/_raw_reportes_xlsx/IDConfig_65004_completo.xlsx",79361,77.5,"a2fe111c57445a23716b856f09a8982b"
65074,"144","0144_Cuenca_Mauri","IDConfig_65074_completo.xlsx","0144_Cuenca_Mauri/_raw_reportes_xlsx/IDConfig_65074_completo.xlsx",26072,25.46,"f5a14c2346883d62c5fc40457171f9b4"
65090,"144","0144_Cuenca_Mauri","IDConfig_65090_completo.xlsx","0144_Cuenca_Mauri/_raw_reportes_xlsx/IDConfig_65090_completo.xlsx",26390,25.77,"4c65b0a4b0916163ace82d0cd036ebce"
67569,"144","0144_Cuenca_Mauri","IDConfig_67569_completo.xlsx","0144_Cuenca_Mauri/_raw_reportes_xlsx/IDConfig_67569_completo.xlsx",9413,9.19,"0b76d0f6c1a8302442cbbfe5cead0693"
67639,"144","0144_Cuenca_Mauri","IDConfig_67639_completo.xlsx","0144_Cuenca_Mauri/_raw_reportes_xlsx/IDConfig_67639_completo.xlsx",9229,9.01,"d849ceb82819b09a4e819032c55c4d60"
67655,"144","0144_Cuenca_Mauri","IDConfig_67655_completo.xlsx","0144_Cuenca_Mauri/_raw_reportes_xlsx/IDConfig_67655_completo.xlsx",9242,9.03,"c1f4243b15f213cd76e5349787ca59c9"
67670,"144","0144_Cuenca_Mauri","IDConfig_67670_completo.xlsx","0144_Cuenca_Mauri/_raw_reportes_xlsx/IDConfig_67670_completo.xlsx",9186,8.97,"5a4f3b6c1a5e1b244a91e1a151f5cc57"
67740,"144","0144_Cuenca_Mauri","IDConfig_67740_completo.xlsx","0144_Cuenca_Mauri/_raw_reportes_xlsx/IDConfig_67740_completo.xlsx",9180,8.96,"da8f61a523b12114975f5ade20e92efc"
67756,"144","0144_Cuenca_Mauri","IDConfig_67756_completo.xlsx","0144_Cuenca_Mauri/_raw_reportes_xlsx/IDConfig_67756_completo.xlsx",9182,8.97,"4883e6446a128a3492141107c7588c74"
1481,"146","0146_Cuenca_Cano","IDConfig_1481_completo.xlsx","0146_Cuenca_Cano/_raw_reportes_xlsx/IDConfig_1481_completo.xlsx",10457,10.21,"3d3b5079036aace9b04ede6caf354f77"
388,"148","0148_Cuenca_Ushusuma","IDConfig_388_completo.xlsx","0148_Cuenca_Ushusuma/_raw_reportes_xlsx/IDConfig_388_completo.xlsx",5166,5.04,"0388e1ae458b4d5c5dc177931261f24a"
545,"148","0148_Cuenca_Ushusuma","IDConfig_545_completo.xlsx","0148_Cuenca_Ushusuma/_raw_reportes_xlsx/IDConfig_545_completo.xlsx",6329,6.18,"ce5214b92302ddb86374483706534997"
817,"148","0148_Cuenca_Ushusuma","IDConfig_817_completo.xlsx","0148_Cuenca_Ushusuma/_raw_reportes_xlsx/IDConfig_817_completo.xlsx",11038,10.78,"cb31380cb913e8760a406b2bf51c7f03"
968,"148","0148_Cuenca_Ushusuma","IDConfig_968_completo.xlsx","0148_Cuenca_Ushusuma/_raw_reportes_xlsx/IDConfig_968_completo.xlsx",11682,11.41,"5982d6afed05b49af6967b0724d53f9f"
1228,"148","0148_Cuenca_Ushusuma","IDConfig_1228_completo.xlsx","0148_Cuenca_Ushusuma/_raw_reportes_xlsx/IDConfig_1228_completo.xlsx",4465,4.36,"b5ba6274f4eea2eae72f74983717f30a"
1479,"148","0148_Cuenca_Ushusuma","IDConfig_1479_completo.xlsx","0148_Cuenca_Ushusuma/_raw_reportes_xlsx/IDConfig_1479_completo.xlsx",5230,5.11,"c530bca5332c792439cb36f97445830b"
1604,"148","0148_Cuenca_Ushusuma","IDConfig_1604_completo.xlsx","0148_Cuenca_Ushusuma/_raw_reportes_xlsx/IDConfig_1604_completo.xlsx",3908,3.82,"c9cec5a4c3a57566bffddc569feaadb6"
1859,"148","0148_Cuenca_Ushusuma","IDConfig_1859_completo.xlsx","0148_Cuenca_Ushusuma/_raw_reportes_xlsx/IDConfig_1859_completo.xlsx",15029,14.68,"3d5baa5cb3c7e7f07fa617b1d113a358"
1975,"148","0148_Cuenca_Ushusuma","IDConfig_1975_completo.xlsx","0148_Cuenca_Ushusuma/_raw_reportes_xlsx/IDConfig_1975_completo.xlsx",34313,33.51,"69f8183928a180d70d6f36325c7e4ca7"
2114,"148","0148_Cuenca_Ushusuma","IDConfig_2114_completo.xlsx","0148_Cuenca_Ushusuma/_raw_reportes_xlsx/IDConfig_2114_completo.xlsx",4593,4.49,"8bebda0fc6b6746c3f663cef0415ada1"
3177,"148","0148_Cuenca_Ushusuma","IDConfig_3177_completo.xlsx","0148_Cuenca_Ushusuma/_raw_reportes_xlsx/IDConfig_3177_completo.xlsx",15522,15.16,"16062d1db244cd4793e9ed482e00c731"
3584,"148","0148_Cuenca_Ushusuma","IDConfig_3584_completo.xlsx","0148_Cuenca_Ushusuma/_raw_reportes_xlsx/IDConfig_3584_completo.xlsx",5238,5.12,"e1b910c9ca4ad30132bf443bcbd40631"
3868,"148","0148_Cuenca_Ushusuma","IDConfig_3868_completo.xlsx","0148_Cuenca_Ushusuma/_raw_reportes_xlsx/IDConfig_3868_completo.xlsx",16111,15.73,"afe2da137a872e88a20e68defe7fedfe"
4251,"148","0148_Cuenca_Ushusuma","IDConfig_4251_completo.xlsx","0148_Cuenca_Ushusuma/_raw_reportes_xlsx/IDConfig_4251_completo.xlsx",4635,4.53,"821ed6a02740d7fa02cd292a0ff9134b"
4253,"148","0148_Cuenca_Ushusuma","IDConfig_4253_completo.xlsx","0148_Cuenca_Ushusuma/_raw_reportes_xlsx/IDConfig_4253_completo.xlsx",4410,4.31,"2cbfc59371f67ad42a1d7e9ac197e495"
7327,"148","0148_Cuenca_Ushusuma","IDConfig_7327_completo.xlsx","0148_Cuenca_Ushusuma/_raw_reportes_xlsx/IDConfig_7327_completo.xlsx",21299,20.8,"d87a447ced7072437012330d435b034f"
52636,"148","0148_Cuenca_Ushusuma","IDConfig_52636_completo.xlsx","0148_Cuenca_Ushusuma/_raw_reportes_xlsx/IDConfig_52636_completo.xlsx",66680,65.12,"10e5ea82f344bc64a02edec784c898be"
62976,"148","0148_Cuenca_Ushusuma","IDConfig_62976_completo.xlsx","0148_Cuenca_Ushusuma/_raw_reportes_xlsx/IDConfig_62976_completo.xlsx",60089,58.68,"291ab98fd5cbe1326ce1a161e4c879b5"
64251,"148","0148_Cuenca_Ushusuma","IDConfig_64251_completo.xlsx","0148_Cuenca_Ushusuma/_raw_reportes_xlsx/IDConfig_64251_completo.xlsx",18068,17.64,"e8d0878fe7426fea3505260da5ca4c4b"
64252,"148","0148_Cuenca_Ushusuma","IDConfig_64252_completo.xlsx","0148_Cuenca_Ushusuma/_raw_reportes_xlsx/IDConfig_64252_completo.xlsx",6933,6.77,"9652a2b0eeaa1bf84d5183c7cbca94ed"
64253,"148","0148_Cuenca_Ushusuma","IDConfig_64253_completo.xlsx","0148_Cuenca_Ushusuma/_raw_reportes_xlsx/IDConfig_64253_completo.xlsx",6099,5.96,"03cadba0e163f245333a0a1356f95516"
64919,"148","0148_Cuenca_Ushusuma","IDConfig_64919_completo.xlsx","0148_Cuenca_Ushusuma/_raw_reportes_xlsx/IDConfig_64919_completo.xlsx",11667,11.39,"d25585fe737f5f529b908a2a052f3aae"
65013,"148","0148_Cuenca_Ushusuma","IDConfig_65013_completo.xlsx","0148_Cuenca_Ushusuma/_raw_reportes_xlsx/IDConfig_65013_completo.xlsx",74432,72.69,"e2f792060769bd156cfb090ede8fe672"
67578,"148","0148_Cuenca_Ushusuma","IDConfig_67578_completo.xlsx","0148_Cuenca_Ushusuma/_raw_reportes_xlsx/IDConfig_67578_completo.xlsx",9868,9.64,"85f7c9c24ad07f31f2ec2c9091613b5e"
67679,"148","0148_Cuenca_Ushusuma","IDConfig_67679_completo.xlsx","0148_Cuenca_Ushusuma/_raw_reportes_xlsx/IDConfig_67679_completo.xlsx",9755,9.53,"1af25381d9e9b5cc23bf12f126988678"
7396,"15","015_Lago_Titicaca","IDConfig_7396_completo.xlsx","015_Lago_Titicaca/_raw_reportes_xlsx/IDConfig_7396_completo.xlsx",48214,47.08,"1faeb239a4f3f9dd53bec792e7ece1a2"
7397,"15","015_Lago_Titicaca","IDConfig_7397_completo.xlsx","015_Lago_Titicaca/_raw_reportes_xlsx/IDConfig_7397_completo.xlsx",195893,191.3,"61e7eff98c19c48301e71236bd2f0722"
52566,"15","015_Lago_Titicaca","IDConfig_52566_completo.xlsx","015_Lago_Titicaca/_raw_reportes_xlsx/IDConfig_52566_completo.xlsx",50083,48.91,"22048a3ab9e0edcc465c66f5f2489728"
65233,"15","015_Lago_Titicaca","IDConfig_65233_completo.xlsx","015_Lago_Titicaca/_raw_reportes_xlsx/IDConfig_65233_completo.xlsx",71559,69.88,"1b1356fbc32c95604aef46ff85ab1e9e"
65371,"15","015_Lago_Titicaca","IDConfig_65371_completo.xlsx","015_Lago_Titicaca/_raw_reportes_xlsx/IDConfig_65371_completo.xlsx",8944,8.73,"7e9a789f096f70088a0ff6f9c4927e75"
52187,"152","0152_Cuenca_Mauri_Chico","IDConfig_52187_completo.xlsx","0152_Cuenca_Mauri_Chico/_raw_reportes_xlsx/IDConfig_52187_completo.xlsx",71322,69.65,"6a8b0d426e5b0d389e7b9410cdba68bd"
3995,"156","0156_Cuenca_Callaccame","IDConfig_3995_completo.xlsx","0156_Cuenca_Callaccame/_raw_reportes_xlsx/IDConfig_3995_completo.xlsx",10077,9.84,"51e241e17e2ab59129320eb6373a340d"
7406,"156","0156_Cuenca_Callaccame","IDConfig_7406_completo.xlsx","0156_Cuenca_Callaccame/_raw_reportes_xlsx/IDConfig_7406_completo.xlsx",143327,139.97,"984ffb6a01551b9742737dd0644fefa9"
63637,"156","0156_Cuenca_Callaccame","IDConfig_63637_completo.xlsx","0156_Cuenca_Callaccame/_raw_reportes_xlsx/IDConfig_63637_completo.xlsx",15334,14.97,"305993753779cfd760a5b115f92ff6da"
64991,"156","0156_Cuenca_Callaccame","IDConfig_64991_completo.xlsx","0156_Cuenca_Callaccame/_raw_reportes_xlsx/IDConfig_64991_completo.xlsx",6788,6.63,"dc2e240b1191d773443ccc1e27b9567a"
65085,"156","0156_Cuenca_Callaccame","IDConfig_65085_completo.xlsx","0156_Cuenca_Callaccame/_raw_reportes_xlsx/IDConfig_65085_completo.xlsx",13748,13.43,"09dd740ed8e1815b46c26d378dc99284"
65229,"156","0156_Cuenca_Callaccame","IDConfig_65229_completo.xlsx","0156_Cuenca_Callaccame/_raw_reportes_xlsx/IDConfig_65229_completo.xlsx",25425,24.83,"aa50eb0d66e98781d0888689d89337eb"
65367,"156","0156_Cuenca_Callaccame","IDConfig_65367_completo.xlsx","0156_Cuenca_Callaccame/_raw_reportes_xlsx/IDConfig_65367_completo.xlsx",9727,9.5,"1752f182bdffe2ca345e2df6ccd164df"
67650,"156","0156_Cuenca_Callaccame","IDConfig_67650_completo.xlsx","0156_Cuenca_Callaccame/_raw_reportes_xlsx/IDConfig_67650_completo.xlsx",6201,6.06,"7cb73819788aa3791133770a2c0cc3c5"
67751,"156","0156_Cuenca_Callaccame","IDConfig_67751_completo.xlsx","0156_Cuenca_Callaccame/_raw_reportes_xlsx/IDConfig_67751_completo.xlsx",6136,5.99,"5e70505859405240302cabf20ab850ef"
6963,"157","0157_Intercuenca_0157","IDConfig_6963_completo.xlsx","0157_Intercuenca_0157/_raw_reportes_xlsx/IDConfig_6963_completo.xlsx",127083,124.1,"8cd4c8104a83870801e145da95f057a7"
7399,"157","0157_Intercuenca_0157","IDConfig_7399_completo.xlsx","0157_Intercuenca_0157/_raw_reportes_xlsx/IDConfig_7399_completo.xlsx",61959,60.51,"818cd67ba6d45ba99bc1b5c2b3328dd5"
7400,"157","0157_Intercuenca_0157","IDConfig_7400_completo.xlsx","0157_Intercuenca_0157/_raw_reportes_xlsx/IDConfig_7400_completo.xlsx",285289,278.6,"2b003d76c5104eefc7af120c863097d7"
52031,"157","0157_Intercuenca_0157","IDConfig_52031_completo.xlsx","0157_Intercuenca_0157/_raw_reportes_xlsx/IDConfig_52031_completo.xlsx",86530,84.5,"d03c74c4fd9cffbcfcc49bb2a2d21abd"
52064,"157","0157_Intercuenca_0157","IDConfig_52064_completo.xlsx","0157_Intercuenca_0157/_raw_reportes_xlsx/IDConfig_52064_completo.xlsx",93122,90.94,"9a0fe31fd35e26d3203021e4ac9b19ba"
52229,"157","0157_Intercuenca_0157","IDConfig_52229_completo.xlsx","0157_Intercuenca_0157/_raw_reportes_xlsx/IDConfig_52229_completo.xlsx",61474,60.03,"e0cb59f5a6b5c9b7816726bb595ddb80"
62988,"157","0157_Intercuenca_0157","IDConfig_62988_completo.xlsx","0157_Intercuenca_0157/_raw_reportes_xlsx/IDConfig_62988_completo.xlsx",22934,22.4,"2765431147003658503629ae48157c0e"
64965,"157","0157_Intercuenca_0157","IDConfig_64965_completo.xlsx","0157_Intercuenca_0157/_raw_reportes_xlsx/IDConfig_64965_completo.xlsx",9580,9.36,"642000a5abec1fabb350094a08d54371"
65059,"157","0157_Intercuenca_0157","IDConfig_65059_completo.xlsx","0157_Intercuenca_0157/_raw_reportes_xlsx/IDConfig_65059_completo.xlsx",24612,24.04,"00e5375681203aa247b315e0c075012e"
67624,"157","0157_Intercuenca_0157","IDConfig_67624_completo.xlsx","0157_Intercuenca_0157/_raw_reportes_xlsx/IDConfig_67624_completo.xlsx",9254,9.04,"af4b6a791d8a16c2b1703f33a30e86de"
67725,"157","0157_Intercuenca_0157","IDConfig_67725_completo.xlsx","0157_Intercuenca_0157/_raw_reportes_xlsx/IDConfig_67725_completo.xlsx",9198,8.98,"6bbe4e23e794716d1e7199df5d881bc3"
234,"16","016_Cuenca_Ilave","IDConfig_234_completo.xlsx","016_Cuenca_Ilave/_raw_reportes_xlsx/IDConfig_234_completo.xlsx",7935,7.75,"ea7707efafdff78f84a4d89c0396e812"
1341,"16","016_Cuenca_Ilave","IDConfig_1341_completo.xlsx","016_Cuenca_Ilave/_raw_reportes_xlsx/IDConfig_1341_completo.xlsx",122595,119.72,"d86ca9ef17018affc4c4ed68c8532520"
2106,"16","016_Cuenca_Ilave","IDConfig_2106_completo.xlsx","016_Cuenca_Ilave/_raw_reportes_xlsx/IDConfig_2106_completo.xlsx",34227,33.42,"296a7f0485387a886fc5bc59069d8e62"
2220,"16","016_Cuenca_Ilave","IDConfig_2220_completo.xlsx","016_Cuenca_Ilave/_raw_reportes_xlsx/IDConfig_2220_completo.xlsx",61425,59.99,"0467bcd05d32097ed1bf93f2c30a2566"
2725,"16","016_Cuenca_Ilave","IDConfig_2725_completo.xlsx","016_Cuenca_Ilave/_raw_reportes_xlsx/IDConfig_2725_completo.xlsx",69132,67.51,"ccc015a316af961b6a4456cc31e665f8"
3400,"16","016_Cuenca_Ilave","IDConfig_3400_completo.xlsx","016_Cuenca_Ilave/_raw_reportes_xlsx/IDConfig_3400_completo.xlsx",69809,68.17,"e0d5097c1db5893c90994a1a3a3299ee"
3438,"16","016_Cuenca_Ilave","IDConfig_3438_completo.xlsx","016_Cuenca_Ilave/_raw_reportes_xlsx/IDConfig_3438_completo.xlsx",20932,20.44,"8c99c2ccfe1140323145fcd34214d1d0"
6671,"16","016_Cuenca_Ilave","IDConfig_6671_completo.xlsx","016_Cuenca_Ilave/_raw_reportes_xlsx/IDConfig_6671_completo.xlsx",10958,10.7,"3b470e554283827b7bfd39efb8c56532"
6672,"16","016_Cuenca_Ilave","IDConfig_6672_completo.xlsx","016_Cuenca_Ilave/_raw_reportes_xlsx/IDConfig_6672_completo.xlsx",121491,118.64,"7a5e660e10317b09d15e9a2586557cbd"
6679,"16","016_Cuenca_Ilave","IDConfig_6679_completo.xlsx","016_Cuenca_Ilave/_raw_reportes_xlsx/IDConfig_6679_completo.xlsx",135986,132.8,"3c077678aeda9746943dbaaa72ee1bd0"
7407,"16","016_Cuenca_Ilave","IDConfig_7407_completo.xlsx","016_Cuenca_Ilave/_raw_reportes_xlsx/IDConfig_7407_completo.xlsx",352996,344.72,"b4ee01dd095ab073561029e65cbfb6d1"
52011,"16","016_Cuenca_Ilave","IDConfig_52011_completo.xlsx","016_Cuenca_Ilave/_raw_reportes_xlsx/IDConfig_52011_completo.xlsx",66365,64.81,"425a8a3f87e3c97feb71446fcc64d91a"
64954,"16","016_Cuenca_Ilave","IDConfig_64954_completo.xlsx","016_Cuenca_Ilave/_raw_reportes_xlsx/IDConfig_64954_completo.xlsx",10628,10.38,"58c582b864ea02279cfe5ee6bdee3ac5"
65048,"16","016_Cuenca_Ilave","IDConfig_65048_completo.xlsx","016_Cuenca_Ilave/_raw_reportes_xlsx/IDConfig_65048_completo.xlsx",30932,30.21,"89fbc82499115aac131a89f32620e6bf"
67613,"16","016_Cuenca_Ilave","IDConfig_67613_completo.xlsx","016_Cuenca_Ilave/_raw_reportes_xlsx/IDConfig_67613_completo.xlsx",10103,9.87,"9759609df017946c2daf76b2f0adf7cc"
67714,"16","016_Cuenca_Ilave","IDConfig_67714_completo.xlsx","016_Cuenca_Ilave/_raw_reportes_xlsx/IDConfig_67714_completo.xlsx",10022,9.79,"3b9d405a148dca6129c6233b927ba67a"
52018,"17","017_Lago_Titicaca","IDConfig_52018_completo.xlsx","017_Lago_Titicaca/_raw_reportes_xlsx/IDConfig_52018_completo.xlsx",92225,90.06,"8edce0499a6cebd91462603010dbbb83"
63643,"17","017_Lago_Titicaca","IDConfig_63643_completo.xlsx","017_Lago_Titicaca/_raw_reportes_xlsx/IDConfig_63643_completo.xlsx",43608,42.59,"049e9cf01b670e3ddb7ddba5a75811e3"
63644,"17","017_Lago_Titicaca","IDConfig_63644_completo.xlsx","017_Lago_Titicaca/_raw_reportes_xlsx/IDConfig_63644_completo.xlsx",13582,13.26,"841727f2248e6a26e3747b03376065c0"
52423,"172","0172_Cuenca_Suches","IDConfig_52423_completo.xlsx","0172_Cuenca_Suches/_raw_reportes_xlsx/IDConfig_52423_completo.xlsx",106915,104.41,"d9191ba7d09d83449571be53316f0ed9"
63638,"172","0172_Cuenca_Suches","IDConfig_63638_completo.xlsx","0172_Cuenca_Suches/_raw_reportes_xlsx/IDConfig_63638_completo.xlsx",99062,96.74,"6ef2d08dfb2cdd6c846c3cc30bd1ff25"
3585,"173","0173_Intercuenca_0173","IDConfig_3585_completo.xlsx","0173_Intercuenca_0173/_raw_reportes_xlsx/IDConfig_3585_completo.xlsx",27605,26.96,"80f3ef6d2368cf329a26fef0f2d73a7e"
7014,"173","0173_Intercuenca_0173","IDConfig_7014_completo.xlsx","0173_Intercuenca_0173/_raw_reportes_xlsx/IDConfig_7014_completo.xlsx",11712,11.44,"e2c8395e2629ac87dc85406175465b22"
52210,"173","0173_Intercuenca_0173","IDConfig_52210_completo.xlsx","0173_Intercuenca_0173/_raw_reportes_xlsx/IDConfig_52210_completo.xlsx",92302,90.14,"2cdfe62654c3856f2c6c1843e405ff2c"
63376,"173","0173_Intercuenca_0173","IDConfig_63376_completo.xlsx","0173_Intercuenca_0173/_raw_reportes_xlsx/IDConfig_63376_completo.xlsx",3157,3.08,"aa5afe6f3c1c6ece5e9e9d8df5e4ce24"
63645,"173","0173_Intercuenca_0173","IDConfig_63645_completo.xlsx","0173_Intercuenca_0173/_raw_reportes_xlsx/IDConfig_63645_completo.xlsx",11484,11.21,"012ed5746c872ad2f4da8b3c5033006b"
63983,"173","0173_Intercuenca_0173","IDConfig_63983_completo.xlsx","0173_Intercuenca_0173/_raw_reportes_xlsx/IDConfig_63983_completo.xlsx",102193,99.8,"a62eac8854fc195b7cd61d1cf05d711c"
63984,"173","0173_Intercuenca_0173","IDConfig_63984_completo.xlsx","0173_Intercuenca_0173/_raw_reportes_xlsx/IDConfig_63984_completo.xlsx",76644,74.85,"771caa8f763c9c04839aa2c7c1e698fd"
65191,"173","0173_Intercuenca_0173","IDConfig_65191_completo.xlsx","0173_Intercuenca_0173/_raw_reportes_xlsx/IDConfig_65191_completo.xlsx",138697,135.45,"8f127ce8e62d00f93eeffa341c3d1162"
65329,"173","0173_Intercuenca_0173","IDConfig_65329_completo.xlsx","0173_Intercuenca_0173/_raw_reportes_xlsx/IDConfig_65329_completo.xlsx",78961,77.11,"308a4aa9162bea6d08962b217e31b09b"
6719,"174","0174_Cuenca_Ilpa","IDConfig_6719_completo.xlsx","0174_Cuenca_Ilpa/_raw_reportes_xlsx/IDConfig_6719_completo.xlsx",82400,80.47,"3b51c9d9f1e6e86f37bcd400a5673312"
63639,"174","0174_Cuenca_Ilpa","IDConfig_63639_completo.xlsx","0174_Cuenca_Ilpa/_raw_reportes_xlsx/IDConfig_63639_completo.xlsx",27305,26.67,"82dafc16ec6ddad012757f8ffd49c899"
7045,"175","0175_Intercuenca_0175","IDConfig_7045_completo.xlsx","0175_Intercuenca_0175/_raw_reportes_xlsx/IDConfig_7045_completo.xlsx",14782,14.44,"926340ac93983aacf32ca00e4e7fa362"
194,"176","0176_Cuenca_Coata","IDConfig_194_completo.xlsx","0176_Cuenca_Coata/_raw_reportes_xlsx/IDConfig_194_completo.xlsx",83267,81.32,"b84694dceba261c59a0ea1fc42831727"
529,"176","0176_Cuenca_Coata","IDConfig_529_completo.xlsx","0176_Cuenca_Coata/_raw_reportes_xlsx/IDConfig_529_completo.xlsx",43115,42.1,"b778d6b47a8f8605c34dc2a9dd75bdb1"
651,"176","0176_Cuenca_Coata","IDConfig_651_completo.xlsx","0176_Cuenca_Coata/_raw_reportes_xlsx/IDConfig_651_completo.xlsx",18989,18.54,"10b6b4785aea18da12dbeb6b57778cc1"
818,"176","0176_Cuenca_Coata","IDConfig_818_completo.xlsx","0176_Cuenca_Coata/_raw_reportes_xlsx/IDConfig_818_completo.xlsx",6797,6.64,"840cc625812dc35b9be7362534df55a4"
938,"176","0176_Cuenca_Coata","IDConfig_938_completo.xlsx","0176_Cuenca_Coata/_raw_reportes_xlsx/IDConfig_938_completo.xlsx",34616,33.8,"e87a0dcce01b336c50f952660541e6fd"
1214,"176","0176_Cuenca_Coata","IDConfig_1214_completo.xlsx","0176_Cuenca_Coata/_raw_reportes_xlsx/IDConfig_1214_completo.xlsx",4197,4.1,"1f905bc3a10e4eba2511f7b8a18bbd42"
1578,"176","0176_Cuenca_Coata","IDConfig_1578_completo.xlsx","0176_Cuenca_Coata/_raw_reportes_xlsx/IDConfig_1578_completo.xlsx",30532,29.82,"7635516f29859a14e5e41d5470edde21"
1594,"176","0176_Cuenca_Coata","IDConfig_1594_completo.xlsx","0176_Cuenca_Coata/_raw_reportes_xlsx/IDConfig_1594_completo.xlsx",34956,34.14,"4a9a7b3dd1526dd4b4f0fbbb606cc075"
1719,"176","0176_Cuenca_Coata","IDConfig_1719_completo.xlsx","0176_Cuenca_Coata/_raw_reportes_xlsx/IDConfig_1719_completo.xlsx",38916,38,"0022f44c8740aad73761abaa40a6e316"
1974,"176","0176_Cuenca_Coata","IDConfig_1974_completo.xlsx","0176_Cuenca_Coata/_raw_reportes_xlsx/IDConfig_1974_completo.xlsx",73766,72.04,"509a78d14160763c261bd6d8cc9dfbb8"
2459,"176","0176_Cuenca_Coata","IDConfig_2459_completo.xlsx","0176_Cuenca_Coata/_raw_reportes_xlsx/IDConfig_2459_completo.xlsx",92680,90.51,"7f7490a736b83732b7024ed7b62c7277"
2639,"176","0176_Cuenca_Coata","IDConfig_2639_completo.xlsx","0176_Cuenca_Coata/_raw_reportes_xlsx/IDConfig_2639_completo.xlsx",56434,55.11,"12e9990770eb20f3ba8e05b70f4d98f8"
2877,"176","0176_Cuenca_Coata","IDConfig_2877_completo.xlsx","0176_Cuenca_Coata/_raw_reportes_xlsx/IDConfig_2877_completo.xlsx",43784,42.76,"2f2e4b012379a47914c7fd5ded346ddb"
3299,"176","0176_Cuenca_Coata","IDConfig_3299_completo.xlsx","0176_Cuenca_Coata/_raw_reportes_xlsx/IDConfig_3299_completo.xlsx",43844,42.82,"6bf9b661f249c0ef765b5efac5d0b097"
3789,"176","0176_Cuenca_Coata","IDConfig_3789_completo.xlsx","0176_Cuenca_Coata/_raw_reportes_xlsx/IDConfig_3789_completo.xlsx",54623,53.34,"3c7eaa694d5554a2b474c4c09ad3d25b"
3830,"176","0176_Cuenca_Coata","IDConfig_3830_completo.xlsx","0176_Cuenca_Coata/_raw_reportes_xlsx/IDConfig_3830_completo.xlsx",28995,28.32,"e483be107b9df697b1406c511bec6d27"
6727,"176","0176_Cuenca_Coata","IDConfig_6727_completo.xlsx","0176_Cuenca_Coata/_raw_reportes_xlsx/IDConfig_6727_completo.xlsx",152725,149.15,"1536257b55573b85a828f529355a45d1"
6728,"176","0176_Cuenca_Coata","IDConfig_6728_completo.xlsx","0176_Cuenca_Coata/_raw_reportes_xlsx/IDConfig_6728_completo.xlsx",35991,35.15,"eed9f522d429b6662cc177994e3786d2"
6735,"176","0176_Cuenca_Coata","IDConfig_6735_completo.xlsx","0176_Cuenca_Coata/_raw_reportes_xlsx/IDConfig_6735_completo.xlsx",34853,34.04,"60d34f2a9d1f05ffcdce6da1d0d4973d"
6740,"176","0176_Cuenca_Coata","IDConfig_6740_completo.xlsx","0176_Cuenca_Coata/_raw_reportes_xlsx/IDConfig_6740_completo.xlsx",48159,47.03,"e0895dabb74bbb3a1958643abd33d1e1"
6757,"176","0176_Cuenca_Coata","IDConfig_6757_completo.xlsx","0176_Cuenca_Coata/_raw_reportes_xlsx/IDConfig_6757_completo.xlsx",97907,95.61,"244d65a08356aa55e158e7379c1ada8e"
6780,"176","0176_Cuenca_Coata","IDConfig_6780_completo.xlsx","0176_Cuenca_Coata/_raw_reportes_xlsx/IDConfig_6780_completo.xlsx",67961,66.37,"18760a0452c6e8638f13ade2d5e06a58"
6782,"176","0176_Cuenca_Coata","IDConfig_6782_completo.xlsx","0176_Cuenca_Coata/_raw_reportes_xlsx/IDConfig_6782_completo.xlsx",57418,56.07,"677489494f450fe99c5d39592f358c1f"
6784,"176","0176_Cuenca_Coata","IDConfig_6784_completo.xlsx","0176_Cuenca_Coata/_raw_reportes_xlsx/IDConfig_6784_completo.xlsx",55969,54.66,"d2c93fed75e42afbafb9444273f40d6c"
7404,"176","0176_Cuenca_Coata","IDConfig_7404_completo.xlsx","0176_Cuenca_Coata/_raw_reportes_xlsx/IDConfig_7404_completo.xlsx",87326,85.28,"ada39702d43cf910eb217ac3a4c75438"
7405,"176","0176_Cuenca_Coata","IDConfig_7405_completo.xlsx","0176_Cuenca_Coata/_raw_reportes_xlsx/IDConfig_7405_completo.xlsx",313643,306.29,"04947351a942ddaffce235ae8eb890b0"
7408,"176","0176_Cuenca_Coata","IDConfig_7408_completo.xlsx","0176_Cuenca_Coata/_raw_reportes_xlsx/IDConfig_7408_completo.xlsx",109741,107.17,"5affb3ee8055691ce556311def26ac53"
7409,"176","0176_Cuenca_Coata","IDConfig_7409_completo.xlsx","0176_Cuenca_Coata/_raw_reportes_xlsx/IDConfig_7409_completo.xlsx",149185,145.69,"863d7cf71638c6dc6fbf7b3e52fbd747"
7410,"176","0176_Cuenca_Coata","IDConfig_7410_completo.xlsx","0176_Cuenca_Coata/_raw_reportes_xlsx/IDConfig_7410_completo.xlsx",147008,143.56,"6c0b5e890d87ef9f87037cd2dfb31883"
7411,"176","0176_Cuenca_Coata","IDConfig_7411_completo.xlsx","0176_Cuenca_Coata/_raw_reportes_xlsx/IDConfig_7411_completo.xlsx",153011,149.42,"a68b7eaadd8f3efda29bb0716d15259b"
7412,"176","0176_Cuenca_Coata","IDConfig_7412_completo.xlsx","0176_Cuenca_Coata/_raw_reportes_xlsx/IDConfig_7412_completo.xlsx",124102,121.19,"e3f494f4ed3be747ed0c4371c39a779a"
51791,"176","0176_Cuenca_Coata","IDConfig_51791_completo.xlsx","0176_Cuenca_Coata/_raw_reportes_xlsx/IDConfig_51791_completo.xlsx",73118,71.4,"c4da5bcf294f5e09fed261a4b265b533"
62982,"176","0176_Cuenca_Coata","IDConfig_62982_completo.xlsx","0176_Cuenca_Coata/_raw_reportes_xlsx/IDConfig_62982_completo.xlsx",20338,19.86,"b4e923ff39d37f18cff23f17bcc405d5"
62987,"176","0176_Cuenca_Coata","IDConfig_62987_completo.xlsx","0176_Cuenca_Coata/_raw_reportes_xlsx/IDConfig_62987_completo.xlsx",28137,27.48,"7fe2f18d40ac598a35db65db2f5fd2cd"
63640,"176","0176_Cuenca_Coata","IDConfig_63640_completo.xlsx","0176_Cuenca_Coata/_raw_reportes_xlsx/IDConfig_63640_completo.xlsx",33339,32.56,"197a32e50273ddbd7f7ff5f378534755"
63828,"176","0176_Cuenca_Coata","IDConfig_63828_completo.xlsx","0176_Cuenca_Coata/_raw_reportes_xlsx/IDConfig_63828_completo.xlsx",26041,25.43,"b170066d3c0cefeede39f1c0f66451d9"
64944,"176","0176_Cuenca_Coata","IDConfig_64944_completo.xlsx","0176_Cuenca_Coata/_raw_reportes_xlsx/IDConfig_64944_completo.xlsx",9298,9.08,"e3a0b67419a444ea7cc3329555bb4990"
64955,"176","0176_Cuenca_Coata","IDConfig_64955_completo.xlsx","0176_Cuenca_Coata/_raw_reportes_xlsx/IDConfig_64955_completo.xlsx",12961,12.66,"07dc9be8c1560059659cdd5e9abce715"
64958,"176","0176_Cuenca_Coata","IDConfig_64958_completo.xlsx","0176_Cuenca_Coata/_raw_reportes_xlsx/IDConfig_64958_completo.xlsx",12234,11.95,"ff74d5c61fe071b4458b010b394d7f58"
64968,"176","0176_Cuenca_Coata","IDConfig_64968_completo.xlsx","0176_Cuenca_Coata/_raw_reportes_xlsx/IDConfig_64968_completo.xlsx",10954,10.7,"7c604343873e32758aa6c24daf4ab003"
65038,"176","0176_Cuenca_Coata","IDConfig_65038_completo.xlsx","0176_Cuenca_Coata/_raw_reportes_xlsx/IDConfig_65038_completo.xlsx",22611,22.08,"6f7ad4490742980b8c76bcc9e8027c87"
65049,"176","0176_Cuenca_Coata","IDConfig_65049_completo.xlsx","0176_Cuenca_Coata/_raw_reportes_xlsx/IDConfig_65049_completo.xlsx",33459,32.67,"e67c41a6c5bf63430f6a20a59feb9f11"
65052,"176","0176_Cuenca_Coata","IDConfig_65052_completo.xlsx","0176_Cuenca_Coata/_raw_reportes_xlsx/IDConfig_65052_completo.xlsx",30083,29.38,"75e222bf835ebced88f38e9c64d3c813"
65062,"176","0176_Cuenca_Coata","IDConfig_65062_completo.xlsx","0176_Cuenca_Coata/_raw_reportes_xlsx/IDConfig_65062_completo.xlsx",27998,27.34,"d5977ccaf35e1a03621fb80ada0fe9b2"
67603,"176","0176_Cuenca_Coata","IDConfig_67603_completo.xlsx","0176_Cuenca_Coata/_raw_reportes_xlsx/IDConfig_67603_completo.xlsx",8611,8.41,"3fae53dafc027682f7364b23936ba334"
67614,"176","0176_Cuenca_Coata","IDConfig_67614_completo.xlsx","0176_Cuenca_Coata/_raw_reportes_xlsx/IDConfig_67614_completo.xlsx",11927,11.65,"64469b76da59cb7d8dd924f41fae5c97"
67617,"176","0176_Cuenca_Coata","IDConfig_67617_completo.xlsx","0176_Cuenca_Coata/_raw_reportes_xlsx/IDConfig_67617_completo.xlsx",11164,10.9,"80eda8410eab2fd6c3b804d9132956cb"
67627,"176","0176_Cuenca_Coata","IDConfig_67627_completo.xlsx","0176_Cuenca_Coata/_raw_reportes_xlsx/IDConfig_67627_completo.xlsx",10204,9.96,"3f893a5b6480fca55519625165a84004"
67704,"176","0176_Cuenca_Coata","IDConfig_67704_completo.xlsx","0176_Cuenca_Coata/_raw_reportes_xlsx/IDConfig_67704_completo.xlsx",8528,8.33,"433906dd3f2c3987a38d4faa97c13bbc"
67715,"176","0176_Cuenca_Coata","IDConfig_67715_completo.xlsx","0176_Cuenca_Coata/_raw_reportes_xlsx/IDConfig_67715_completo.xlsx",11829,11.55,"35c55e8e462e20afb43bf033d0600256"
67718,"176","0176_Cuenca_Coata","IDConfig_67718_completo.xlsx","0176_Cuenca_Coata/_raw_reportes_xlsx/IDConfig_67718_completo.xlsx",11173,10.91,"e5c346fd03ffddb7322952820b3fc748"
67728,"176","0176_Cuenca_Coata","IDConfig_67728_completo.xlsx","0176_Cuenca_Coata/_raw_reportes_xlsx/IDConfig_67728_completo.xlsx",10051,9.82,"a4d1a647ceb0d6b8c139db7fcdc67199"
770,"178","0178_Cuenca_Huancane","IDConfig_770_completo.xlsx","0178_Cuenca_Huancane/_raw_reportes_xlsx/IDConfig_770_completo.xlsx",86571,84.54,"c0741bd583ed29e43c8a0fcf932a5d2c"
1330,"178","0178_Cuenca_Huancane","IDConfig_1330_completo.xlsx","0178_Cuenca_Huancane/_raw_reportes_xlsx/IDConfig_1330_completo.xlsx",81728,79.81,"ee6910e29d26c53c426cfb9930bacefe"
2105,"178","0178_Cuenca_Huancane","IDConfig_2105_completo.xlsx","0178_Cuenca_Huancane/_raw_reportes_xlsx/IDConfig_2105_completo.xlsx",135830,132.65,"85fa8da16a5a01b21158883189226681"
2862,"178","0178_Cuenca_Huancane","IDConfig_2862_completo.xlsx","0178_Cuenca_Huancane/_raw_reportes_xlsx/IDConfig_2862_completo.xlsx",80764,78.87,"de26ca16f3b727df5f1bf19885b153ef"
3569,"178","0178_Cuenca_Huancane","IDConfig_3569_completo.xlsx","0178_Cuenca_Huancane/_raw_reportes_xlsx/IDConfig_3569_completo.xlsx",38666,37.76,"b763414e71e33a32827082b4499da51f"
6821,"178","0178_Cuenca_Huancane","IDConfig_6821_completo.xlsx","0178_Cuenca_Huancane/_raw_reportes_xlsx/IDConfig_6821_completo.xlsx",4863,4.75,"352270e2478aa16d0a2b1dedbc53ba9b"
7413,"178","0178_Cuenca_Huancane","IDConfig_7413_completo.xlsx","0178_Cuenca_Huancane/_raw_reportes_xlsx/IDConfig_7413_completo.xlsx",334001,326.17,"afcf0fbdd97648ad6a1c6e1865597109"
64957,"178","0178_Cuenca_Huancane","IDConfig_64957_completo.xlsx","0178_Cuenca_Huancane/_raw_reportes_xlsx/IDConfig_64957_completo.xlsx",11739,11.46,"e3136cce1b04e8bc578cd23c05100153"
65051,"178","0178_Cuenca_Huancane","IDConfig_65051_completo.xlsx","0178_Cuenca_Huancane/_raw_reportes_xlsx/IDConfig_65051_completo.xlsx",30234,29.53,"4c3959cd042a9c7fa9dac5190317b9e1"
67616,"178","0178_Cuenca_Huancane","IDConfig_67616_completo.xlsx","0178_Cuenca_Huancane/_raw_reportes_xlsx/IDConfig_67616_completo.xlsx",10851,10.6,"7e8c92525615a777d0a317e839122122"
67717,"178","0178_Cuenca_Huancane","IDConfig_67717_completo.xlsx","0178_Cuenca_Huancane/_raw_reportes_xlsx/IDConfig_67717_completo.xlsx",10806,10.55,"525430709ba4a01b6cf0b492b627d266"
197,"179","0179_Intercuenca_Ramis","IDConfig_197_completo.xlsx","0179_Intercuenca_Ramis/_raw_reportes_xlsx/IDConfig_197_completo.xlsx",77195,75.39,"c3729facff2564cae426644c81e6b2fe"
955,"179","0179_Intercuenca_Ramis","IDConfig_955_completo.xlsx","0179_Intercuenca_Ramis/_raw_reportes_xlsx/IDConfig_955_completo.xlsx",141451,138.14,"12d97980ed83b35e755d71301cdc2203"
2216,"179","0179_Intercuenca_Ramis","IDConfig_2216_completo.xlsx","0179_Intercuenca_Ramis/_raw_reportes_xlsx/IDConfig_2216_completo.xlsx",42741,41.74,"2da03ae7432a6c9f38ecf9d97626857e"
2508,"179","0179_Intercuenca_Ramis","IDConfig_2508_completo.xlsx","0179_Intercuenca_Ramis/_raw_reportes_xlsx/IDConfig_2508_completo.xlsx",19493,19.04,"7612ef83fb3b17f208bb8cb6e0ce572d"
3234,"179","0179_Intercuenca_Ramis","IDConfig_3234_completo.xlsx","0179_Intercuenca_Ramis/_raw_reportes_xlsx/IDConfig_3234_completo.xlsx",89420,87.32,"3c5e3a15cd41237fda93b73f4438fceb"
3651,"179","0179_Intercuenca_Ramis","IDConfig_3651_completo.xlsx","0179_Intercuenca_Ramis/_raw_reportes_xlsx/IDConfig_3651_completo.xlsx",85398,83.4,"7d44a88166ae035fada05694265067f1"
7414,"179","0179_Intercuenca_Ramis","IDConfig_7414_completo.xlsx","0179_Intercuenca_Ramis/_raw_reportes_xlsx/IDConfig_7414_completo.xlsx",371204,362.5,"b9d2b8518bfb82ecca7c34a639a26409"
62895,"179","0179_Intercuenca_Ramis","IDConfig_62895_completo.xlsx","0179_Intercuenca_Ramis/_raw_reportes_xlsx/IDConfig_62895_completo.xlsx",128470,125.46,"338e1e341c56baad6f26277e3d80428c"
63077,"179","0179_Intercuenca_Ramis","IDConfig_63077_completo.xlsx","0179_Intercuenca_Ramis/_raw_reportes_xlsx/IDConfig_63077_completo.xlsx",8795,8.59,"0a54b04268f3326887260e5853200496"
64912,"179","0179_Intercuenca_Ramis","IDConfig_64912_completo.xlsx","0179_Intercuenca_Ramis/_raw_reportes_xlsx/IDConfig_64912_completo.xlsx",13870,13.54,"1e72e5df68c67a863e5a6d388d827345"
65006,"179","0179_Intercuenca_Ramis","IDConfig_65006_completo.xlsx","0179_Intercuenca_Ramis/_raw_reportes_xlsx/IDConfig_65006_completo.xlsx",140678,137.38,"13521f03b3821323b7178d4e7b65f69c"
67571,"179","0179_Intercuenca_Ramis","IDConfig_67571_completo.xlsx","0179_Intercuenca_Ramis/_raw_reportes_xlsx/IDConfig_67571_completo.xlsx",12751,12.45,"7c8550868b1b44293dc7922536db91bf"
67672,"179","0179_Intercuenca_Ramis","IDConfig_67672_completo.xlsx","0179_Intercuenca_Ramis/_raw_reportes_xlsx/IDConfig_67672_completo.xlsx",12671,12.37,"23f6aa576df5aac16211144fc066646b"
2232,"18","018_Cuenca_Pucara","IDConfig_2232_completo.xlsx","018_Cuenca_Pucara/_raw_reportes_xlsx/IDConfig_2232_completo.xlsx",15188,14.83,"2135f2983fb259d669a6b3c3c29932b1"
2359,"18","018_Cuenca_Pucara","IDConfig_2359_completo.xlsx","018_Cuenca_Pucara/_raw_reportes_xlsx/IDConfig_2359_completo.xlsx",3705,3.62,"698cc3144c5484f033c7190a1d99b158"
6870,"18","018_Cuenca_Pucara","IDConfig_6870_completo.xlsx","018_Cuenca_Pucara/_raw_reportes_xlsx/IDConfig_6870_completo.xlsx",4641,4.53,"f8f18735d8c2f1980734f017cd5b016a"
6886,"18","018_Cuenca_Pucara","IDConfig_6886_completo.xlsx","018_Cuenca_Pucara/_raw_reportes_xlsx/IDConfig_6886_completo.xlsx",5438,5.31,"39dd586511e41a8ef0c623fd42a53839"
7415,"18","018_Cuenca_Pucara","IDConfig_7415_completo.xlsx","018_Cuenca_Pucara/_raw_reportes_xlsx/IDConfig_7415_completo.xlsx",3327,3.25,"b3a37f009451031c9d605b53db423a1e"
8221,"18","018_Cuenca_Pucara","IDConfig_8221_completo.xlsx","018_Cuenca_Pucara/_raw_reportes_xlsx/IDConfig_8221_completo.xlsx",139535,136.26,"261199b98e62bbda63d52ce63379faeb"
52196,"18","018_Cuenca_Pucara","IDConfig_52196_completo.xlsx","018_Cuenca_Pucara/_raw_reportes_xlsx/IDConfig_52196_completo.xlsx",98468,96.16,"2e13e30d18bf3958a9d2018fe43ea04c"
52386,"18","018_Cuenca_Pucara","IDConfig_52386_completo.xlsx","018_Cuenca_Pucara/_raw_reportes_xlsx/IDConfig_52386_completo.xlsx",90775,88.65,"e9f8672127d71fc159ef88327aa7ac27"
52421,"18","018_Cuenca_Pucara","IDConfig_52421_completo.xlsx","018_Cuenca_Pucara/_raw_reportes_xlsx/IDConfig_52421_completo.xlsx",117382,114.63,"1f8e9364445a6e3e5a24459ae9265548"
52652,"18","018_Cuenca_Pucara","IDConfig_52652_completo.xlsx","018_Cuenca_Pucara/_raw_reportes_xlsx/IDConfig_52652_completo.xlsx",66772,65.21,"1c54f9ee29df5d6a8ce24e7a76260781"
63641,"18","018_Cuenca_Pucara","IDConfig_63641_completo.xlsx","018_Cuenca_Pucara/_raw_reportes_xlsx/IDConfig_63641_completo.xlsx",28385,27.72,"042826181d934af8048396c7b2c9bbbc"
63642,"18","018_Cuenca_Pucara","IDConfig_63642_completo.xlsx","018_Cuenca_Pucara/_raw_reportes_xlsx/IDConfig_63642_completo.xlsx",27732,27.08,"43444f165abe0bfcb4a20171c2605583"
65130,"18","018_Cuenca_Pucara","IDConfig_65130_completo.xlsx","018_Cuenca_Pucara/_raw_reportes_xlsx/IDConfig_65130_completo.xlsx",56825,55.49,"d352eab22786d954ca7aa79212b0744f"
65288,"18","018_Cuenca_Pucara","IDConfig_65288_completo.xlsx","018_Cuenca_Pucara/_raw_reportes_xlsx/IDConfig_65288_completo.xlsx",9412,9.19,"adc762460682d300d32558a12fe80532"
92,"19","019_Cuenca_Azangaro","IDConfig_92_completo.xlsx","019_Cuenca_Azangaro/_raw_reportes_xlsx/IDConfig_92_completo.xlsx",20211,19.74,"16e9864b791ee2b0ac1c364f1a7f6cef"
905,"19","019_Cuenca_Azangaro","IDConfig_905_completo.xlsx","019_Cuenca_Azangaro/_raw_reportes_xlsx/IDConfig_905_completo.xlsx",84211,82.24,"9cb59a44a5281a390570cc44d2e8e806"
1095,"19","019_Cuenca_Azangaro","IDConfig_1095_completo.xlsx","019_Cuenca_Azangaro/_raw_reportes_xlsx/IDConfig_1095_completo.xlsx",23021,22.48,"c8afa03681186ddd36c33de71b202db9"
1203,"19","019_Cuenca_Azangaro","IDConfig_1203_completo.xlsx","019_Cuenca_Azangaro/_raw_reportes_xlsx/IDConfig_1203_completo.xlsx",36503,35.65,"0c5b57e430e13ad8be14906f136ce6e7"
1329,"19","019_Cuenca_Azangaro","IDConfig_1329_completo.xlsx","019_Cuenca_Azangaro/_raw_reportes_xlsx/IDConfig_1329_completo.xlsx",43877,42.85,"c494579dd979f6185a702715aed3d030"
2866,"19","019_Cuenca_Azangaro","IDConfig_2866_completo.xlsx","019_Cuenca_Azangaro/_raw_reportes_xlsx/IDConfig_2866_completo.xlsx",92688,90.52,"59cd06588a4a389b328c7971ac19bcd8"
3163,"19","019_Cuenca_Azangaro","IDConfig_3163_completo.xlsx","019_Cuenca_Azangaro/_raw_reportes_xlsx/IDConfig_3163_completo.xlsx",3789,3.7,"09ae7885ac161b91396ea29e37b4705b"
3808,"19","019_Cuenca_Azangaro","IDConfig_3808_completo.xlsx","019_Cuenca_Azangaro/_raw_reportes_xlsx/IDConfig_3808_completo.xlsx",82618,80.68,"f5fa05b25ef5ef6370df0e693995b2ed"
4195,"19","019_Cuenca_Azangaro","IDConfig_4195_completo.xlsx","019_Cuenca_Azangaro/_raw_reportes_xlsx/IDConfig_4195_completo.xlsx",90807,88.68,"d0216dea2fe9915d77f1cec4fba9160d"
6907,"19","019_Cuenca_Azangaro","IDConfig_6907_completo.xlsx","019_Cuenca_Azangaro/_raw_reportes_xlsx/IDConfig_6907_completo.xlsx",36651,35.79,"ee53d0531513737b5386ab26a31c9c3f"
6923,"19","019_Cuenca_Azangaro","IDConfig_6923_completo.xlsx","019_Cuenca_Azangaro/_raw_reportes_xlsx/IDConfig_6923_completo.xlsx",83077,81.13,"1a4cc8feae53341417d4758632085e48"
6924,"19","019_Cuenca_Azangaro","IDConfig_6924_completo.xlsx","019_Cuenca_Azangaro/_raw_reportes_xlsx/IDConfig_6924_completo.xlsx",76674,74.88,"648e51b2849a0dc6f4eb0e0f11360119"
7234,"19","019_Cuenca_Azangaro","IDConfig_7234_completo.xlsx","019_Cuenca_Azangaro/_raw_reportes_xlsx/IDConfig_7234_completo.xlsx",3172,3.1,"29e7ee33bafda6a48f4f926d0470764b"
8164,"19","019_Cuenca_Azangaro","IDConfig_8164_completo.xlsx","019_Cuenca_Azangaro/_raw_reportes_xlsx/IDConfig_8164_completo.xlsx",159190,155.46,"1c5538b678a2d8a8b02b4507e03bbe84"
52626,"19","019_Cuenca_Azangaro","IDConfig_52626_completo.xlsx","019_Cuenca_Azangaro/_raw_reportes_xlsx/IDConfig_52626_completo.xlsx",76186,74.4,"3b82a91da0a789a59fc91a50f5a54fea"
64953,"19","019_Cuenca_Azangaro","IDConfig_64953_completo.xlsx","019_Cuenca_Azangaro/_raw_reportes_xlsx/IDConfig_64953_completo.xlsx",12572,12.28,"bfaca7bc2311020157e855fed46c783c"
65047,"19","019_Cuenca_Azangaro","IDConfig_65047_completo.xlsx","019_Cuenca_Azangaro/_raw_reportes_xlsx/IDConfig_65047_completo.xlsx",77630,75.81,"49539590b17f953e9dc5eba5cde0df9f"
67612,"19","019_Cuenca_Azangaro","IDConfig_67612_completo.xlsx","019_Cuenca_Azangaro/_raw_reportes_xlsx/IDConfig_67612_completo.xlsx",11328,11.06,"0c4c695adfcfae5ac74421e53ec4c517"
67713,"19","019_Cuenca_Azangaro","IDConfig_67713_completo.xlsx","019_Cuenca_Azangaro/_raw_reportes_xlsx/IDConfig_67713_completo.xlsx",11165,10.9,"9e7dd54cf2eaa426ce7b961707b1d357"
4644,"4662","4662_Cuenca_Orthon","IDConfig_4644_completo.xlsx","4662_Cuenca_Orthon/_raw_reportes_xlsx/IDConfig_4644_completo.xlsx",8003,7.82,"792b247d38595843a4a7abd2c070a47e"
39,"46643","46643_Intercuenca_Medio_Bajo_Madre_de_Dios","IDConfig_39_completo.xlsx","46643_Intercuenca_Medio_Bajo_Madre_de_Dios/_raw_reportes_xlsx/IDConfig_39_completo.xlsx",359994,351.56,"828aeacf1ad2d463dc270f6e4e2a95e6"
7581,"46643","46643_Intercuenca_Medio_Bajo_Madre_de_Dios","IDConfig_7581_completo.xlsx","46643_Intercuenca_Medio_Bajo_Madre_de_Dios/_raw_reportes_xlsx/IDConfig_7581_completo.xlsx",1881291,1837.2,"f3d7cc08f48beeb6ee24f93c7d896054"
7582,"46643","46643_Intercuenca_Medio_Bajo_Madre_de_Dios","IDConfig_7582_completo.xlsx","46643_Intercuenca_Medio_Bajo_Madre_de_Dios/_raw_reportes_xlsx/IDConfig_7582_completo.xlsx",1642756,1604.25,"c728a39115cfff55eb77b67e606205a3"
8067,"46643","46643_Intercuenca_Medio_Bajo_Madre_de_Dios","IDConfig_8067_completo.xlsx","46643_Intercuenca_Medio_Bajo_Madre_de_Dios/_raw_reportes_xlsx/IDConfig_8067_completo.xlsx",33642,32.85,"843b469061b4d111453c95f5c0f9f121"
3236,"46647","46647_Intercuenca_Medio_Alto_Madre_de_Dios","IDConfig_3236_completo.xlsx","46647_Intercuenca_Medio_Alto_Madre_de_Dios/_raw_reportes_xlsx/IDConfig_3236_completo.xlsx",29048,28.37,"dcfa10e4c854fafdadb405b502bd6b44"
3459,"46647","46647_Intercuenca_Medio_Alto_Madre_de_Dios","IDConfig_3459_completo.xlsx","46647_Intercuenca_Medio_Alto_Madre_de_Dios/_raw_reportes_xlsx/IDConfig_3459_completo.xlsx",8983,8.77,"846792047c40ae6897efc91a4ecae601"
4651,"46647","46647_Intercuenca_Medio_Alto_Madre_de_Dios","IDConfig_4651_completo.xlsx","46647_Intercuenca_Medio_Alto_Madre_de_Dios/_raw_reportes_xlsx/IDConfig_4651_completo.xlsx",5193,5.07,"d8a754318bcb60700d1fd7141b853ef8"
4681,"46648","46648_Cuenca_Inambari","IDConfig_4681_completo.xlsx","46648_Cuenca_Inambari/_raw_reportes_xlsx/IDConfig_4681_completo.xlsx",144603,141.21,"2c224709715c4819a2390667282d1295"
4695,"46648","46648_Cuenca_Inambari","IDConfig_4695_completo.xlsx","46648_Cuenca_Inambari/_raw_reportes_xlsx/IDConfig_4695_completo.xlsx",166197,162.3,"89a976a59f7e66730f6de2d51cc0b70b"
4696,"46648","46648_Cuenca_Inambari","IDConfig_4696_completo.xlsx","46648_Cuenca_Inambari/_raw_reportes_xlsx/IDConfig_4696_completo.xlsx",40709,39.75,"7999e6b9fea0b7488d03763776de924a"
7246,"46648","46648_Cuenca_Inambari","IDConfig_7246_completo.xlsx","46648_Cuenca_Inambari/_raw_reportes_xlsx/IDConfig_7246_completo.xlsx",107942,105.41,"bf7cc3553dc3f906f5e13bc30542e7d8"
52061,"46648","46648_Cuenca_Inambari","IDConfig_52061_completo.xlsx","46648_Cuenca_Inambari/_raw_reportes_xlsx/IDConfig_52061_completo.xlsx",89677,87.58,"03b0b101d3438447bee5648fbb651ea6"
63596,"46648","46648_Cuenca_Inambari","IDConfig_63596_completo.xlsx","46648_Cuenca_Inambari/_raw_reportes_xlsx/IDConfig_63596_completo.xlsx",13190,12.88,"e43eb1ccbebd9a42685151ddb2596fb4"
63597,"46648","46648_Cuenca_Inambari","IDConfig_63597_completo.xlsx","46648_Cuenca_Inambari/_raw_reportes_xlsx/IDConfig_63597_completo.xlsx",15036,14.68,"3413e13cd31cd4cf87b725319edb1686"
63972,"46648","46648_Cuenca_Inambari","IDConfig_63972_completo.xlsx","46648_Cuenca_Inambari/_raw_reportes_xlsx/IDConfig_63972_completo.xlsx",5087,4.97,"5ec8c866ff92ba46af1e1f38339dbd5a"
64994,"46648","46648_Cuenca_Inambari","IDConfig_64994_completo.xlsx","46648_Cuenca_Inambari/_raw_reportes_xlsx/IDConfig_64994_completo.xlsx",14197,13.86,"60ad115b46b6b6a6d675c61ba40e9802"
65088,"46648","46648_Cuenca_Inambari","IDConfig_65088_completo.xlsx","46648_Cuenca_Inambari/_raw_reportes_xlsx/IDConfig_65088_completo.xlsx",32551,31.79,"fbb6877f63cbff93e3a86ba0afb09ef6"
65231,"46648","46648_Cuenca_Inambari","IDConfig_65231_completo.xlsx","46648_Cuenca_Inambari/_raw_reportes_xlsx/IDConfig_65231_completo.xlsx",23956,23.39,"efba0bc70ea7ec36b9d3c91bf23b231b"
65369,"46648","46648_Cuenca_Inambari","IDConfig_65369_completo.xlsx","46648_Cuenca_Inambari/_raw_reportes_xlsx/IDConfig_65369_completo.xlsx",8555,8.35,"61304eb2ffcefe3b4437a11533cadcd2"
67653,"46648","46648_Cuenca_Inambari","IDConfig_67653_completo.xlsx","46648_Cuenca_Inambari/_raw_reportes_xlsx/IDConfig_67653_completo.xlsx",11238,10.97,"86118cabd47852eb06c217b99f333875"
67754,"46648","46648_Cuenca_Inambari","IDConfig_67754_completo.xlsx","46648_Cuenca_Inambari/_raw_reportes_xlsx/IDConfig_67754_completo.xlsx",10863,10.61,"a467f3b2a22455110bf1e7861fa485b6"
757,"46649","46649_Intercuenca_Alto_Madre_de_Dios","IDConfig_757_completo.xlsx","46649_Intercuenca_Alto_Madre_de_Dios/_raw_reportes_xlsx/IDConfig_757_completo.xlsx",16841,16.45,"a2029133500747a48a3e7280dfb57292"
763,"46649","46649_Intercuenca_Alto_Madre_de_Dios","IDConfig_763_completo.xlsx","46649_Intercuenca_Alto_Madre_de_Dios/_raw_reportes_xlsx/IDConfig_763_completo.xlsx",44721,43.67,"e1e86bb4f68548d0cebb97351816da3f"
4709,"46649","46649_Intercuenca_Alto_Madre_de_Dios","IDConfig_4709_completo.xlsx","46649_Intercuenca_Alto_Madre_de_Dios/_raw_reportes_xlsx/IDConfig_4709_completo.xlsx",27271,26.63,"17e841bb0dbd1aafcb3846a2453b6bcc"
5833,"46649","46649_Intercuenca_Alto_Madre_de_Dios","IDConfig_5833_completo.xlsx","46649_Intercuenca_Alto_Madre_de_Dios/_raw_reportes_xlsx/IDConfig_5833_completo.xlsx",19117,18.67,"204ef2c3f7f8fda034da4846973a4163"
5839,"46649","46649_Intercuenca_Alto_Madre_de_Dios","IDConfig_5839_completo.xlsx","46649_Intercuenca_Alto_Madre_de_Dios/_raw_reportes_xlsx/IDConfig_5839_completo.xlsx",81016,79.12,"f4689d5babe37bb46c240e60398ca14f"
5847,"46649","46649_Intercuenca_Alto_Madre_de_Dios","IDConfig_5847_completo.xlsx","46649_Intercuenca_Alto_Madre_de_Dios/_raw_reportes_xlsx/IDConfig_5847_completo.xlsx",28910,28.23,"bc3dc2652fa41ef70dccb5e1695fa57e"
7254,"46649","46649_Intercuenca_Alto_Madre_de_Dios","IDConfig_7254_completo.xlsx","46649_Intercuenca_Alto_Madre_de_Dios/_raw_reportes_xlsx/IDConfig_7254_completo.xlsx",40008,39.07,"aac8577f10714deabe31b7d43a001e61"
63598,"46649","46649_Intercuenca_Alto_Madre_de_Dios","IDConfig_63598_completo.xlsx","46649_Intercuenca_Alto_Madre_de_Dios/_raw_reportes_xlsx/IDConfig_63598_completo.xlsx",44016,42.98,"b4142427a09642a838f8b728c3fa2d1e"
63599,"49269","49269_Intercuenca_Alto_Acre","IDConfig_63599_completo.xlsx","49269_Intercuenca_Alto_Acre/_raw_reportes_xlsx/IDConfig_63599_completo.xlsx",12270,11.98,"4ad712bf3395ce4f55f4cd6b49f87007"
5860,"4974","4974_Cuenca_Putumayo","IDConfig_5860_completo.xlsx","4974_Cuenca_Putumayo/_raw_reportes_xlsx/IDConfig_5860_completo.xlsx",52782,51.54,"4a3a8231ba4c4f1d256afaeadd6a8767"
5861,"4974","4974_Cuenca_Putumayo","IDConfig_5861_completo.xlsx","4974_Cuenca_Putumayo/_raw_reportes_xlsx/IDConfig_5861_completo.xlsx",66157,64.61,"cdb2ac0a889403cd92eaa8f5533659c5"
5871,"4974","4974_Cuenca_Putumayo","IDConfig_5871_completo.xlsx","4974_Cuenca_Putumayo/_raw_reportes_xlsx/IDConfig_5871_completo.xlsx",34645,33.83,"14f20dcf7397abf53bf2ea63c055e7fa"
5877,"4974","4974_Cuenca_Putumayo","IDConfig_5877_completo.xlsx","4974_Cuenca_Putumayo/_raw_reportes_xlsx/IDConfig_5877_completo.xlsx",54671,53.39,"78dece3b529837a4a782f00e7d9f4e27"
5878,"4974","4974_Cuenca_Putumayo","IDConfig_5878_completo.xlsx","4974_Cuenca_Putumayo/_raw_reportes_xlsx/IDConfig_5878_completo.xlsx",4652,4.54,"f36497631419145221a03e05c66641db"
7266,"4974","4974_Cuenca_Putumayo","IDConfig_7266_completo.xlsx","4974_Cuenca_Putumayo/_raw_reportes_xlsx/IDConfig_7266_completo.xlsx",90367,88.25,"419cdea2f763460e7fe6fcfdaf88fdae"
51850,"4974","4974_Cuenca_Putumayo","IDConfig_51850_completo.xlsx","4974_Cuenca_Putumayo/_raw_reportes_xlsx/IDConfig_51850_completo.xlsx",12183,11.9,"25cac863e79760706988b7611a227164"
63629,"4974","4974_Cuenca_Putumayo","IDConfig_63629_completo.xlsx","4974_Cuenca_Putumayo/_raw_reportes_xlsx/IDConfig_63629_completo.xlsx",44866,43.81,"339f1ccdb7f81bfcb41f1dfeb204b118"
343,"4976","4976_Cuenca_Yavari","IDConfig_343_completo.xlsx","4976_Cuenca_Yavari/_raw_reportes_xlsx/IDConfig_343_completo.xlsx",37829,36.94,"e22391cdb4a4f0afc031b9c37c0e2212"
1008,"4976","4976_Cuenca_Yavari","IDConfig_1008_completo.xlsx","4976_Cuenca_Yavari/_raw_reportes_xlsx/IDConfig_1008_completo.xlsx",49492,48.33,"174a47853aae817003c30ae72c573f77"
5879,"4976","4976_Cuenca_Yavari","IDConfig_5879_completo.xlsx","4976_Cuenca_Yavari/_raw_reportes_xlsx/IDConfig_5879_completo.xlsx",69390,67.76,"3c0d6e71c0da4cc735557a2685af8db5"
5886,"4976","4976_Cuenca_Yavari","IDConfig_5886_completo.xlsx","4976_Cuenca_Yavari/_raw_reportes_xlsx/IDConfig_5886_completo.xlsx",18395,17.96,"84fd5003c07745d5e10f768771ed6833"
5892,"4976","4976_Cuenca_Yavari","IDConfig_5892_completo.xlsx","4976_Cuenca_Yavari/_raw_reportes_xlsx/IDConfig_5892_completo.xlsx",56215,54.9,"32282c2e6eeccdde50fb0819cd58354d"
7268,"4976","4976_Cuenca_Yavari","IDConfig_7268_completo.xlsx","4976_Cuenca_Yavari/_raw_reportes_xlsx/IDConfig_7268_completo.xlsx",89012,86.93,"6e4eaf1786bc64f7814e372202a24396"
52361,"4976","4976_Cuenca_Yavari","IDConfig_52361_completo.xlsx","4976_Cuenca_Yavari/_raw_reportes_xlsx/IDConfig_52361_completo.xlsx",49946,48.78,"9ac6728fd237327b8ac396055077f681"
5900,"4977","4977_Intercuenca_4977","IDConfig_5900_completo.xlsx","4977_Intercuenca_4977/_raw_reportes_xlsx/IDConfig_5900_completo.xlsx",53067,51.82,"c99545b3b59c9eb25b936a971cf83cc1"
5909,"4977","4977_Intercuenca_4977","IDConfig_5909_completo.xlsx","4977_Intercuenca_4977/_raw_reportes_xlsx/IDConfig_5909_completo.xlsx",51790,50.58,"f5068075baea272ea117d4dac60a1d8c"
7271,"4977","4977_Intercuenca_4977","IDConfig_7271_completo.xlsx","4977_Intercuenca_4977/_raw_reportes_xlsx/IDConfig_7271_completo.xlsx",134650,131.49,"67e48bfc18f63bd570dba0c7e2b5ca4f"
51788,"4977","4977_Intercuenca_4977","IDConfig_51788_completo.xlsx","4977_Intercuenca_4977/_raw_reportes_xlsx/IDConfig_51788_completo.xlsx",15383,15.02,"c1227047d7826738e1ed866d0106f7de"
52279,"4977","4977_Intercuenca_4977","IDConfig_52279_completo.xlsx","4977_Intercuenca_4977/_raw_reportes_xlsx/IDConfig_52279_completo.xlsx",15656,15.29,"015ff09dad672d6680f59478fceb88f5"
63235,"4977","4977_Intercuenca_4977","IDConfig_63235_completo.xlsx","4977_Intercuenca_4977/_raw_reportes_xlsx/IDConfig_63235_completo.xlsx",12328,12.04,"7d447a3e8df8de280e988423cadfd990"
63236,"4977","4977_Intercuenca_4977","IDConfig_63236_completo.xlsx","4977_Intercuenca_4977/_raw_reportes_xlsx/IDConfig_63236_completo.xlsx",12285,12,"d1e1be2b746b20da9a2f0684000665d2"
63923,"4977","4977_Intercuenca_4977","IDConfig_63923_completo.xlsx","4977_Intercuenca_4977/_raw_reportes_xlsx/IDConfig_63923_completo.xlsx",19293,18.84,"52df78fd435e77cdfb22c4f287f7dbfd"
63924,"4977","4977_Intercuenca_4977","IDConfig_63924_completo.xlsx","4977_Intercuenca_4977/_raw_reportes_xlsx/IDConfig_63924_completo.xlsx",5605,5.47,"20af368394d91a026369eee402a60969"
63925,"4977","4977_Intercuenca_4977","IDConfig_63925_completo.xlsx","4977_Intercuenca_4977/_raw_reportes_xlsx/IDConfig_63925_completo.xlsx",3603,3.52,"5d2ddec257a11ef4ab3c707288999238"
63926,"4977","4977_Intercuenca_4977","IDConfig_63926_completo.xlsx","4977_Intercuenca_4977/_raw_reportes_xlsx/IDConfig_63926_completo.xlsx",5785,5.65,"2e2b794872f0bcafa856b35746b7a4a0"
65244,"4977","4977_Intercuenca_4977","IDConfig_65244_completo.xlsx","4977_Intercuenca_4977/_raw_reportes_xlsx/IDConfig_65244_completo.xlsx",31759,31.01,"c5372ae55b01c0731ad58a3b42181b8b"
65382,"4977","4977_Intercuenca_4977","IDConfig_65382_completo.xlsx","4977_Intercuenca_4977/_raw_reportes_xlsx/IDConfig_65382_completo.xlsx",11023,10.76,"a16c78bed59027d13527872d03afa0b2"
72,"4978","4978_Cuenca_Napo","IDConfig_72_completo.xlsx","4978_Cuenca_Napo/_raw_reportes_xlsx/IDConfig_72_completo.xlsx",18966,18.52,"bac618eccc117eea87948d4dfbe5105e"
1474,"4978","4978_Cuenca_Napo","IDConfig_1474_completo.xlsx","4978_Cuenca_Napo/_raw_reportes_xlsx/IDConfig_1474_completo.xlsx",17031,16.63,"be841e2e095f4d98423b798fad70a9a9"
2371,"4978","4978_Cuenca_Napo","IDConfig_2371_completo.xlsx","4978_Cuenca_Napo/_raw_reportes_xlsx/IDConfig_2371_completo.xlsx",19466,19.01,"2d12fef8d22f2464ed5c0f459603d4e4"
3167,"4978","4978_Cuenca_Napo","IDConfig_3167_completo.xlsx","4978_Cuenca_Napo/_raw_reportes_xlsx/IDConfig_3167_completo.xlsx",10369,10.13,"1fadb34be3c6d5adf4e6e37292a94471"
5910,"4978","4978_Cuenca_Napo","IDConfig_5910_completo.xlsx","4978_Cuenca_Napo/_raw_reportes_xlsx/IDConfig_5910_completo.xlsx",51629,50.42,"b15dcd9f35743722790aa73ed28f837b"
5912,"4978","4978_Cuenca_Napo","IDConfig_5912_completo.xlsx","4978_Cuenca_Napo/_raw_reportes_xlsx/IDConfig_5912_completo.xlsx",59753,58.35,"e1575fbd71726933c0d78641813898a7"
5925,"4978","4978_Cuenca_Napo","IDConfig_5925_completo.xlsx","4978_Cuenca_Napo/_raw_reportes_xlsx/IDConfig_5925_completo.xlsx",47080,45.98,"051997329da2b490e5dfcbae22c51429"
7259,"4978","4978_Cuenca_Napo","IDConfig_7259_completo.xlsx","4978_Cuenca_Napo/_raw_reportes_xlsx/IDConfig_7259_completo.xlsx",67215,65.64,"364b3f30b40aa96ca264d0badcc32dea"
7260,"4978","4978_Cuenca_Napo","IDConfig_7260_completo.xlsx","4978_Cuenca_Napo/_raw_reportes_xlsx/IDConfig_7260_completo.xlsx",167744,163.81,"1f6ba4a1fc9f304712c2c0253c7e9fb7"
7261,"4978","4978_Cuenca_Napo","IDConfig_7261_completo.xlsx","4978_Cuenca_Napo/_raw_reportes_xlsx/IDConfig_7261_completo.xlsx",171352,167.34,"45b5645e542d3858dfcb9a26d48c47db"
7262,"4978","4978_Cuenca_Napo","IDConfig_7262_completo.xlsx","4978_Cuenca_Napo/_raw_reportes_xlsx/IDConfig_7262_completo.xlsx",20020,19.55,"5a12b5569dcde95c7ba6d6d3b82ed49d"
7263,"4978","4978_Cuenca_Napo","IDConfig_7263_completo.xlsx","4978_Cuenca_Napo/_raw_reportes_xlsx/IDConfig_7263_completo.xlsx",6428,6.28,"db01d8ca3bca18805633bed024f4cc85"
7264,"4978","4978_Cuenca_Napo","IDConfig_7264_completo.xlsx","4978_Cuenca_Napo/_raw_reportes_xlsx/IDConfig_7264_completo.xlsx",102475,100.07,"70a7672316ae44be73eff02cd883eaba"
7265,"4978","4978_Cuenca_Napo","IDConfig_7265_completo.xlsx","4978_Cuenca_Napo/_raw_reportes_xlsx/IDConfig_7265_completo.xlsx",130099,127.05,"412e6b9c9faa9a83873ae4ed5a826bef"
51784,"4978","4978_Cuenca_Napo","IDConfig_51784_completo.xlsx","4978_Cuenca_Napo/_raw_reportes_xlsx/IDConfig_51784_completo.xlsx",48022,46.9,"8cbdd610267931f414e49f8c6fc63bd0"
51957,"4978","4978_Cuenca_Napo","IDConfig_51957_completo.xlsx","4978_Cuenca_Napo/_raw_reportes_xlsx/IDConfig_51957_completo.xlsx",50492,49.31,"18617f62d8daf6ca5ddf639cb85a483c"
52351,"4978","4978_Cuenca_Napo","IDConfig_52351_completo.xlsx","4978_Cuenca_Napo/_raw_reportes_xlsx/IDConfig_52351_completo.xlsx",48793,47.65,"99ba3da09ef4b5b6a97e06fa68c872a9"
52384,"4978","4978_Cuenca_Napo","IDConfig_52384_completo.xlsx","4978_Cuenca_Napo/_raw_reportes_xlsx/IDConfig_52384_completo.xlsx",83565,81.61,"43304991c1e5047df9a1511fe9620576"
52584,"4978","4978_Cuenca_Napo","IDConfig_52584_completo.xlsx","4978_Cuenca_Napo/_raw_reportes_xlsx/IDConfig_52584_completo.xlsx",45326,44.26,"dc5e4afbf5b25d196eb431b35f55a181"
62975,"4978","4978_Cuenca_Napo","IDConfig_62975_completo.xlsx","4978_Cuenca_Napo/_raw_reportes_xlsx/IDConfig_62975_completo.xlsx",28578,27.91,"dc71f1de2da47e892dcf58c3d4f78d67"
64026,"4978","4978_Cuenca_Napo","IDConfig_64026_completo.xlsx","4978_Cuenca_Napo/_raw_reportes_xlsx/IDConfig_64026_completo.xlsx",28407,27.74,"9a9f481bc5550519df4cb1f1c3d1b0ac"
65247,"4978","4978_Cuenca_Napo","IDConfig_65247_completo.xlsx","4978_Cuenca_Napo/_raw_reportes_xlsx/IDConfig_65247_completo.xlsx",33645,32.86,"12f51ff737058453694e0d1ed6a3b48c"
65385,"4978","4978_Cuenca_Napo","IDConfig_65385_completo.xlsx","4978_Cuenca_Napo/_raw_reportes_xlsx/IDConfig_65385_completo.xlsx",11418,11.15,"8cc766d8bf67d327961bc40331c5ad5c"
51861,"49791","49791_Intercuenca_49791","IDConfig_51861_completo.xlsx","49791_Intercuenca_49791/_raw_reportes_xlsx/IDConfig_51861_completo.xlsx",89193,87.1,"5b200d4e82fb9f1c794e28ed818c9308"
51950,"49792","49792_Cuenca_Maniti","IDConfig_51950_completo.xlsx","49792_Cuenca_Maniti/_raw_reportes_xlsx/IDConfig_51950_completo.xlsx",59707,58.31,"f30710eed4453826f51fefb531d1f527"
2370,"49793","49793_Intercuenca_49793","IDConfig_2370_completo.xlsx","49793_Intercuenca_49793/_raw_reportes_xlsx/IDConfig_2370_completo.xlsx",8979,8.77,"9f5a38ac8780829194816a6064fdf15c"
3168,"49793","49793_Intercuenca_49793","IDConfig_3168_completo.xlsx","49793_Intercuenca_49793/_raw_reportes_xlsx/IDConfig_3168_completo.xlsx",8919,8.71,"6b787a3025e8200e936ed5c0eca71e8e"
3574,"49793","49793_Intercuenca_49793","IDConfig_3574_completo.xlsx","49793_Intercuenca_49793/_raw_reportes_xlsx/IDConfig_3574_completo.xlsx",8867,8.66,"3ad4336521aebe4ace6d4dd145975c41"
3704,"49793","49793_Intercuenca_49793","IDConfig_3704_completo.xlsx","49793_Intercuenca_49793/_raw_reportes_xlsx/IDConfig_3704_completo.xlsx",11572,11.3,"407c23c1e024b05b5823ad323a3d5fef"
5940,"49793","49793_Intercuenca_49793","IDConfig_5940_completo.xlsx","49793_Intercuenca_49793/_raw_reportes_xlsx/IDConfig_5940_completo.xlsx",23919,23.36,"c54efe59006f23d847f5b11e6b86bcfb"
5946,"49793","49793_Intercuenca_49793","IDConfig_5946_completo.xlsx","49793_Intercuenca_49793/_raw_reportes_xlsx/IDConfig_5946_completo.xlsx",79863,77.99,"043693e65e0bcd2c301170755f7617fb"
7274,"49793","49793_Intercuenca_49793","IDConfig_7274_completo.xlsx","49793_Intercuenca_49793/_raw_reportes_xlsx/IDConfig_7274_completo.xlsx",130886,127.82,"ef9d4fc39d584370ba48a98004d00e9e"
52565,"49793","49793_Intercuenca_49793","IDConfig_52565_completo.xlsx","49793_Intercuenca_49793/_raw_reportes_xlsx/IDConfig_52565_completo.xlsx",38454,37.55,"b9cb9bddec88f337990ef3e061d303ea"
375,"49794","49794_Cuenca_Nanay","IDConfig_375_completo.xlsx","49794_Cuenca_Nanay/_raw_reportes_xlsx/IDConfig_375_completo.xlsx",19003,18.56,"a4d0ebf6ce112d30955a31baa50b135d"
670,"49794","49794_Cuenca_Nanay","IDConfig_670_completo.xlsx","49794_Cuenca_Nanay/_raw_reportes_xlsx/IDConfig_670_completo.xlsx",20951,20.46,"ef9b476feacc786e4db49f33d7f31648"
5971,"49794","49794_Cuenca_Nanay","IDConfig_5971_completo.xlsx","49794_Cuenca_Nanay/_raw_reportes_xlsx/IDConfig_5971_completo.xlsx",24811,24.23,"7a33924f03ba2ce8c02af03b609fbaf0"
5978,"49794","49794_Cuenca_Nanay","IDConfig_5978_completo.xlsx","49794_Cuenca_Nanay/_raw_reportes_xlsx/IDConfig_5978_completo.xlsx",59841,58.44,"0a7af98f00fbd20af217ff592b7a9ee1"
7251,"49794","49794_Cuenca_Nanay","IDConfig_7251_completo.xlsx","49794_Cuenca_Nanay/_raw_reportes_xlsx/IDConfig_7251_completo.xlsx",4767,4.66,"45de61e4394703c4f32076e7110d18f5"
7252,"49794","49794_Cuenca_Nanay","IDConfig_7252_completo.xlsx","49794_Cuenca_Nanay/_raw_reportes_xlsx/IDConfig_7252_completo.xlsx",137924,134.69,"d1610196425c0584525135c4db368c49"
7253,"49794","49794_Cuenca_Nanay","IDConfig_7253_completo.xlsx","49794_Cuenca_Nanay/_raw_reportes_xlsx/IDConfig_7253_completo.xlsx",3363,3.28,"2148bb787f66f9af5afecbd17bc9bd32"
7257,"49794","49794_Cuenca_Nanay","IDConfig_7257_completo.xlsx","49794_Cuenca_Nanay/_raw_reportes_xlsx/IDConfig_7257_completo.xlsx",115630,112.92,"83dd6a96064580a78e90745e5c7993c9"
7905,"49794","49794_Cuenca_Nanay","IDConfig_7905_completo.xlsx","49794_Cuenca_Nanay/_raw_reportes_xlsx/IDConfig_7905_completo.xlsx",32557,31.79,"fffc64ce42e2e31899ae33db5455a7e6"
51912,"49794","49794_Cuenca_Nanay","IDConfig_51912_completo.xlsx","49794_Cuenca_Nanay/_raw_reportes_xlsx/IDConfig_51912_completo.xlsx",38376,37.48,"2bf50af14e42c0cbad829c395203df21"
52209,"49794","49794_Cuenca_Nanay","IDConfig_52209_completo.xlsx","49794_Cuenca_Nanay/_raw_reportes_xlsx/IDConfig_52209_completo.xlsx",43774,42.75,"a62a74ca0c6d32f96f6e76078aacc7af"
52281,"49794","49794_Cuenca_Nanay","IDConfig_52281_completo.xlsx","49794_Cuenca_Nanay/_raw_reportes_xlsx/IDConfig_52281_completo.xlsx",9418,9.2,"3f28cb0212569f6addc89c230f125312"
52355,"49794","49794_Cuenca_Nanay","IDConfig_52355_completo.xlsx","49794_Cuenca_Nanay/_raw_reportes_xlsx/IDConfig_52355_completo.xlsx",88054,85.99,"7b050a6783d1286f5aea681a861340b7"
63630,"49794","49794_Cuenca_Nanay","IDConfig_63630_completo.xlsx","49794_Cuenca_Nanay/_raw_reportes_xlsx/IDConfig_63630_completo.xlsx",14039,13.71,"f15d4565c6de69bfac6a838e38014c1f"
65094,"49794","49794_Cuenca_Nanay","IDConfig_65094_completo.xlsx","49794_Cuenca_Nanay/_raw_reportes_xlsx/IDConfig_65094_completo.xlsx",32767,32,"b665b0508d1f94812b6c26244fd85331"
65252,"49794","49794_Cuenca_Nanay","IDConfig_65252_completo.xlsx","49794_Cuenca_Nanay/_raw_reportes_xlsx/IDConfig_65252_completo.xlsx",11159,10.9,"5c2c657ddaad38db9df6aad510a6bd7c"
1099,"49796","49796_Cuenca_Itaya","IDConfig_1099_completo.xlsx","49796_Cuenca_Itaya/_raw_reportes_xlsx/IDConfig_1099_completo.xlsx",25785,25.18,"08551aae77e7434bdac2e025155efb81"
2369,"49796","49796_Cuenca_Itaya","IDConfig_2369_completo.xlsx","49796_Cuenca_Itaya/_raw_reportes_xlsx/IDConfig_2369_completo.xlsx",16492,16.11,"39436711b45f92fdcc04660245784726"
5991,"49796","49796_Cuenca_Itaya","IDConfig_5991_completo.xlsx","49796_Cuenca_Itaya/_raw_reportes_xlsx/IDConfig_5991_completo.xlsx",56446,55.12,"de85a6a6fb9a362f7ea7d2f473222bb3"
51752,"49796","49796_Cuenca_Itaya","IDConfig_51752_completo.xlsx","49796_Cuenca_Itaya/_raw_reportes_xlsx/IDConfig_51752_completo.xlsx",32859,32.09,"7272a1d0941e226a18ecd2ffffb4a354"
52107,"49796","49796_Cuenca_Itaya","IDConfig_52107_completo.xlsx","49796_Cuenca_Itaya/_raw_reportes_xlsx/IDConfig_52107_completo.xlsx",59893,58.49,"571735050175e4324eef4b84c0a740eb"
61435,"49796","49796_Cuenca_Itaya","IDConfig_61435_completo.xlsx","49796_Cuenca_Itaya/_raw_reportes_xlsx/IDConfig_61435_completo.xlsx",5788,5.65,"033fd7bacabeeb3064a0f30c39d92b4e"
63903,"49796","49796_Cuenca_Itaya","IDConfig_63903_completo.xlsx","49796_Cuenca_Itaya/_raw_reportes_xlsx/IDConfig_63903_completo.xlsx",6389,6.24,"95e8fb36ee69c472ef8d9d1870eb1f37"
65200,"49796","49796_Cuenca_Itaya","IDConfig_65200_completo.xlsx","49796_Cuenca_Itaya/_raw_reportes_xlsx/IDConfig_65200_completo.xlsx",130888,127.82,"eb4f7d696bc876f19b1aa3d492690a96"
65338,"49796","49796_Cuenca_Itaya","IDConfig_65338_completo.xlsx","49796_Cuenca_Itaya/_raw_reportes_xlsx/IDConfig_65338_completo.xlsx",11335,11.07,"85b2511765dbb4210aad1d67c941c6df"
538,"49797","49797_Intercuenca_49797","IDConfig_538_completo.xlsx","49797_Intercuenca_49797/_raw_reportes_xlsx/IDConfig_538_completo.xlsx",17463,17.05,"f4760912889afe425faeb553c2ee27c9"
1473,"49797","49797_Intercuenca_49797","IDConfig_1473_completo.xlsx","49797_Intercuenca_49797/_raw_reportes_xlsx/IDConfig_1473_completo.xlsx",97146,94.87,"548bffbaa46455d2cc29b3a4b47ae7cc"
2241,"49797","49797_Intercuenca_49797","IDConfig_2241_completo.xlsx","49797_Intercuenca_49797/_raw_reportes_xlsx/IDConfig_2241_completo.xlsx",68176,66.58,"8e32f45c0269411f99b82df52c7d0b7a"
3045,"49797","49797_Intercuenca_49797","IDConfig_3045_completo.xlsx","49797_Intercuenca_49797/_raw_reportes_xlsx/IDConfig_3045_completo.xlsx",22109,21.59,"039556eb5fa950be847882b7f2c51fc9"
6000,"49797","49797_Intercuenca_49797","IDConfig_6000_completo.xlsx","49797_Intercuenca_49797/_raw_reportes_xlsx/IDConfig_6000_completo.xlsx",51734,50.52,"32cc786914a3714269c5b82a16729b2e"
7275,"49797","49797_Intercuenca_49797","IDConfig_7275_completo.xlsx","49797_Intercuenca_49797/_raw_reportes_xlsx/IDConfig_7275_completo.xlsx",103037,100.62,"7cefc97d852e8109b54d7f3c5232c651"
62993,"49797","49797_Intercuenca_49797","IDConfig_62993_completo.xlsx","49797_Intercuenca_49797/_raw_reportes_xlsx/IDConfig_62993_completo.xlsx",47908,46.79,"a30225c7a1ad1ae9588b308c4f9dba85"
63631,"49797","49797_Intercuenca_49797","IDConfig_63631_completo.xlsx","49797_Intercuenca_49797/_raw_reportes_xlsx/IDConfig_63631_completo.xlsx",13236,12.93,"340bd3d14b029c56f7df400e0294313d"
36,"4981","4981_Intercuenca_Bajo_Maranon","IDConfig_36_completo.xlsx","4981_Intercuenca_Bajo_Maranon/_raw_reportes_xlsx/IDConfig_36_completo.xlsx",19024,18.58,"5efbc3f02cbc65335e416b63e7630f67"
819,"4981","4981_Intercuenca_Bajo_Maranon","IDConfig_819_completo.xlsx","4981_Intercuenca_Bajo_Maranon/_raw_reportes_xlsx/IDConfig_819_completo.xlsx",66277,64.72,"50365c37b87f850fe248df3711ec70e0"
2360,"4981","4981_Intercuenca_Bajo_Maranon","IDConfig_2360_completo.xlsx","4981_Intercuenca_Bajo_Maranon/_raw_reportes_xlsx/IDConfig_2360_completo.xlsx",17590,17.18,"0e452f0c8bb54d4f54e6f46d1ea5a45c"
3702,"4981","4981_Intercuenca_Bajo_Maranon","IDConfig_3702_completo.xlsx","4981_Intercuenca_Bajo_Maranon/_raw_reportes_xlsx/IDConfig_3702_completo.xlsx",21974,21.46,"fd3fa2c11973a16c958134aca2ce1231"
7280,"4981","4981_Intercuenca_Bajo_Maranon","IDConfig_7280_completo.xlsx","4981_Intercuenca_Bajo_Maranon/_raw_reportes_xlsx/IDConfig_7280_completo.xlsx",84695,82.71,"9c3c990d1c4ce5e9af98a5c67799118a"
7281,"4981","4981_Intercuenca_Bajo_Maranon","IDConfig_7281_completo.xlsx","4981_Intercuenca_Bajo_Maranon/_raw_reportes_xlsx/IDConfig_7281_completo.xlsx",165389,161.51,"bb4839aee2ee7428b84c0ae978703f5b"
8301,"4981","4981_Intercuenca_Bajo_Maranon","IDConfig_8301_completo.xlsx","4981_Intercuenca_Bajo_Maranon/_raw_reportes_xlsx/IDConfig_8301_completo.xlsx",17492,17.08,"3f6c23b9f42e42e041fcbee5e3be1ebe"
8303,"4981","4981_Intercuenca_Bajo_Maranon","IDConfig_8303_completo.xlsx","4981_Intercuenca_Bajo_Maranon/_raw_reportes_xlsx/IDConfig_8303_completo.xlsx",12475,12.18,"eb78c4c6e56c74bde6f8aaad26b41c7c"
51919,"4981","4981_Intercuenca_Bajo_Maranon","IDConfig_51919_completo.xlsx","4981_Intercuenca_Bajo_Maranon/_raw_reportes_xlsx/IDConfig_51919_completo.xlsx",8834,8.63,"48580c93126b7fdc8f818458ed6e051b"
52106,"4981","4981_Intercuenca_Bajo_Maranon","IDConfig_52106_completo.xlsx","4981_Intercuenca_Bajo_Maranon/_raw_reportes_xlsx/IDConfig_52106_completo.xlsx",31639,30.9,"fc4e3c4b9af8ede8b5708f4698e5f1e7"
63281,"4981","4981_Intercuenca_Bajo_Maranon","IDConfig_63281_completo.xlsx","4981_Intercuenca_Bajo_Maranon/_raw_reportes_xlsx/IDConfig_63281_completo.xlsx",32938,32.17,"3e78165585c1d835e53a5228ce128c08"
65220,"4981","4981_Intercuenca_Bajo_Maranon","IDConfig_65220_completo.xlsx","4981_Intercuenca_Bajo_Maranon/_raw_reportes_xlsx/IDConfig_65220_completo.xlsx",33237,32.46,"fd55508f676b828bd5371930c699b089"
65240,"4981","4981_Intercuenca_Bajo_Maranon","IDConfig_65240_completo.xlsx","4981_Intercuenca_Bajo_Maranon/_raw_reportes_xlsx/IDConfig_65240_completo.xlsx",23701,23.15,"e058b9c94d93e700147b503d7da71687"
65358,"4981","4981_Intercuenca_Bajo_Maranon","IDConfig_65358_completo.xlsx","4981_Intercuenca_Bajo_Maranon/_raw_reportes_xlsx/IDConfig_65358_completo.xlsx",11438,11.17,"a77de97bc076a58fe673f5b83df891fc"
65378,"4981","4981_Intercuenca_Bajo_Maranon","IDConfig_65378_completo.xlsx","4981_Intercuenca_Bajo_Maranon/_raw_reportes_xlsx/IDConfig_65378_completo.xlsx",8844,8.64,"5c2118ed1b7f7045ca818c1e15d3949d"
2908,"4982","4982_Cuenca_Tigre","IDConfig_2908_completo.xlsx","4982_Cuenca_Tigre/_raw_reportes_xlsx/IDConfig_2908_completo.xlsx",46595,45.5,"f20ab0cb0f4dde4d24a9d2ec21c01d3f"
6027,"4982","4982_Cuenca_Tigre","IDConfig_6027_completo.xlsx","4982_Cuenca_Tigre/_raw_reportes_xlsx/IDConfig_6027_completo.xlsx",66407,64.85,"33b57514f01c32335067c549909cf2c4"
6028,"4982","4982_Cuenca_Tigre","IDConfig_6028_completo.xlsx","4982_Cuenca_Tigre/_raw_reportes_xlsx/IDConfig_6028_completo.xlsx",52062,50.84,"e27c257f46a5d48e6e0f366d16f35445"
6029,"4982","4982_Cuenca_Tigre","IDConfig_6029_completo.xlsx","4982_Cuenca_Tigre/_raw_reportes_xlsx/IDConfig_6029_completo.xlsx",76364,74.57,"eae6333842f52e46c25736a82431f98f"
6030,"4982","4982_Cuenca_Tigre","IDConfig_6030_completo.xlsx","4982_Cuenca_Tigre/_raw_reportes_xlsx/IDConfig_6030_completo.xlsx",24084,23.52,"dc99e2c40a3a4c25b201a3f36c3a2780"
7267,"4982","4982_Cuenca_Tigre","IDConfig_7267_completo.xlsx","4982_Cuenca_Tigre/_raw_reportes_xlsx/IDConfig_7267_completo.xlsx",36022,35.18,"bfc43d42d0bfe79f57ef01d155a0d6c9"
64013,"4982","4982_Cuenca_Tigre","IDConfig_64013_completo.xlsx","4982_Cuenca_Tigre/_raw_reportes_xlsx/IDConfig_64013_completo.xlsx",65714,64.17,"5a697592c6bafe8e0c4b0b4731a0abac"
6044,"4983","4983_Intercuenca_Medio_Bajo_Maranon","IDConfig_6044_completo.xlsx","4983_Intercuenca_Medio_Bajo_Maranon/_raw_reportes_xlsx/IDConfig_6044_completo.xlsx",5274,5.15,"698d1153120f64fb16a87bc01ec15797"
6057,"4983","4983_Intercuenca_Medio_Bajo_Maranon","IDConfig_6057_completo.xlsx","4983_Intercuenca_Medio_Bajo_Maranon/_raw_reportes_xlsx/IDConfig_6057_completo.xlsx",97818,95.53,"fb236dff9f8884159876d227f63182a2"
52359,"4983","4983_Intercuenca_Medio_Bajo_Maranon","IDConfig_52359_completo.xlsx","4983_Intercuenca_Medio_Bajo_Maranon/_raw_reportes_xlsx/IDConfig_52359_completo.xlsx",80984,79.09,"ddb51c81648e4a4f9f111da9906fb36f"
4355,"49841","49841_Intercuenca_Bajo_Huallaga","IDConfig_4355_completo.xlsx","49841_Intercuenca_Bajo_Huallaga/_raw_reportes_xlsx/IDConfig_4355_completo.xlsx",12980,12.68,"90b3f1a3392504c7ad30aa52f99c868e"
5218,"49841","49841_Intercuenca_Bajo_Huallaga","IDConfig_5218_completo.xlsx","49841_Intercuenca_Bajo_Huallaga/_raw_reportes_xlsx/IDConfig_5218_completo.xlsx",46217,45.13,"a92c86b1a486d6d5b2b03d0a977bc4d5"
51882,"49841","49841_Intercuenca_Bajo_Huallaga","IDConfig_51882_completo.xlsx","49841_Intercuenca_Bajo_Huallaga/_raw_reportes_xlsx/IDConfig_51882_completo.xlsx",17165,16.76,"4931691bdf19120dfbf60a54de63e7ef"
63475,"49841","49841_Intercuenca_Bajo_Huallaga","IDConfig_63475_completo.xlsx","49841_Intercuenca_Bajo_Huallaga/_raw_reportes_xlsx/IDConfig_63475_completo.xlsx",74912,73.16,"ed313253ee0080d1f12cbecc6bde828a"
65123,"49841","49841_Intercuenca_Bajo_Huallaga","IDConfig_65123_completo.xlsx","49841_Intercuenca_Bajo_Huallaga/_raw_reportes_xlsx/IDConfig_65123_completo.xlsx",33050,32.28,"3c76f0f5716c4843121d3f0b5e8006e9"
65281,"49841","49841_Intercuenca_Bajo_Huallaga","IDConfig_65281_completo.xlsx","49841_Intercuenca_Bajo_Huallaga/_raw_reportes_xlsx/IDConfig_65281_completo.xlsx",11350,11.08,"25b13a125e615b11f103ad27d3c14d00"
4541,"49842","49842_Cuenca_Paranapura","IDConfig_4541_completo.xlsx","49842_Cuenca_Paranapura/_raw_reportes_xlsx/IDConfig_4541_completo.xlsx",28742,28.07,"1c2c97f1a21c0416e2253a9b4811f523"
131,"49843","49843_Intercuenca_Medio_Bajo_Huallaga","IDConfig_131_completo.xlsx","49843_Intercuenca_Medio_Bajo_Huallaga/_raw_reportes_xlsx/IDConfig_131_completo.xlsx",13457,13.14,"873c8df5b512fe6879839d6978a90116"
240,"49843","49843_Intercuenca_Medio_Bajo_Huallaga","IDConfig_240_completo.xlsx","49843_Intercuenca_Medio_Bajo_Huallaga/_raw_reportes_xlsx/IDConfig_240_completo.xlsx",118715,115.93,"702f5ef68ed643d99f5cb96c03ecf3a6"
373,"49843","49843_Intercuenca_Medio_Bajo_Huallaga","IDConfig_373_completo.xlsx","49843_Intercuenca_Medio_Bajo_Huallaga/_raw_reportes_xlsx/IDConfig_373_completo.xlsx",37424,36.55,"510c4a38caed1f03be4b5699fc9c460e"
1319,"49843","49843_Intercuenca_Medio_Bajo_Huallaga","IDConfig_1319_completo.xlsx","49843_Intercuenca_Medio_Bajo_Huallaga/_raw_reportes_xlsx/IDConfig_1319_completo.xlsx",85621,83.61,"35a01e57553f103bd97a87ce74989270"
2641,"49843","49843_Intercuenca_Medio_Bajo_Huallaga","IDConfig_2641_completo.xlsx","49843_Intercuenca_Medio_Bajo_Huallaga/_raw_reportes_xlsx/IDConfig_2641_completo.xlsx",6363,6.21,"5b0d1e23519c6aa71d4279db1f21a152"
4548,"49843","49843_Intercuenca_Medio_Bajo_Huallaga","IDConfig_4548_completo.xlsx","49843_Intercuenca_Medio_Bajo_Huallaga/_raw_reportes_xlsx/IDConfig_4548_completo.xlsx",148382,144.9,"82a5ae778b05d1aa1fafbb9fe81d3366"
4956,"49843","49843_Intercuenca_Medio_Bajo_Huallaga","IDConfig_4956_completo.xlsx","49843_Intercuenca_Medio_Bajo_Huallaga/_raw_reportes_xlsx/IDConfig_4956_completo.xlsx",12431,12.14,"3df91eb2fd064c3c64d5f3e3178d9e41"
7481,"49843","49843_Intercuenca_Medio_Bajo_Huallaga","IDConfig_7481_completo.xlsx","49843_Intercuenca_Medio_Bajo_Huallaga/_raw_reportes_xlsx/IDConfig_7481_completo.xlsx",38567,37.66,"f7a9ecdb4c50a52cfdbe1537fc2dc1ce"
8321,"49843","49843_Intercuenca_Medio_Bajo_Huallaga","IDConfig_8321_completo.xlsx","49843_Intercuenca_Medio_Bajo_Huallaga/_raw_reportes_xlsx/IDConfig_8321_completo.xlsx",3380,3.3,"e3787c6a131e7abc058cd0e0996c678c"
51837,"49843","49843_Intercuenca_Medio_Bajo_Huallaga","IDConfig_51837_completo.xlsx","49843_Intercuenca_Medio_Bajo_Huallaga/_raw_reportes_xlsx/IDConfig_51837_completo.xlsx",84923,82.93,"866cf1a8760303d0faec2e7b17ac40aa"
52189,"49843","49843_Intercuenca_Medio_Bajo_Huallaga","IDConfig_52189_completo.xlsx","49843_Intercuenca_Medio_Bajo_Huallaga/_raw_reportes_xlsx/IDConfig_52189_completo.xlsx",102234,99.84,"e5c7c288fd30ae4bd8438475f38eb438"
52374,"49843","49843_Intercuenca_Medio_Bajo_Huallaga","IDConfig_52374_completo.xlsx","49843_Intercuenca_Medio_Bajo_Huallaga/_raw_reportes_xlsx/IDConfig_52374_completo.xlsx",91930,89.78,"56d15242c00079c07295f50eb06b58ba"
52382,"49843","49843_Intercuenca_Medio_Bajo_Huallaga","IDConfig_52382_completo.xlsx","49843_Intercuenca_Medio_Bajo_Huallaga/_raw_reportes_xlsx/IDConfig_52382_completo.xlsx",75265,73.5,"00401cc8bd095371f3abb6c580bf5a48"
52637,"49843","49843_Intercuenca_Medio_Bajo_Huallaga","IDConfig_52637_completo.xlsx","49843_Intercuenca_Medio_Bajo_Huallaga/_raw_reportes_xlsx/IDConfig_52637_completo.xlsx",98253,95.95,"9dff54c12dcb1272c1a8610ae50fedfe"
65100,"49843","49843_Intercuenca_Medio_Bajo_Huallaga","IDConfig_65100_completo.xlsx","49843_Intercuenca_Medio_Bajo_Huallaga/_raw_reportes_xlsx/IDConfig_65100_completo.xlsx",10827,10.57,"d2b3b6b7fc5d4078a7caf0c981ec4185"
65258,"49843","49843_Intercuenca_Medio_Bajo_Huallaga","IDConfig_65258_completo.xlsx","49843_Intercuenca_Medio_Bajo_Huallaga/_raw_reportes_xlsx/IDConfig_65258_completo.xlsx",10807,10.55,"9e9063cae10b86261314f251b9a97ec8"
288,"49844","49844_Cuenca_Mayo","IDConfig_288_completo.xlsx","49844_Cuenca_Mayo/_raw_reportes_xlsx/IDConfig_288_completo.xlsx",85926,83.91,"942bc63979944ab2515df81efd032995"
543,"49844","49844_Cuenca_Mayo","IDConfig_543_completo.xlsx","49844_Cuenca_Mayo/_raw_reportes_xlsx/IDConfig_543_completo.xlsx",4501,4.4,"2a24923cece6691201deca6aec55fd17"
1217,"49844","49844_Cuenca_Mayo","IDConfig_1217_completo.xlsx","49844_Cuenca_Mayo/_raw_reportes_xlsx/IDConfig_1217_completo.xlsx",306652,299.46,"4707cbdc5a79cb44c5f88d1f87fc0178"
1218,"49844","49844_Cuenca_Mayo","IDConfig_1218_completo.xlsx","49844_Cuenca_Mayo/_raw_reportes_xlsx/IDConfig_1218_completo.xlsx",47804,46.68,"ed94ee80fa769e3df1a2f9fbcce65e8e"
1596,"49844","49844_Cuenca_Mayo","IDConfig_1596_completo.xlsx","49844_Cuenca_Mayo/_raw_reportes_xlsx/IDConfig_1596_completo.xlsx",4009,3.92,"22e2c3d5f94c10b682d3d6c17f123f48"
2113,"49844","49844_Cuenca_Mayo","IDConfig_2113_completo.xlsx","49844_Cuenca_Mayo/_raw_reportes_xlsx/IDConfig_2113_completo.xlsx",4129,4.03,"cd2e698bf0a146a312aed1b41c4baab3"
3998,"49844","49844_Cuenca_Mayo","IDConfig_3998_completo.xlsx","49844_Cuenca_Mayo/_raw_reportes_xlsx/IDConfig_3998_completo.xlsx",86373,84.35,"ac147d081b17e81b3abab181ca729070"
5015,"49844","49844_Cuenca_Mayo","IDConfig_5015_completo.xlsx","49844_Cuenca_Mayo/_raw_reportes_xlsx/IDConfig_5015_completo.xlsx",109686,107.12,"78dade60c273efa60b47a05e5fef4f8b"
5064,"49844","49844_Cuenca_Mayo","IDConfig_5064_completo.xlsx","49844_Cuenca_Mayo/_raw_reportes_xlsx/IDConfig_5064_completo.xlsx",3779,3.69,"214b5e780907feb82c28c15239804b1c"
7384,"49844","49844_Cuenca_Mayo","IDConfig_7384_completo.xlsx","49844_Cuenca_Mayo/_raw_reportes_xlsx/IDConfig_7384_completo.xlsx",304214,297.08,"35ae64b9d317f8491bdab1565287872f"
51853,"49844","49844_Cuenca_Mayo","IDConfig_51853_completo.xlsx","49844_Cuenca_Mayo/_raw_reportes_xlsx/IDConfig_51853_completo.xlsx",84439,82.46,"4fba5566a4ce77e4b77df6f0a3f6e28c"
51918,"49844","49844_Cuenca_Mayo","IDConfig_51918_completo.xlsx","49844_Cuenca_Mayo/_raw_reportes_xlsx/IDConfig_51918_completo.xlsx",79555,77.69,"e8e7fcb29b858eec8c26b1fc0756970c"
52024,"49844","49844_Cuenca_Mayo","IDConfig_52024_completo.xlsx","49844_Cuenca_Mayo/_raw_reportes_xlsx/IDConfig_52024_completo.xlsx",92372,90.21,"d1cacf6485bb7b38fb6db2540e71c267"
52128,"49844","49844_Cuenca_Mayo","IDConfig_52128_completo.xlsx","49844_Cuenca_Mayo/_raw_reportes_xlsx/IDConfig_52128_completo.xlsx",91948,89.79,"cd88140be6d8c757ee5fa39d1e30e6c1"
52224,"49844","49844_Cuenca_Mayo","IDConfig_52224_completo.xlsx","49844_Cuenca_Mayo/_raw_reportes_xlsx/IDConfig_52224_completo.xlsx",78184,76.35,"e5aa7497307cb2bc1ff0e9d095a30154"
52452,"49844","49844_Cuenca_Mayo","IDConfig_52452_completo.xlsx","49844_Cuenca_Mayo/_raw_reportes_xlsx/IDConfig_52452_completo.xlsx",82032,80.11,"042336cf0320e1626aa727391c0668e4"
52579,"49844","49844_Cuenca_Mayo","IDConfig_52579_completo.xlsx","49844_Cuenca_Mayo/_raw_reportes_xlsx/IDConfig_52579_completo.xlsx",85800,83.79,"c7c45af14e093687917e5836bec5ed2d"
63075,"49844","49844_Cuenca_Mayo","IDConfig_63075_completo.xlsx","49844_Cuenca_Mayo/_raw_reportes_xlsx/IDConfig_63075_completo.xlsx",4574,4.47,"14872b6f4f20c6d39d298679ee8ad582"
63610,"49844","49844_Cuenca_Mayo","IDConfig_63610_completo.xlsx","49844_Cuenca_Mayo/_raw_reportes_xlsx/IDConfig_63610_completo.xlsx",83354,81.4,"22c092c46f8268bca1b101e2635a2a45"
63611,"49844","49844_Cuenca_Mayo","IDConfig_63611_completo.xlsx","49844_Cuenca_Mayo/_raw_reportes_xlsx/IDConfig_63611_completo.xlsx",17838,17.42,"07f9f3186517fcf5ccea38bdfef1039b"
63612,"49844","49844_Cuenca_Mayo","IDConfig_63612_completo.xlsx","49844_Cuenca_Mayo/_raw_reportes_xlsx/IDConfig_63612_completo.xlsx",9509,9.29,"8f296f43a73a684ac57b8cab86a3c24b"
63614,"49844","49844_Cuenca_Mayo","IDConfig_63614_completo.xlsx","49844_Cuenca_Mayo/_raw_reportes_xlsx/IDConfig_63614_completo.xlsx",14231,13.9,"d408e071a739dd7ccc7eca53ee8dee47"
63827,"49844","49844_Cuenca_Mayo","IDConfig_63827_completo.xlsx","49844_Cuenca_Mayo/_raw_reportes_xlsx/IDConfig_63827_completo.xlsx",6343,6.19,"58cbe597e87884b7d00504dfda2c88fb"
63843,"49844","49844_Cuenca_Mayo","IDConfig_63843_completo.xlsx","49844_Cuenca_Mayo/_raw_reportes_xlsx/IDConfig_63843_completo.xlsx",19191,18.74,"070caebea8f89dd3fd2cd365969331f6"
63863,"49844","49844_Cuenca_Mayo","IDConfig_63863_completo.xlsx","49844_Cuenca_Mayo/_raw_reportes_xlsx/IDConfig_63863_completo.xlsx",148778,145.29,"b71fd4c381e76fdbf47d2cc50c2877b0"
63864,"49844","49844_Cuenca_Mayo","IDConfig_63864_completo.xlsx","49844_Cuenca_Mayo/_raw_reportes_xlsx/IDConfig_63864_completo.xlsx",5284,5.16,"30e02672284fec816281a7731788baa8"
64974,"49844","49844_Cuenca_Mayo","IDConfig_64974_completo.xlsx","49844_Cuenca_Mayo/_raw_reportes_xlsx/IDConfig_64974_completo.xlsx",14699,14.35,"e762546a1661aa1d9ae33c7c7bfb6e66"
64987,"49844","49844_Cuenca_Mayo","IDConfig_64987_completo.xlsx","49844_Cuenca_Mayo/_raw_reportes_xlsx/IDConfig_64987_completo.xlsx",10169,9.93,"e5542cb45490de33137a1d08a93c7fff"
65068,"49844","49844_Cuenca_Mayo","IDConfig_65068_completo.xlsx","49844_Cuenca_Mayo/_raw_reportes_xlsx/IDConfig_65068_completo.xlsx",164951,161.08,"6b573508edbe71ba3325b67228bcbb87"
65081,"49844","49844_Cuenca_Mayo","IDConfig_65081_completo.xlsx","49844_Cuenca_Mayo/_raw_reportes_xlsx/IDConfig_65081_completo.xlsx",23441,22.89,"a85143fc905d65575456cd9ce649253a"
65184,"49844","49844_Cuenca_Mayo","IDConfig_65184_completo.xlsx","49844_Cuenca_Mayo/_raw_reportes_xlsx/IDConfig_65184_completo.xlsx",141021,137.72,"f2fa597bc8c13f4742caf4446d4c0a16"
65218,"49844","49844_Cuenca_Mayo","IDConfig_65218_completo.xlsx","49844_Cuenca_Mayo/_raw_reportes_xlsx/IDConfig_65218_completo.xlsx",26385,25.77,"5ae8fe10757cec2d75e11e6e351fb35d"
65322,"49844","49844_Cuenca_Mayo","IDConfig_65322_completo.xlsx","49844_Cuenca_Mayo/_raw_reportes_xlsx/IDConfig_65322_completo.xlsx",11883,11.6,"0a9d568a05b4801d860a1f7a8964fd8a"
65356,"49844","49844_Cuenca_Mayo","IDConfig_65356_completo.xlsx","49844_Cuenca_Mayo/_raw_reportes_xlsx/IDConfig_65356_completo.xlsx",9888,9.66,"862e54e859648d5bb25305f478d719b6"
67633,"49844","49844_Cuenca_Mayo","IDConfig_67633_completo.xlsx","49844_Cuenca_Mayo/_raw_reportes_xlsx/IDConfig_67633_completo.xlsx",13360,13.05,"a0a6d3b09cdf6a992235bcc24056b4ad"
67646,"49844","49844_Cuenca_Mayo","IDConfig_67646_completo.xlsx","49844_Cuenca_Mayo/_raw_reportes_xlsx/IDConfig_67646_completo.xlsx",8774,8.57,"96fea838bc68134545db828c0b7f1bed"
67734,"49844","49844_Cuenca_Mayo","IDConfig_67734_completo.xlsx","49844_Cuenca_Mayo/_raw_reportes_xlsx/IDConfig_67734_completo.xlsx",13127,12.82,"7de6090cacb903b97b0af2c51003e480"
67747,"49844","49844_Cuenca_Mayo","IDConfig_67747_completo.xlsx","49844_Cuenca_Mayo/_raw_reportes_xlsx/IDConfig_67747_completo.xlsx",8308,8.11,"0eb48eb7a21a5631f006af22855fbc87"
536,"49845","49845_Intercuenca_Medio_Huallaga","IDConfig_536_completo.xlsx","49845_Intercuenca_Medio_Huallaga/_raw_reportes_xlsx/IDConfig_536_completo.xlsx",31614,30.87,"27c5365bb121d60db6791e8c484bf027"
1978,"49845","49845_Intercuenca_Medio_Huallaga","IDConfig_1978_completo.xlsx","49845_Intercuenca_Medio_Huallaga/_raw_reportes_xlsx/IDConfig_1978_completo.xlsx",31887,31.14,"8d52d4657c154d73b9786bc5a7f0d2be"
2236,"49845","49845_Intercuenca_Medio_Huallaga","IDConfig_2236_completo.xlsx","49845_Intercuenca_Medio_Huallaga/_raw_reportes_xlsx/IDConfig_2236_completo.xlsx",24483,23.91,"b9ddd7e94b0539e1cfcc364264d7b198"
2608,"49845","49845_Intercuenca_Medio_Huallaga","IDConfig_2608_completo.xlsx","49845_Intercuenca_Medio_Huallaga/_raw_reportes_xlsx/IDConfig_2608_completo.xlsx",79417,77.56,"c48a316e80c02e2852bf7118512fb0df"
3302,"49845","49845_Intercuenca_Medio_Huallaga","IDConfig_3302_completo.xlsx","49845_Intercuenca_Medio_Huallaga/_raw_reportes_xlsx/IDConfig_3302_completo.xlsx",8763,8.56,"a993991ef0805c0d36daaeb194215f2e"
4122,"49845","49845_Intercuenca_Medio_Huallaga","IDConfig_4122_completo.xlsx","49845_Intercuenca_Medio_Huallaga/_raw_reportes_xlsx/IDConfig_4122_completo.xlsx",5128,5.01,"cc192ad577f49d961b89e368955fb485"
5090,"49845","49845_Intercuenca_Medio_Huallaga","IDConfig_5090_completo.xlsx","49845_Intercuenca_Medio_Huallaga/_raw_reportes_xlsx/IDConfig_5090_completo.xlsx",68258,66.66,"747dafe802e021a51260faffb32f66da"
7386,"49845","49845_Intercuenca_Medio_Huallaga","IDConfig_7386_completo.xlsx","49845_Intercuenca_Medio_Huallaga/_raw_reportes_xlsx/IDConfig_7386_completo.xlsx",134687,131.53,"80753c595b55879d4a7ef711484403a5"
7387,"49845","49845_Intercuenca_Medio_Huallaga","IDConfig_7387_completo.xlsx","49845_Intercuenca_Medio_Huallaga/_raw_reportes_xlsx/IDConfig_7387_completo.xlsx",84836,82.85,"0429423bce6a5861dfc71b32bdfeb553"
52475,"49845","49845_Intercuenca_Medio_Huallaga","IDConfig_52475_completo.xlsx","49845_Intercuenca_Medio_Huallaga/_raw_reportes_xlsx/IDConfig_52475_completo.xlsx",83408,81.45,"47a76045820db75fa5c32ba4a184c425"
62395,"49845","49845_Intercuenca_Medio_Huallaga","IDConfig_62395_completo.xlsx","49845_Intercuenca_Medio_Huallaga/_raw_reportes_xlsx/IDConfig_62395_completo.xlsx",38928,38.02,"20a192bbe450d8094ea30eb0968d4a1d"
63615,"49845","49845_Intercuenca_Medio_Huallaga","IDConfig_63615_completo.xlsx","49845_Intercuenca_Medio_Huallaga/_raw_reportes_xlsx/IDConfig_63615_completo.xlsx",13346,13.03,"1f8385cec6df35e83aa43fc2ee87e788"
63616,"49845","49845_Intercuenca_Medio_Huallaga","IDConfig_63616_completo.xlsx","49845_Intercuenca_Medio_Huallaga/_raw_reportes_xlsx/IDConfig_63616_completo.xlsx",5877,5.74,"709338f5eadfc37d68a3464381d0b6a0"
63617,"49845","49845_Intercuenca_Medio_Huallaga","IDConfig_63617_completo.xlsx","49845_Intercuenca_Medio_Huallaga/_raw_reportes_xlsx/IDConfig_63617_completo.xlsx",12511,12.22,"529f53806a3246ee7a08c991d785424f"
64990,"49845","49845_Intercuenca_Medio_Huallaga","IDConfig_64990_completo.xlsx","49845_Intercuenca_Medio_Huallaga/_raw_reportes_xlsx/IDConfig_64990_completo.xlsx",15507,15.14,"d36390c43e7ef3e4bfa9ff6b72aa3ba2"
65084,"49845","49845_Intercuenca_Medio_Huallaga","IDConfig_65084_completo.xlsx","49845_Intercuenca_Medio_Huallaga/_raw_reportes_xlsx/IDConfig_65084_completo.xlsx",41908,40.93,"b70328ab948cbf1d608a27e1f862afc8"
65112,"49845","49845_Intercuenca_Medio_Huallaga","IDConfig_65112_completo.xlsx","49845_Intercuenca_Medio_Huallaga/_raw_reportes_xlsx/IDConfig_65112_completo.xlsx",33337,32.56,"91f664ec6ff9f451205e5fffb90fa4ac"
65270,"49845","49845_Intercuenca_Medio_Huallaga","IDConfig_65270_completo.xlsx","49845_Intercuenca_Medio_Huallaga/_raw_reportes_xlsx/IDConfig_65270_completo.xlsx",11317,11.05,"93bbcf32573d92d4096b17833bc8ef09"
67649,"49845","49845_Intercuenca_Medio_Huallaga","IDConfig_67649_completo.xlsx","49845_Intercuenca_Medio_Huallaga/_raw_reportes_xlsx/IDConfig_67649_completo.xlsx",13601,13.28,"c1801ac51f5ef8271659687cc10ea69c"
67750,"49845","49845_Intercuenca_Medio_Huallaga","IDConfig_67750_completo.xlsx","49845_Intercuenca_Medio_Huallaga/_raw_reportes_xlsx/IDConfig_67750_completo.xlsx",13659,13.34,"acee57b30e58dec9697acc9b8379bbf8"
1560,"49846","49846_Cuenca_Biabo","IDConfig_1560_completo.xlsx","49846_Cuenca_Biabo/_raw_reportes_xlsx/IDConfig_1560_completo.xlsx",68789,67.18,"e56e01e125639ac68b73ced5ac84fd20"
2364,"49846","49846_Cuenca_Biabo","IDConfig_2364_completo.xlsx","49846_Cuenca_Biabo/_raw_reportes_xlsx/IDConfig_2364_completo.xlsx",72260,70.57,"0362dcfc2e4f16dd437367a396577263"
5101,"49846","49846_Cuenca_Biabo","IDConfig_5101_completo.xlsx","49846_Cuenca_Biabo/_raw_reportes_xlsx/IDConfig_5101_completo.xlsx",15227,14.87,"0d57d3f177f093be0d9ea4d6e8da7d53"
7388,"49846","49846_Cuenca_Biabo","IDConfig_7388_completo.xlsx","49846_Cuenca_Biabo/_raw_reportes_xlsx/IDConfig_7388_completo.xlsx",193498,188.96,"dd50127345ea0e88179c43f73f48b7af"
51924,"49846","49846_Cuenca_Biabo","IDConfig_51924_completo.xlsx","49846_Cuenca_Biabo/_raw_reportes_xlsx/IDConfig_51924_completo.xlsx",84853,82.86,"51246c2a6f8088ba4c99ea88601f6946"
63618,"49846","49846_Cuenca_Biabo","IDConfig_63618_completo.xlsx","49846_Cuenca_Biabo/_raw_reportes_xlsx/IDConfig_63618_completo.xlsx",34962,34.14,"f783ff21585b15071cab8a890ca672c3"
63619,"49846","49846_Cuenca_Biabo","IDConfig_63619_completo.xlsx","49846_Cuenca_Biabo/_raw_reportes_xlsx/IDConfig_63619_completo.xlsx",52259,51.03,"c0434e656674a71d6237bf8eb8455d09"
65212,"49846","49846_Cuenca_Biabo","IDConfig_65212_completo.xlsx","49846_Cuenca_Biabo/_raw_reportes_xlsx/IDConfig_65212_completo.xlsx",28728,28.05,"0b3fd87a62c70c82035a279f96febee6"
65350,"49846","49846_Cuenca_Biabo","IDConfig_65350_completo.xlsx","49846_Cuenca_Biabo/_raw_reportes_xlsx/IDConfig_65350_completo.xlsx",10405,10.16,"bdbc8fefe0dc98e9ee906392bebd7556"
1352,"49847","49847_Intercuenca_Medio_Alto_Huallaga","IDConfig_1352_completo.xlsx","49847_Intercuenca_Medio_Alto_Huallaga/_raw_reportes_xlsx/IDConfig_1352_completo.xlsx",55145,53.85,"bd93c7c2130e932243e938885b576ae2"
1885,"49847","49847_Intercuenca_Medio_Alto_Huallaga","IDConfig_1885_completo.xlsx","49847_Intercuenca_Medio_Alto_Huallaga/_raw_reportes_xlsx/IDConfig_1885_completo.xlsx",68169,66.57,"e8ac1f2c284f760e13cfb0fa00666835"
2363,"49847","49847_Intercuenca_Medio_Alto_Huallaga","IDConfig_2363_completo.xlsx","49847_Intercuenca_Medio_Alto_Huallaga/_raw_reportes_xlsx/IDConfig_2363_completo.xlsx",26609,25.99,"db112edb8bf386f685b38677f348a153"
3054,"49847","49847_Intercuenca_Medio_Alto_Huallaga","IDConfig_3054_completo.xlsx","49847_Intercuenca_Medio_Alto_Huallaga/_raw_reportes_xlsx/IDConfig_3054_completo.xlsx",20004,19.54,"18a6c713073e300811ff553771bb478c"
4127,"49847","49847_Intercuenca_Medio_Alto_Huallaga","IDConfig_4127_completo.xlsx","49847_Intercuenca_Medio_Alto_Huallaga/_raw_reportes_xlsx/IDConfig_4127_completo.xlsx",5067,4.95,"c230157105d6f1d164f8ebbb20737ff5"
5146,"49847","49847_Intercuenca_Medio_Alto_Huallaga","IDConfig_5146_completo.xlsx","49847_Intercuenca_Medio_Alto_Huallaga/_raw_reportes_xlsx/IDConfig_5146_completo.xlsx",53804,52.54,"2760c919ffb3b9c09fcd4ef1961dd99b"
5152,"49847","49847_Intercuenca_Medio_Alto_Huallaga","IDConfig_5152_completo.xlsx","49847_Intercuenca_Medio_Alto_Huallaga/_raw_reportes_xlsx/IDConfig_5152_completo.xlsx",110821,108.22,"549c10c3172594a2933b21b54902fe16"
5160,"49847","49847_Intercuenca_Medio_Alto_Huallaga","IDConfig_5160_completo.xlsx","49847_Intercuenca_Medio_Alto_Huallaga/_raw_reportes_xlsx/IDConfig_5160_completo.xlsx",146258,142.83,"6e49c8e1665d35e3dea469fb34ce2526"
5168,"49847","49847_Intercuenca_Medio_Alto_Huallaga","IDConfig_5168_completo.xlsx","49847_Intercuenca_Medio_Alto_Huallaga/_raw_reportes_xlsx/IDConfig_5168_completo.xlsx",66928,65.36,"fa689a2a88cb8dfa6ebf8e889ed58b40"
7390,"49847","49847_Intercuenca_Medio_Alto_Huallaga","IDConfig_7390_completo.xlsx","49847_Intercuenca_Medio_Alto_Huallaga/_raw_reportes_xlsx/IDConfig_7390_completo.xlsx",94653,92.43,"ac2ce17349dca4f796b1f524a2503c94"
51747,"49847","49847_Intercuenca_Medio_Alto_Huallaga","IDConfig_51747_completo.xlsx","49847_Intercuenca_Medio_Alto_Huallaga/_raw_reportes_xlsx/IDConfig_51747_completo.xlsx",73238,71.52,"225fc404f7c3575816f3834f6458fb92"
52621,"49847","49847_Intercuenca_Medio_Alto_Huallaga","IDConfig_52621_completo.xlsx","49847_Intercuenca_Medio_Alto_Huallaga/_raw_reportes_xlsx/IDConfig_52621_completo.xlsx",79159,77.3,"051575a18c80b7d880fa525bc264a3bb"
63620,"49847","49847_Intercuenca_Medio_Alto_Huallaga","IDConfig_63620_completo.xlsx","49847_Intercuenca_Medio_Alto_Huallaga/_raw_reportes_xlsx/IDConfig_63620_completo.xlsx",9129,8.92,"e556bfaf83f55b00a40f53976173f38d"
81,"49848","49848_Cuenca_Huayabamba","IDConfig_81_completo.xlsx","49848_Cuenca_Huayabamba/_raw_reportes_xlsx/IDConfig_81_completo.xlsx",10918,10.66,"c33172f8e6f7638f6f4a9d2dcf0dcf9b"
285,"49848","49848_Cuenca_Huayabamba","IDConfig_285_completo.xlsx","49848_Cuenca_Huayabamba/_raw_reportes_xlsx/IDConfig_285_completo.xlsx",154650,151.03,"5f62949b06ef55826fe1c97081a621b9"
1758,"49848","49848_Cuenca_Huayabamba","IDConfig_1758_completo.xlsx","49848_Cuenca_Huayabamba/_raw_reportes_xlsx/IDConfig_1758_completo.xlsx",44171,43.14,"88b7d5e5126a63c07c8be96371e5851b"
2425,"49848","49848_Cuenca_Huayabamba","IDConfig_2425_completo.xlsx","49848_Cuenca_Huayabamba/_raw_reportes_xlsx/IDConfig_2425_completo.xlsx",12096,11.81,"b113edf905e91f580ec92de203aa0017"
3572,"49848","49848_Cuenca_Huayabamba","IDConfig_3572_completo.xlsx","49848_Cuenca_Huayabamba/_raw_reportes_xlsx/IDConfig_3572_completo.xlsx",14922,14.57,"d887b990914d5022c57b7d3aee3d822f"
5183,"49848","49848_Cuenca_Huayabamba","IDConfig_5183_completo.xlsx","49848_Cuenca_Huayabamba/_raw_reportes_xlsx/IDConfig_5183_completo.xlsx",20091,19.62,"968a1eaa4afc95d896599ed36f6b2918"
7389,"49848","49848_Cuenca_Huayabamba","IDConfig_7389_completo.xlsx","49848_Cuenca_Huayabamba/_raw_reportes_xlsx/IDConfig_7389_completo.xlsx",115122,112.42,"4467648dd02e29fcf410e91cbfd09e0c"
63305,"49848","49848_Cuenca_Huayabamba","IDConfig_63305_completo.xlsx","49848_Cuenca_Huayabamba/_raw_reportes_xlsx/IDConfig_63305_completo.xlsx",9777,9.55,"5ddce852025f708bdc08bc7b9602fadd"
63826,"49848","49848_Cuenca_Huayabamba","IDConfig_63826_completo.xlsx","49848_Cuenca_Huayabamba/_raw_reportes_xlsx/IDConfig_63826_completo.xlsx",9208,8.99,"5617288e9e78fa973c749dc7c0751442"
64988,"49848","49848_Cuenca_Huayabamba","IDConfig_64988_completo.xlsx","49848_Cuenca_Huayabamba/_raw_reportes_xlsx/IDConfig_64988_completo.xlsx",15431,15.07,"57f561e5a411fd171f75e9d31cf2119a"
65082,"49848","49848_Cuenca_Huayabamba","IDConfig_65082_completo.xlsx","49848_Cuenca_Huayabamba/_raw_reportes_xlsx/IDConfig_65082_completo.xlsx",143814,140.44,"dad813b0590ede28ddf53573e6d8075f"
65182,"49848","49848_Cuenca_Huayabamba","IDConfig_65182_completo.xlsx","49848_Cuenca_Huayabamba/_raw_reportes_xlsx/IDConfig_65182_completo.xlsx",143740,140.37,"6ace183cd34f82e3ded433b6a4632659"
65320,"49848","49848_Cuenca_Huayabamba","IDConfig_65320_completo.xlsx","49848_Cuenca_Huayabamba/_raw_reportes_xlsx/IDConfig_65320_completo.xlsx",11950,11.67,"850630e7600a49b71d9f5c718585ae24"
67647,"49848","49848_Cuenca_Huayabamba","IDConfig_67647_completo.xlsx","49848_Cuenca_Huayabamba/_raw_reportes_xlsx/IDConfig_67647_completo.xlsx",14258,13.92,"5b9535e817f5847eba152acfa83663c2"
67748,"49848","49848_Cuenca_Huayabamba","IDConfig_67748_completo.xlsx","49848_Cuenca_Huayabamba/_raw_reportes_xlsx/IDConfig_67748_completo.xlsx",13814,13.49,"b6a01870115690715d2831f6359fa66e"
35,"49849","49849_Intercuenca_Alto_Huallaga","IDConfig_35_completo.xlsx","49849_Intercuenca_Alto_Huallaga/_raw_reportes_xlsx/IDConfig_35_completo.xlsx",18338,17.91,"330193c369391d1e8ae0fdc6aadf269c"
206,"49849","49849_Intercuenca_Alto_Huallaga","IDConfig_206_completo.xlsx","49849_Intercuenca_Alto_Huallaga/_raw_reportes_xlsx/IDConfig_206_completo.xlsx",152784,149.2,"6229c8f3c0bd2abdc290883150e771cb"
294,"49849","49849_Intercuenca_Alto_Huallaga","IDConfig_294_completo.xlsx","49849_Intercuenca_Alto_Huallaga/_raw_reportes_xlsx/IDConfig_294_completo.xlsx",41710,40.73,"4b4c4d87e4cce6b118eb6f3c7e8a5e8f"
335,"49849","49849_Intercuenca_Alto_Huallaga","IDConfig_335_completo.xlsx","49849_Intercuenca_Alto_Huallaga/_raw_reportes_xlsx/IDConfig_335_completo.xlsx",191275,186.79,"4248cc74dd7bdad806017771b658c44c"
396,"49849","49849_Intercuenca_Alto_Huallaga","IDConfig_396_completo.xlsx","49849_Intercuenca_Alto_Huallaga/_raw_reportes_xlsx/IDConfig_396_completo.xlsx",6758,6.6,"da9e13472aef999656f1901bbc39a7f6"
450,"49849","49849_Intercuenca_Alto_Huallaga","IDConfig_450_completo.xlsx","49849_Intercuenca_Alto_Huallaga/_raw_reportes_xlsx/IDConfig_450_completo.xlsx",214255,209.23,"f21fed68ed909ab58e13518063c4d450"
503,"49849","49849_Intercuenca_Alto_Huallaga","IDConfig_503_completo.xlsx","49849_Intercuenca_Alto_Huallaga/_raw_reportes_xlsx/IDConfig_503_completo.xlsx",209212,204.31,"caa6cede19724bb3a9d169fd2ee3bc7d"
667,"49849","49849_Intercuenca_Alto_Huallaga","IDConfig_667_completo.xlsx","49849_Intercuenca_Alto_Huallaga/_raw_reportes_xlsx/IDConfig_667_completo.xlsx",10265,10.02,"6065b43467cc70f4d69a93a1f49e52dc"
1355,"49849","49849_Intercuenca_Alto_Huallaga","IDConfig_1355_completo.xlsx","49849_Intercuenca_Alto_Huallaga/_raw_reportes_xlsx/IDConfig_1355_completo.xlsx",7652,7.47,"dbc3413998983baf48e0f464b0ea8961"
1404,"49849","49849_Intercuenca_Alto_Huallaga","IDConfig_1404_completo.xlsx","49849_Intercuenca_Alto_Huallaga/_raw_reportes_xlsx/IDConfig_1404_completo.xlsx",71422,69.75,"f40489f6f9d46ed61effcd4e334935d6"
1979,"49849","49849_Intercuenca_Alto_Huallaga","IDConfig_1979_completo.xlsx","49849_Intercuenca_Alto_Huallaga/_raw_reportes_xlsx/IDConfig_1979_completo.xlsx",4478,4.37,"bb43148615fe424b295a7dba30fd1953"
2378,"49849","49849_Intercuenca_Alto_Huallaga","IDConfig_2378_completo.xlsx","49849_Intercuenca_Alto_Huallaga/_raw_reportes_xlsx/IDConfig_2378_completo.xlsx",7316,7.14,"bbe6f1b476adeed68f3cf56fdb4200d2"
2510,"49849","49849_Intercuenca_Alto_Huallaga","IDConfig_2510_completo.xlsx","49849_Intercuenca_Alto_Huallaga/_raw_reportes_xlsx/IDConfig_2510_completo.xlsx",5464,5.34,"359aebf4c28c81fd871f156b1be2c900"
2892,"49849","49849_Intercuenca_Alto_Huallaga","IDConfig_2892_completo.xlsx","49849_Intercuenca_Alto_Huallaga/_raw_reportes_xlsx/IDConfig_2892_completo.xlsx",38103,37.21,"6ca81c7eb054c76de9a7fc4ae1c4ef97"
2894,"49849","49849_Intercuenca_Alto_Huallaga","IDConfig_2894_completo.xlsx","49849_Intercuenca_Alto_Huallaga/_raw_reportes_xlsx/IDConfig_2894_completo.xlsx",18477,18.04,"43926a72184c49c56b073d7080d27214"
3263,"49849","49849_Intercuenca_Alto_Huallaga","IDConfig_3263_completo.xlsx","49849_Intercuenca_Alto_Huallaga/_raw_reportes_xlsx/IDConfig_3263_completo.xlsx",19969,19.5,"2092f78701d0b9c243eb0d9ba36b941f"
4178,"49849","49849_Intercuenca_Alto_Huallaga","IDConfig_4178_completo.xlsx","49849_Intercuenca_Alto_Huallaga/_raw_reportes_xlsx/IDConfig_4178_completo.xlsx",52973,51.73,"6924f0e4e55fc07d1862b2428d2643a7"
4728,"49849","49849_Intercuenca_Alto_Huallaga","IDConfig_4728_completo.xlsx","49849_Intercuenca_Alto_Huallaga/_raw_reportes_xlsx/IDConfig_4728_completo.xlsx",3467,3.39,"7bf463fc8094146966313f2510a0ad58"
4735,"49849","49849_Intercuenca_Alto_Huallaga","IDConfig_4735_completo.xlsx","49849_Intercuenca_Alto_Huallaga/_raw_reportes_xlsx/IDConfig_4735_completo.xlsx",22815,22.28,"749a9720d57f10533b98bbe09e2bee4a"
4740,"49849","49849_Intercuenca_Alto_Huallaga","IDConfig_4740_completo.xlsx","49849_Intercuenca_Alto_Huallaga/_raw_reportes_xlsx/IDConfig_4740_completo.xlsx",51308,50.11,"462af57284e129fdfc6872da76dbc74b"
4815,"49849","49849_Intercuenca_Alto_Huallaga","IDConfig_4815_completo.xlsx","49849_Intercuenca_Alto_Huallaga/_raw_reportes_xlsx/IDConfig_4815_completo.xlsx",34656,33.84,"48c1ce2d1f034a1704c4294c566a917f"
4816,"49849","49849_Intercuenca_Alto_Huallaga","IDConfig_4816_completo.xlsx","49849_Intercuenca_Alto_Huallaga/_raw_reportes_xlsx/IDConfig_4816_completo.xlsx",82011,80.09,"f6e69e08183082d2e89c401dee1684f2"
4836,"49849","49849_Intercuenca_Alto_Huallaga","IDConfig_4836_completo.xlsx","49849_Intercuenca_Alto_Huallaga/_raw_reportes_xlsx/IDConfig_4836_completo.xlsx",45527,44.46,"bd051bfcc6434bec2cfb5885d4d97bef"
4853,"49849","49849_Intercuenca_Alto_Huallaga","IDConfig_4853_completo.xlsx","49849_Intercuenca_Alto_Huallaga/_raw_reportes_xlsx/IDConfig_4853_completo.xlsx",49292,48.14,"5e0ff428850f09252ab3730b6c2f85fd"
4865,"49849","49849_Intercuenca_Alto_Huallaga","IDConfig_4865_completo.xlsx","49849_Intercuenca_Alto_Huallaga/_raw_reportes_xlsx/IDConfig_4865_completo.xlsx",21564,21.06,"dd03e9aa669f401ae09f88d99ef8ee9d"
4866,"49849","49849_Intercuenca_Alto_Huallaga","IDConfig_4866_completo.xlsx","49849_Intercuenca_Alto_Huallaga/_raw_reportes_xlsx/IDConfig_4866_completo.xlsx",74194,72.46,"476f83343303dcc5c89d27bf1efd264e"
4867,"49849","49849_Intercuenca_Alto_Huallaga","IDConfig_4867_completo.xlsx","49849_Intercuenca_Alto_Huallaga/_raw_reportes_xlsx/IDConfig_4867_completo.xlsx",4796,4.68,"54db0ed431d3ce3469cfcaa60e86265b"
4884,"49849","49849_Intercuenca_Alto_Huallaga","IDConfig_4884_completo.xlsx","49849_Intercuenca_Alto_Huallaga/_raw_reportes_xlsx/IDConfig_4884_completo.xlsx",3999,3.91,"68a73fcc267a768b430db9e515995517"
4908,"49849","49849_Intercuenca_Alto_Huallaga","IDConfig_4908_completo.xlsx","49849_Intercuenca_Alto_Huallaga/_raw_reportes_xlsx/IDConfig_4908_completo.xlsx",40279,39.33,"7f27f7c40cdb1cecd0ac1f3934d37b7a"
4916,"49849","49849_Intercuenca_Alto_Huallaga","IDConfig_4916_completo.xlsx","49849_Intercuenca_Alto_Huallaga/_raw_reportes_xlsx/IDConfig_4916_completo.xlsx",76970,75.17,"7cd4010d1272f49cad7f79f4a7d2daa1"
4922,"49849","49849_Intercuenca_Alto_Huallaga","IDConfig_4922_completo.xlsx","49849_Intercuenca_Alto_Huallaga/_raw_reportes_xlsx/IDConfig_4922_completo.xlsx",8578,8.38,"0e175daddeca2ee0fafd17d63f3d0c75"
4923,"49849","49849_Intercuenca_Alto_Huallaga","IDConfig_4923_completo.xlsx","49849_Intercuenca_Alto_Huallaga/_raw_reportes_xlsx/IDConfig_4923_completo.xlsx",152766,149.19,"98b095f999056fa2ef20e4f3bbc5c548"
5216,"49849","49849_Intercuenca_Alto_Huallaga","IDConfig_5216_completo.xlsx","49849_Intercuenca_Alto_Huallaga/_raw_reportes_xlsx/IDConfig_5216_completo.xlsx",66255,64.7,"7211c4ebd91ab559b072d5cec0539f11"
7378,"49849","49849_Intercuenca_Alto_Huallaga","IDConfig_7378_completo.xlsx","49849_Intercuenca_Alto_Huallaga/_raw_reportes_xlsx/IDConfig_7378_completo.xlsx",15187,14.83,"c76b69d283b69e80624dcfe2581b036d"
7379,"49849","49849_Intercuenca_Alto_Huallaga","IDConfig_7379_completo.xlsx","49849_Intercuenca_Alto_Huallaga/_raw_reportes_xlsx/IDConfig_7379_completo.xlsx",165912,162.02,"ac9280fa81d58cbff0f33127254b6238"
7380,"49849","49849_Intercuenca_Alto_Huallaga","IDConfig_7380_completo.xlsx","49849_Intercuenca_Alto_Huallaga/_raw_reportes_xlsx/IDConfig_7380_completo.xlsx",20711,20.23,"f8ddbbff7933745e6241bcd36fc41817"
7382,"49849","49849_Intercuenca_Alto_Huallaga","IDConfig_7382_completo.xlsx","49849_Intercuenca_Alto_Huallaga/_raw_reportes_xlsx/IDConfig_7382_completo.xlsx",90529,88.41,"03fcb5836afd4a5b80046df3ef5d75bc"
7391,"49849","49849_Intercuenca_Alto_Huallaga","IDConfig_7391_completo.xlsx","49849_Intercuenca_Alto_Huallaga/_raw_reportes_xlsx/IDConfig_7391_completo.xlsx",157212,153.53,"64680c0612ec9dfb986f53f732ae19fc"
7392,"49849","49849_Intercuenca_Alto_Huallaga","IDConfig_7392_completo.xlsx","49849_Intercuenca_Alto_Huallaga/_raw_reportes_xlsx/IDConfig_7392_completo.xlsx",7696,7.52,"37452e7eb5371e997b3ee1c8f8ef4368"
7393,"49849","49849_Intercuenca_Alto_Huallaga","IDConfig_7393_completo.xlsx","49849_Intercuenca_Alto_Huallaga/_raw_reportes_xlsx/IDConfig_7393_completo.xlsx",11621,11.35,"b674b7bc326d0e501816bab456cd625a"
7394,"49849","49849_Intercuenca_Alto_Huallaga","IDConfig_7394_completo.xlsx","49849_Intercuenca_Alto_Huallaga/_raw_reportes_xlsx/IDConfig_7394_completo.xlsx",184373,180.05,"62196eca58c95da04b9effa8caa4a110"
7395,"49849","49849_Intercuenca_Alto_Huallaga","IDConfig_7395_completo.xlsx","49849_Intercuenca_Alto_Huallaga/_raw_reportes_xlsx/IDConfig_7395_completo.xlsx",155700,152.05,"c828d8ff4967ef8e18d20612f36d8d12"
7398,"49849","49849_Intercuenca_Alto_Huallaga","IDConfig_7398_completo.xlsx","49849_Intercuenca_Alto_Huallaga/_raw_reportes_xlsx/IDConfig_7398_completo.xlsx",14728,14.38,"74d4fb5e1e2ef9b1e40adc10ef499433"
7526,"49849","49849_Intercuenca_Alto_Huallaga","IDConfig_7526_completo.xlsx","49849_Intercuenca_Alto_Huallaga/_raw_reportes_xlsx/IDConfig_7526_completo.xlsx",32330,31.57,"930bfdebfac4acd0398a132ff61f8bd8"
7532,"49849","49849_Intercuenca_Alto_Huallaga","IDConfig_7532_completo.xlsx","49849_Intercuenca_Alto_Huallaga/_raw_reportes_xlsx/IDConfig_7532_completo.xlsx",33047,32.27,"e142a973b60f7a3eb87592c66440eb81"
8701,"49849","49849_Intercuenca_Alto_Huallaga","IDConfig_8701_completo.xlsx","49849_Intercuenca_Alto_Huallaga/_raw_reportes_xlsx/IDConfig_8701_completo.xlsx",23627,23.07,"7b2e3a98e80b5eee56663692a54f1703"
8702,"49849","49849_Intercuenca_Alto_Huallaga","IDConfig_8702_completo.xlsx","49849_Intercuenca_Alto_Huallaga/_raw_reportes_xlsx/IDConfig_8702_completo.xlsx",8766,8.56,"181ab66fcc3b6bcdc3fb0a767e2ae71e"
8781,"49849","49849_Intercuenca_Alto_Huallaga","IDConfig_8781_completo.xlsx","49849_Intercuenca_Alto_Huallaga/_raw_reportes_xlsx/IDConfig_8781_completo.xlsx",10002,9.77,"37ddf301df97f54dabd468e9feb1630d"
8782,"49849","49849_Intercuenca_Alto_Huallaga","IDConfig_8782_completo.xlsx","49849_Intercuenca_Alto_Huallaga/_raw_reportes_xlsx/IDConfig_8782_completo.xlsx",11581,11.31,"484eb6d47bd742769607d55821992556"
8783,"49849","49849_Intercuenca_Alto_Huallaga","IDConfig_8783_completo.xlsx","49849_Intercuenca_Alto_Huallaga/_raw_reportes_xlsx/IDConfig_8783_completo.xlsx",7923,7.74,"a761d49751e2aef586766d28ca2c3e69"
23164,"49849","49849_Intercuenca_Alto_Huallaga","IDConfig_23164_completo.xlsx","49849_Intercuenca_Alto_Huallaga/_raw_reportes_xlsx/IDConfig_23164_completo.xlsx",28699,28.03,"bc18b9cc7c8d13b7181df5e9855db18b"
23165,"49849","49849_Intercuenca_Alto_Huallaga","IDConfig_23165_completo.xlsx","49849_Intercuenca_Alto_Huallaga/_raw_reportes_xlsx/IDConfig_23165_completo.xlsx",10832,10.58,"9ea384dc8846a9b7005a5f60e9bad6bf"
51807,"49849","49849_Intercuenca_Alto_Huallaga","IDConfig_51807_completo.xlsx","49849_Intercuenca_Alto_Huallaga/_raw_reportes_xlsx/IDConfig_51807_completo.xlsx",46528,45.44,"b0b88e0fad4255431899f0ad8d98f62a"
52104,"49849","49849_Intercuenca_Alto_Huallaga","IDConfig_52104_completo.xlsx","49849_Intercuenca_Alto_Huallaga/_raw_reportes_xlsx/IDConfig_52104_completo.xlsx",70146,68.5,"4f3820dca03fbd92aa2d558b05298e06"
52302,"49849","49849_Intercuenca_Alto_Huallaga","IDConfig_52302_completo.xlsx","49849_Intercuenca_Alto_Huallaga/_raw_reportes_xlsx/IDConfig_52302_completo.xlsx",75860,74.08,"ff443143756a7e9d05d8616c0ff7b506"
52396,"49849","49849_Intercuenca_Alto_Huallaga","IDConfig_52396_completo.xlsx","49849_Intercuenca_Alto_Huallaga/_raw_reportes_xlsx/IDConfig_52396_completo.xlsx",134661,131.5,"837d4538f90058c859d7ec3cceb45949"
54899,"49849","49849_Intercuenca_Alto_Huallaga","IDConfig_54899_completo.xlsx","49849_Intercuenca_Alto_Huallaga/_raw_reportes_xlsx/IDConfig_54899_completo.xlsx",7313,7.14,"ed7dfc5d1fb59ebae8dd782648bd98aa"
62336,"49849","49849_Intercuenca_Alto_Huallaga","IDConfig_62336_completo.xlsx","49849_Intercuenca_Alto_Huallaga/_raw_reportes_xlsx/IDConfig_62336_completo.xlsx",125348,122.41,"400ae9a7578753e51e3662fee0f4a79b"
62941,"49849","49849_Intercuenca_Alto_Huallaga","IDConfig_62941_completo.xlsx","49849_Intercuenca_Alto_Huallaga/_raw_reportes_xlsx/IDConfig_62941_completo.xlsx",164306,160.46,"80e358501701b74c8680d311218c6e26"
62992,"49849","49849_Intercuenca_Alto_Huallaga","IDConfig_62992_completo.xlsx","49849_Intercuenca_Alto_Huallaga/_raw_reportes_xlsx/IDConfig_62992_completo.xlsx",21970,21.46,"871a12c52a3aaafd2b3a9e92b27eed6d"
63300,"49849","49849_Intercuenca_Alto_Huallaga","IDConfig_63300_completo.xlsx","49849_Intercuenca_Alto_Huallaga/_raw_reportes_xlsx/IDConfig_63300_completo.xlsx",10084,9.85,"f58eef835098e5cbdb585bda00ea2e05"
63307,"49849","49849_Intercuenca_Alto_Huallaga","IDConfig_63307_completo.xlsx","49849_Intercuenca_Alto_Huallaga/_raw_reportes_xlsx/IDConfig_63307_completo.xlsx",11768,11.49,"ffc5b68a6b1df7a3f893145d0726773b"
63315,"49849","49849_Intercuenca_Alto_Huallaga","IDConfig_63315_completo.xlsx","49849_Intercuenca_Alto_Huallaga/_raw_reportes_xlsx/IDConfig_63315_completo.xlsx",12394,12.1,"8690fd8d384bda6b27414f0e745ad22e"
63322,"49849","49849_Intercuenca_Alto_Huallaga","IDConfig_63322_completo.xlsx","49849_Intercuenca_Alto_Huallaga/_raw_reportes_xlsx/IDConfig_63322_completo.xlsx",11778,11.5,"716d4d0279420f233ad1176699cf51cb"
63330,"49849","49849_Intercuenca_Alto_Huallaga","IDConfig_63330_completo.xlsx","49849_Intercuenca_Alto_Huallaga/_raw_reportes_xlsx/IDConfig_63330_completo.xlsx",9009,8.8,"0164cec02c3a23ebdd6fbd661f7250e6"
63334,"49849","49849_Intercuenca_Alto_Huallaga","IDConfig_63334_completo.xlsx","49849_Intercuenca_Alto_Huallaga/_raw_reportes_xlsx/IDConfig_63334_completo.xlsx",9890,9.66,"c53d2b8a0187701172f66043faeda8ab"
63341,"49849","49849_Intercuenca_Alto_Huallaga","IDConfig_63341_completo.xlsx","49849_Intercuenca_Alto_Huallaga/_raw_reportes_xlsx/IDConfig_63341_completo.xlsx",8495,8.3,"98319178c6bca1a6c2241f3c055307ae"
63600,"49849","49849_Intercuenca_Alto_Huallaga","IDConfig_63600_completo.xlsx","49849_Intercuenca_Alto_Huallaga/_raw_reportes_xlsx/IDConfig_63600_completo.xlsx",16303,15.92,"509479fc1f4bf698bbf29115e57ef621"
63601,"49849","49849_Intercuenca_Alto_Huallaga","IDConfig_63601_completo.xlsx","49849_Intercuenca_Alto_Huallaga/_raw_reportes_xlsx/IDConfig_63601_completo.xlsx",88139,86.07,"f060fc0459265558d9f5925fffc86847"
63605,"49849","49849_Intercuenca_Alto_Huallaga","IDConfig_63605_completo.xlsx","49849_Intercuenca_Alto_Huallaga/_raw_reportes_xlsx/IDConfig_63605_completo.xlsx",14156,13.82,"ac33d02183565970ceac7e366c22686c"
63606,"49849","49849_Intercuenca_Alto_Huallaga","IDConfig_63606_completo.xlsx","49849_Intercuenca_Alto_Huallaga/_raw_reportes_xlsx/IDConfig_63606_completo.xlsx",14783,14.44,"56d83c2431b8490b5e48b33c235e458c"
63607,"49849","49849_Intercuenca_Alto_Huallaga","IDConfig_63607_completo.xlsx","49849_Intercuenca_Alto_Huallaga/_raw_reportes_xlsx/IDConfig_63607_completo.xlsx",10824,10.57,"6bc88acf9ebe2dc3f19fa494ec233cad"
63608,"49849","49849_Intercuenca_Alto_Huallaga","IDConfig_63608_completo.xlsx","49849_Intercuenca_Alto_Huallaga/_raw_reportes_xlsx/IDConfig_63608_completo.xlsx",12993,12.69,"9aa0bc229fe6f73f3a2192027d4d2bec"
64804,"49849","49849_Intercuenca_Alto_Huallaga","IDConfig_64804_completo.xlsx","49849_Intercuenca_Alto_Huallaga/_raw_reportes_xlsx/IDConfig_64804_completo.xlsx",3412,3.33,"79068d2366936236408fe1b22e04a0fd"
64923,"49849","49849_Intercuenca_Alto_Huallaga","IDConfig_64923_completo.xlsx","49849_Intercuenca_Alto_Huallaga/_raw_reportes_xlsx/IDConfig_64923_completo.xlsx",13427,13.11,"c73cc4d1186e4eb01a7dfcf1e9e86c4a"
64952,"49849","49849_Intercuenca_Alto_Huallaga","IDConfig_64952_completo.xlsx","49849_Intercuenca_Alto_Huallaga/_raw_reportes_xlsx/IDConfig_64952_completo.xlsx",14858,14.51,"16f33e14c0908df5328b1041ef5c9c02"
64956,"49849","49849_Intercuenca_Alto_Huallaga","IDConfig_64956_completo.xlsx","49849_Intercuenca_Alto_Huallaga/_raw_reportes_xlsx/IDConfig_64956_completo.xlsx",12264,11.98,"57d10587477ee70060ad954dd3397022"
64963,"49849","49849_Intercuenca_Alto_Huallaga","IDConfig_64963_completo.xlsx","49849_Intercuenca_Alto_Huallaga/_raw_reportes_xlsx/IDConfig_64963_completo.xlsx",15731,15.36,"47ea65b3a3feaf3ae7a458e2a16f8147"
64976,"49849","49849_Intercuenca_Alto_Huallaga","IDConfig_64976_completo.xlsx","49849_Intercuenca_Alto_Huallaga/_raw_reportes_xlsx/IDConfig_64976_completo.xlsx",14210,13.88,"3c23fdb680a40ada0e9f9f63937026e4"
64977,"49849","49849_Intercuenca_Alto_Huallaga","IDConfig_64977_completo.xlsx","49849_Intercuenca_Alto_Huallaga/_raw_reportes_xlsx/IDConfig_64977_completo.xlsx",15085,14.73,"39cd6be70bb3d32cf8bd753de89fbaf7"
64995,"49849","49849_Intercuenca_Alto_Huallaga","IDConfig_64995_completo.xlsx","49849_Intercuenca_Alto_Huallaga/_raw_reportes_xlsx/IDConfig_64995_completo.xlsx",14459,14.12,"474aafa1641b94ace2bbdb4c7a72df1d"
65017,"49849","49849_Intercuenca_Alto_Huallaga","IDConfig_65017_completo.xlsx","49849_Intercuenca_Alto_Huallaga/_raw_reportes_xlsx/IDConfig_65017_completo.xlsx",110121,107.54,"ffd77058b558a970537510100aa82f7f"
65046,"49849","49849_Intercuenca_Alto_Huallaga","IDConfig_65046_completo.xlsx","49849_Intercuenca_Alto_Huallaga/_raw_reportes_xlsx/IDConfig_65046_completo.xlsx",206327,201.49,"a8f5cb0b2be0952ec0d91f0f73d7b05e"
65050,"49849","49849_Intercuenca_Alto_Huallaga","IDConfig_65050_completo.xlsx","49849_Intercuenca_Alto_Huallaga/_raw_reportes_xlsx/IDConfig_65050_completo.xlsx",29641,28.95,"6770e753787d00d888c0730ab95ea7f9"
65057,"49849","49849_Intercuenca_Alto_Huallaga","IDConfig_65057_completo.xlsx","49849_Intercuenca_Alto_Huallaga/_raw_reportes_xlsx/IDConfig_65057_completo.xlsx",236507,230.96,"c4bd80ade6df2d33e232f60cee384916"
65070,"49849","49849_Intercuenca_Alto_Huallaga","IDConfig_65070_completo.xlsx","49849_Intercuenca_Alto_Huallaga/_raw_reportes_xlsx/IDConfig_65070_completo.xlsx",167520,163.59,"fad838f7a08022f352229851ee5c7aaa"
65071,"49849","49849_Intercuenca_Alto_Huallaga","IDConfig_65071_completo.xlsx","49849_Intercuenca_Alto_Huallaga/_raw_reportes_xlsx/IDConfig_65071_completo.xlsx",217574,212.47,"d213ee1817dc71a2dc98eeddacf3e4c7"
65089,"49849","49849_Intercuenca_Alto_Huallaga","IDConfig_65089_completo.xlsx","49849_Intercuenca_Alto_Huallaga/_raw_reportes_xlsx/IDConfig_65089_completo.xlsx",131362,128.28,"3835d118dde95c3f6bce7c26918287bb"
65107,"49849","49849_Intercuenca_Alto_Huallaga","IDConfig_65107_completo.xlsx","49849_Intercuenca_Alto_Huallaga/_raw_reportes_xlsx/IDConfig_65107_completo.xlsx",143514,140.15,"5ea9cbc08f85278e51946e7d57b771c7"
65178,"49849","49849_Intercuenca_Alto_Huallaga","IDConfig_65178_completo.xlsx","49849_Intercuenca_Alto_Huallaga/_raw_reportes_xlsx/IDConfig_65178_completo.xlsx",146664,143.23,"099bfa46a632de615ff7cbea4d667a18"
65179,"49849","49849_Intercuenca_Alto_Huallaga","IDConfig_65179_completo.xlsx","49849_Intercuenca_Alto_Huallaga/_raw_reportes_xlsx/IDConfig_65179_completo.xlsx",140457,137.17,"e03be952c9d8082f9bef4c28b30618b2"
65180,"49849","49849_Intercuenca_Alto_Huallaga","IDConfig_65180_completo.xlsx","49849_Intercuenca_Alto_Huallaga/_raw_reportes_xlsx/IDConfig_65180_completo.xlsx",171737,167.71,"676a6c543e807b961e367fac7fddb08a"
65181,"49849","49849_Intercuenca_Alto_Huallaga","IDConfig_65181_completo.xlsx","49849_Intercuenca_Alto_Huallaga/_raw_reportes_xlsx/IDConfig_65181_completo.xlsx",186485,182.11,"d7ce45e7921861238299e69e02f1f164"
65193,"49849","49849_Intercuenca_Alto_Huallaga","IDConfig_65193_completo.xlsx","49849_Intercuenca_Alto_Huallaga/_raw_reportes_xlsx/IDConfig_65193_completo.xlsx",27642,26.99,"d9c3e431895018d68a1603e8dbd413b0"
65203,"49849","49849_Intercuenca_Alto_Huallaga","IDConfig_65203_completo.xlsx","49849_Intercuenca_Alto_Huallaga/_raw_reportes_xlsx/IDConfig_65203_completo.xlsx",26312,25.7,"b6e5172def92460483e6ed741a5ec045"
65219,"49849","49849_Intercuenca_Alto_Huallaga","IDConfig_65219_completo.xlsx","49849_Intercuenca_Alto_Huallaga/_raw_reportes_xlsx/IDConfig_65219_completo.xlsx",26591,25.97,"8c8078ae9116363ec9dcd50d85eec29c"
65237,"49849","49849_Intercuenca_Alto_Huallaga","IDConfig_65237_completo.xlsx","49849_Intercuenca_Alto_Huallaga/_raw_reportes_xlsx/IDConfig_65237_completo.xlsx",180084,175.86,"542a48ce79fc52c4f050583ee5af38d8"
65265,"49849","49849_Intercuenca_Alto_Huallaga","IDConfig_65265_completo.xlsx","49849_Intercuenca_Alto_Huallaga/_raw_reportes_xlsx/IDConfig_65265_completo.xlsx",11637,11.36,"5cca3f364e2c625aa61a8047dc1088c3"
65316,"49849","49849_Intercuenca_Alto_Huallaga","IDConfig_65316_completo.xlsx","49849_Intercuenca_Alto_Huallaga/_raw_reportes_xlsx/IDConfig_65316_completo.xlsx",11658,11.38,"00a1bf15694174706f04311cbfbaca80"
65317,"49849","49849_Intercuenca_Alto_Huallaga","IDConfig_65317_completo.xlsx","49849_Intercuenca_Alto_Huallaga/_raw_reportes_xlsx/IDConfig_65317_completo.xlsx",11355,11.09,"ea9e8edc0d4c14bc7242ea80f6bbf13c"
65318,"49849","49849_Intercuenca_Alto_Huallaga","IDConfig_65318_completo.xlsx","49849_Intercuenca_Alto_Huallaga/_raw_reportes_xlsx/IDConfig_65318_completo.xlsx",11697,11.42,"23c35249520cdef0f248f57bd16f9e41"
65319,"49849","49849_Intercuenca_Alto_Huallaga","IDConfig_65319_completo.xlsx","49849_Intercuenca_Alto_Huallaga/_raw_reportes_xlsx/IDConfig_65319_completo.xlsx",12517,12.22,"d634037c0f6dbc940f8b20dea519a3a5"
65331,"49849","49849_Intercuenca_Alto_Huallaga","IDConfig_65331_completo.xlsx","49849_Intercuenca_Alto_Huallaga/_raw_reportes_xlsx/IDConfig_65331_completo.xlsx",10242,10,"d615352ad49f2516dfa4f03d552c9e8b"
65341,"49849","49849_Intercuenca_Alto_Huallaga","IDConfig_65341_completo.xlsx","49849_Intercuenca_Alto_Huallaga/_raw_reportes_xlsx/IDConfig_65341_completo.xlsx",9670,9.44,"097d4066cd6f51a6cf4885ab643d22b0"
65357,"49849","49849_Intercuenca_Alto_Huallaga","IDConfig_65357_completo.xlsx","49849_Intercuenca_Alto_Huallaga/_raw_reportes_xlsx/IDConfig_65357_completo.xlsx",9945,9.71,"516794896c9712ef064f3871a024911e"
65375,"49849","49849_Intercuenca_Alto_Huallaga","IDConfig_65375_completo.xlsx","49849_Intercuenca_Alto_Huallaga/_raw_reportes_xlsx/IDConfig_65375_completo.xlsx",11941,11.66,"be9aa189638149a8bde130066a505304"
67582,"49849","49849_Intercuenca_Alto_Huallaga","IDConfig_67582_completo.xlsx","49849_Intercuenca_Alto_Huallaga/_raw_reportes_xlsx/IDConfig_67582_completo.xlsx",12043,11.76,"81be1a263f5e70bc5adcee8151519744"
67611,"49849","49849_Intercuenca_Alto_Huallaga","IDConfig_67611_completo.xlsx","49849_Intercuenca_Alto_Huallaga/_raw_reportes_xlsx/IDConfig_67611_completo.xlsx",13597,13.28,"2a57943c0442cb46cc1e10652870bfeb"
67615,"49849","49849_Intercuenca_Alto_Huallaga","IDConfig_67615_completo.xlsx","49849_Intercuenca_Alto_Huallaga/_raw_reportes_xlsx/IDConfig_67615_completo.xlsx",10529,10.28,"fe2526e9bb056d7f1c7c6fa1ba8119ec"
67622,"49849","49849_Intercuenca_Alto_Huallaga","IDConfig_67622_completo.xlsx","49849_Intercuenca_Alto_Huallaga/_raw_reportes_xlsx/IDConfig_67622_completo.xlsx",15008,14.66,"074179beea06f2880a0ba6b83b015280"
67635,"49849","49849_Intercuenca_Alto_Huallaga","IDConfig_67635_completo.xlsx","49849_Intercuenca_Alto_Huallaga/_raw_reportes_xlsx/IDConfig_67635_completo.xlsx",13072,12.77,"570724ad5d9b281393aeb7905592ada2"
67636,"49849","49849_Intercuenca_Alto_Huallaga","IDConfig_67636_completo.xlsx","49849_Intercuenca_Alto_Huallaga/_raw_reportes_xlsx/IDConfig_67636_completo.xlsx",14116,13.79,"09b7bcd4e1551bcefa01b4f4524ded27"
67654,"49849","49849_Intercuenca_Alto_Huallaga","IDConfig_67654_completo.xlsx","49849_Intercuenca_Alto_Huallaga/_raw_reportes_xlsx/IDConfig_67654_completo.xlsx",12554,12.26,"70d90789eb1b5f7757f8a43b76edac79"
67683,"49849","49849_Intercuenca_Alto_Huallaga","IDConfig_67683_completo.xlsx","49849_Intercuenca_Alto_Huallaga/_raw_reportes_xlsx/IDConfig_67683_completo.xlsx",11551,11.28,"35b5083a895cd653981eeacd312fad20"
67712,"49849","49849_Intercuenca_Alto_Huallaga","IDConfig_67712_completo.xlsx","49849_Intercuenca_Alto_Huallaga/_raw_reportes_xlsx/IDConfig_67712_completo.xlsx",12874,12.57,"a22a404222a2ef7ae382c7d375517757"
67716,"49849","49849_Intercuenca_Alto_Huallaga","IDConfig_67716_completo.xlsx","49849_Intercuenca_Alto_Huallaga/_raw_reportes_xlsx/IDConfig_67716_completo.xlsx",10393,10.15,"3b2704b03fcf1703a9f38103dad8717a"
67723,"49849","49849_Intercuenca_Alto_Huallaga","IDConfig_67723_completo.xlsx","49849_Intercuenca_Alto_Huallaga/_raw_reportes_xlsx/IDConfig_67723_completo.xlsx",14757,14.41,"b1dacf6da5df68943ac1730c9adbada4"
67736,"49849","49849_Intercuenca_Alto_Huallaga","IDConfig_67736_completo.xlsx","49849_Intercuenca_Alto_Huallaga/_raw_reportes_xlsx/IDConfig_67736_completo.xlsx",12819,12.52,"cfb38e76a55231317a13542a651fa960"
67737,"49849","49849_Intercuenca_Alto_Huallaga","IDConfig_67737_completo.xlsx","49849_Intercuenca_Alto_Huallaga/_raw_reportes_xlsx/IDConfig_67737_completo.xlsx",13584,13.27,"72c4355981cc894b8b98284a366e5f71"
67755,"49849","49849_Intercuenca_Alto_Huallaga","IDConfig_67755_completo.xlsx","49849_Intercuenca_Alto_Huallaga/_raw_reportes_xlsx/IDConfig_67755_completo.xlsx",12156,11.87,"f90bb16cd554be041b12ac2ee76c3614"
5853,"4986","4986_Cuenca_Pastaza","IDConfig_5853_completo.xlsx","4986_Cuenca_Pastaza/_raw_reportes_xlsx/IDConfig_5853_completo.xlsx",26377,25.76,"091d84860050e17bde91150af9431bf2"
52379,"49871","49871_Intercuenca_49871","IDConfig_52379_completo.xlsx","49871_Intercuenca_49871/_raw_reportes_xlsx/IDConfig_52379_completo.xlsx",10672,10.42,"52c4f9ccff5cff14cadde86dd2c59b61"
4330,"49873","49873_Intercuenca_49873","IDConfig_4330_completo.xlsx","49873_Intercuenca_49873/_raw_reportes_xlsx/IDConfig_4330_completo.xlsx",64487,62.98,"2b6109c5ce0110923431a927d0b1e5a6"
4321,"49876","49876_Cuenca_Morona","IDConfig_4321_completo.xlsx","49876_Cuenca_Morona/_raw_reportes_xlsx/IDConfig_4321_completo.xlsx",52898,51.66,"7024e4915688baabf67cb3688de9c513"
45,"49877","49877_Intercuenca_49877","IDConfig_45_completo.xlsx","49877_Intercuenca_49877/_raw_reportes_xlsx/IDConfig_45_completo.xlsx",33093,32.32,"328b6b685ef0a1c36770b522a653e160"
1215,"49877","49877_Intercuenca_49877","IDConfig_1215_completo.xlsx","49877_Intercuenca_49877/_raw_reportes_xlsx/IDConfig_1215_completo.xlsx",19751,19.29,"1fa4bc8e2b4918680633307da81d951d"
2107,"49877","49877_Intercuenca_49877","IDConfig_2107_completo.xlsx","49877_Intercuenca_49877/_raw_reportes_xlsx/IDConfig_2107_completo.xlsx",67166,65.59,"2f38ba4dad1dbecad3d4b3824ca4a598"
3300,"49877","49877_Intercuenca_49877","IDConfig_3300_completo.xlsx","49877_Intercuenca_49877/_raw_reportes_xlsx/IDConfig_3300_completo.xlsx",36945,36.08,"ffc6232749306b401e23e60bfecbb8b8"
4337,"49877","49877_Intercuenca_49877","IDConfig_4337_completo.xlsx","49877_Intercuenca_49877/_raw_reportes_xlsx/IDConfig_4337_completo.xlsx",57377,56.03,"109908a31c0285551f8e314ce4904b89"
7279,"49877","49877_Intercuenca_49877","IDConfig_7279_completo.xlsx","49877_Intercuenca_49877/_raw_reportes_xlsx/IDConfig_7279_completo.xlsx",190938,186.46,"28293c023af704737e001458dc9cde46"
63282,"49877","49877_Intercuenca_49877","IDConfig_63282_completo.xlsx","49877_Intercuenca_49877/_raw_reportes_xlsx/IDConfig_63282_completo.xlsx",113086,110.44,"7c206377aeac17dc6e2b36bc0b893a6a"
65125,"49877","49877_Intercuenca_49877","IDConfig_65125_completo.xlsx","49877_Intercuenca_49877/_raw_reportes_xlsx/IDConfig_65125_completo.xlsx",32219,31.46,"19c05b9730bd21d985d52af5c22a64de"
65283,"49877","49877_Intercuenca_49877","IDConfig_65283_completo.xlsx","49877_Intercuenca_49877/_raw_reportes_xlsx/IDConfig_65283_completo.xlsx",11486,11.22,"a63998a3145051b9f4a6f6e1ba9a8e65"
2413,"49879","49879_Intercuenca_49879","IDConfig_2413_completo.xlsx","49879_Intercuenca_49879/_raw_reportes_xlsx/IDConfig_2413_completo.xlsx",42657,41.66,"5a97ae6d563a81d63809e91bbfbf4ae3"
6077,"4988","4988_Cuenca_Cenepa","IDConfig_6077_completo.xlsx","4988_Cuenca_Cenepa/_raw_reportes_xlsx/IDConfig_6077_completo.xlsx",15009,14.66,"06eb33039f3edb3c80b53c84484726b7"
6092,"4988","4988_Cuenca_Cenepa","IDConfig_6092_completo.xlsx","4988_Cuenca_Cenepa/_raw_reportes_xlsx/IDConfig_6092_completo.xlsx",15223,14.87,"b49fc30f9a141ea85aeacd16c4ea35b8"
4,"49891","49891_Intercuenca_Alto_Maranon_I","IDConfig_4_completo.xlsx","49891_Intercuenca_Alto_Maranon_I/_raw_reportes_xlsx/IDConfig_4_completo.xlsx",49194,48.04,"8511bcf5356b3709e6a7cf57ed03cc48"
1384,"49891","49891_Intercuenca_Alto_Maranon_I","IDConfig_1384_completo.xlsx","49891_Intercuenca_Alto_Maranon_I/_raw_reportes_xlsx/IDConfig_1384_completo.xlsx",36202,35.35,"5e83c6d3842a8d9e00b88fdee09ef064"
2077,"49891","49891_Intercuenca_Alto_Maranon_I","IDConfig_2077_completo.xlsx","49891_Intercuenca_Alto_Maranon_I/_raw_reportes_xlsx/IDConfig_2077_completo.xlsx",16505,16.12,"98df89beeac4fcc64b2c6a5b368147cb"
2108,"49891","49891_Intercuenca_Alto_Maranon_I","IDConfig_2108_completo.xlsx","49891_Intercuenca_Alto_Maranon_I/_raw_reportes_xlsx/IDConfig_2108_completo.xlsx",7051,6.89,"7989a4856f8ab3b6e03506262d716c7b"
2534,"49891","49891_Intercuenca_Alto_Maranon_I","IDConfig_2534_completo.xlsx","49891_Intercuenca_Alto_Maranon_I/_raw_reportes_xlsx/IDConfig_2534_completo.xlsx",24618,24.04,"d59273afe6c0a2475c0e18b39d6fd8e2"
3904,"49891","49891_Intercuenca_Alto_Maranon_I","IDConfig_3904_completo.xlsx","49891_Intercuenca_Alto_Maranon_I/_raw_reportes_xlsx/IDConfig_3904_completo.xlsx",18046,17.62,"2860279a3e965ab2ff2d4384611f27c9"
6107,"49891","49891_Intercuenca_Alto_Maranon_I","IDConfig_6107_completo.xlsx","49891_Intercuenca_Alto_Maranon_I/_raw_reportes_xlsx/IDConfig_6107_completo.xlsx",7890,7.71,"f609fa7c0793137be7e13529fcf69b13"
6120,"49891","49891_Intercuenca_Alto_Maranon_I","IDConfig_6120_completo.xlsx","49891_Intercuenca_Alto_Maranon_I/_raw_reportes_xlsx/IDConfig_6120_completo.xlsx",43050,42.04,"f89675665c23e53dee56ccaa5a53ba0b"
6135,"49891","49891_Intercuenca_Alto_Maranon_I","IDConfig_6135_completo.xlsx","49891_Intercuenca_Alto_Maranon_I/_raw_reportes_xlsx/IDConfig_6135_completo.xlsx",29587,28.89,"bf459246d19f211363d4c51a1cb8af86"
6139,"49891","49891_Intercuenca_Alto_Maranon_I","IDConfig_6139_completo.xlsx","49891_Intercuenca_Alto_Maranon_I/_raw_reportes_xlsx/IDConfig_6139_completo.xlsx",31429,30.69,"162eece8c084c87af56f51e04e672022"
6152,"49891","49891_Intercuenca_Alto_Maranon_I","IDConfig_6152_completo.xlsx","49891_Intercuenca_Alto_Maranon_I/_raw_reportes_xlsx/IDConfig_6152_completo.xlsx",7827,7.64,"bfb14a8eb702bdf8dddaf22c675901fb"
7235,"49891","49891_Intercuenca_Alto_Maranon_I","IDConfig_7235_completo.xlsx","49891_Intercuenca_Alto_Maranon_I/_raw_reportes_xlsx/IDConfig_7235_completo.xlsx",28729,28.06,"11b335e0b106a3daa959376a2ab4a549"
7623,"49891","49891_Intercuenca_Alto_Maranon_I","IDConfig_7623_completo.xlsx","49891_Intercuenca_Alto_Maranon_I/_raw_reportes_xlsx/IDConfig_7623_completo.xlsx",9292,9.07,"8a66dd3115fdd7260b57a3a7d8dfe76c"
7624,"49891","49891_Intercuenca_Alto_Maranon_I","IDConfig_7624_completo.xlsx","49891_Intercuenca_Alto_Maranon_I/_raw_reportes_xlsx/IDConfig_7624_completo.xlsx",20581,20.1,"6a193b77cb8f5ab088dd0c86a78ea346"
8801,"49891","49891_Intercuenca_Alto_Maranon_I","IDConfig_8801_completo.xlsx","49891_Intercuenca_Alto_Maranon_I/_raw_reportes_xlsx/IDConfig_8801_completo.xlsx",7585,7.41,"098332a7f88d19262230e03f78c3b060"
8802,"49891","49891_Intercuenca_Alto_Maranon_I","IDConfig_8802_completo.xlsx","49891_Intercuenca_Alto_Maranon_I/_raw_reportes_xlsx/IDConfig_8802_completo.xlsx",8073,7.88,"61f586b6e8a3fe7b7fd28dc2088c1839"
61039,"49891","49891_Intercuenca_Alto_Maranon_I","IDConfig_61039_completo.xlsx","49891_Intercuenca_Alto_Maranon_I/_raw_reportes_xlsx/IDConfig_61039_completo.xlsx",3263,3.19,"2a534b5c01f257f4ce99b356779c44fb"
65234,"49891","49891_Intercuenca_Alto_Maranon_I","IDConfig_65234_completo.xlsx","49891_Intercuenca_Alto_Maranon_I/_raw_reportes_xlsx/IDConfig_65234_completo.xlsx",47019,45.92,"d8043e3f31997b036a13cbc6acf407ef"
65372,"49891","49891_Intercuenca_Alto_Maranon_I","IDConfig_65372_completo.xlsx","49891_Intercuenca_Alto_Maranon_I/_raw_reportes_xlsx/IDConfig_65372_completo.xlsx",9561,9.34,"cfefe3fa421042b8a764778a8876e5c9"
239,"49892","49892_Cuenca_Chinchipe","IDConfig_239_completo.xlsx","49892_Cuenca_Chinchipe/_raw_reportes_xlsx/IDConfig_239_completo.xlsx",12301,12.01,"5d5c933c32383eb425f7e44e5cc9c564"
372,"49892","49892_Cuenca_Chinchipe","IDConfig_372_completo.xlsx","49892_Cuenca_Chinchipe/_raw_reportes_xlsx/IDConfig_372_completo.xlsx",12670,12.37,"1191be61bea855b7f9e4a83719aaf87f"
533,"49892","49892_Cuenca_Chinchipe","IDConfig_533_completo.xlsx","49892_Cuenca_Chinchipe/_raw_reportes_xlsx/IDConfig_533_completo.xlsx",16908,16.51,"284af8f2d7e4ad66d38aa15fd6b95aa9"
957,"49892","49892_Cuenca_Chinchipe","IDConfig_957_completo.xlsx","49892_Cuenca_Chinchipe/_raw_reportes_xlsx/IDConfig_957_completo.xlsx",13318,13.01,"c1319600e2e7d8898aa2cb8ab7969a44"
1265,"49892","49892_Cuenca_Chinchipe","IDConfig_1265_completo.xlsx","49892_Cuenca_Chinchipe/_raw_reportes_xlsx/IDConfig_1265_completo.xlsx",67663,66.08,"696b4664f7e23678a8d64932bef323ab"
1501,"49892","49892_Cuenca_Chinchipe","IDConfig_1501_completo.xlsx","49892_Cuenca_Chinchipe/_raw_reportes_xlsx/IDConfig_1501_completo.xlsx",45106,44.05,"c258041fc8b41e86002836f24c6ea14d"
1851,"49892","49892_Cuenca_Chinchipe","IDConfig_1851_completo.xlsx","49892_Cuenca_Chinchipe/_raw_reportes_xlsx/IDConfig_1851_completo.xlsx",7191,7.02,"7c957d03d2e0b04dd13a579174df179f"
1977,"49892","49892_Cuenca_Chinchipe","IDConfig_1977_completo.xlsx","49892_Cuenca_Chinchipe/_raw_reportes_xlsx/IDConfig_1977_completo.xlsx",13094,12.79,"ad7db707361884063bea5e9f5b86430f"
3166,"49892","49892_Cuenca_Chinchipe","IDConfig_3166_completo.xlsx","49892_Cuenca_Chinchipe/_raw_reportes_xlsx/IDConfig_3166_completo.xlsx",13844,13.52,"9f9dddacbcac80bdd2192e6fa771d9e1"
3855,"49892","49892_Cuenca_Chinchipe","IDConfig_3855_completo.xlsx","49892_Cuenca_Chinchipe/_raw_reportes_xlsx/IDConfig_3855_completo.xlsx",6739,6.58,"729465cfca2d35040d2a9bcd693b7a1b"
4381,"49892","49892_Cuenca_Chinchipe","IDConfig_4381_completo.xlsx","49892_Cuenca_Chinchipe/_raw_reportes_xlsx/IDConfig_4381_completo.xlsx",14915,14.57,"f9016b7394a7923ed68ab96f59a3dcf4"
6172,"49892","49892_Cuenca_Chinchipe","IDConfig_6172_completo.xlsx","49892_Cuenca_Chinchipe/_raw_reportes_xlsx/IDConfig_6172_completo.xlsx",160309,156.55,"200fed7c30c6e43ffa8e4bace5f67edb"
7277,"49892","49892_Cuenca_Chinchipe","IDConfig_7277_completo.xlsx","49892_Cuenca_Chinchipe/_raw_reportes_xlsx/IDConfig_7277_completo.xlsx",105389,102.92,"9eef23e31dfe2c5d85b4519ce1491009"
7278,"49892","49892_Cuenca_Chinchipe","IDConfig_7278_completo.xlsx","49892_Cuenca_Chinchipe/_raw_reportes_xlsx/IDConfig_7278_completo.xlsx",22545,22.02,"f5610d41e3cbe3aa6977a6665d9d2a4b"
7314,"49892","49892_Cuenca_Chinchipe","IDConfig_7314_completo.xlsx","49892_Cuenca_Chinchipe/_raw_reportes_xlsx/IDConfig_7314_completo.xlsx",118045,115.28,"d65ea367f75a51cd76d05885bf9b5cb2"
7330,"49892","49892_Cuenca_Chinchipe","IDConfig_7330_completo.xlsx","49892_Cuenca_Chinchipe/_raw_reportes_xlsx/IDConfig_7330_completo.xlsx",54272,53,"9f3fa9fd6f4b737e548eed176a19130a"
7625,"49892","49892_Cuenca_Chinchipe","IDConfig_7625_completo.xlsx","49892_Cuenca_Chinchipe/_raw_reportes_xlsx/IDConfig_7625_completo.xlsx",8519,8.32,"5dbcf619d99f3afb81acfd44b26b5b74"
7626,"49892","49892_Cuenca_Chinchipe","IDConfig_7626_completo.xlsx","49892_Cuenca_Chinchipe/_raw_reportes_xlsx/IDConfig_7626_completo.xlsx",8585,8.38,"eaa4fc958ed8d2cfa891a34e6c9185a9"
61075,"49892","49892_Cuenca_Chinchipe","IDConfig_61075_completo.xlsx","49892_Cuenca_Chinchipe/_raw_reportes_xlsx/IDConfig_61075_completo.xlsx",4485,4.38,"352cf164582a45c4c627cd27b6fced6f"
61076,"49892","49892_Cuenca_Chinchipe","IDConfig_61076_completo.xlsx","49892_Cuenca_Chinchipe/_raw_reportes_xlsx/IDConfig_61076_completo.xlsx",4475,4.37,"5d927b7b5da3afa2b47bae5661598c2b"
63586,"49892","49892_Cuenca_Chinchipe","IDConfig_63586_completo.xlsx","49892_Cuenca_Chinchipe/_raw_reportes_xlsx/IDConfig_63586_completo.xlsx",12120,11.84,"9231cf4aa9625f9645e10b0af75b4d0f"
63587,"49892","49892_Cuenca_Chinchipe","IDConfig_63587_completo.xlsx","49892_Cuenca_Chinchipe/_raw_reportes_xlsx/IDConfig_63587_completo.xlsx",12012,11.73,"362c0f624ceb59783f8406298e9bc6f4"
63632,"49892","49892_Cuenca_Chinchipe","IDConfig_63632_completo.xlsx","49892_Cuenca_Chinchipe/_raw_reportes_xlsx/IDConfig_63632_completo.xlsx",40654,39.7,"db79793227b1e92c47c9a5399e8177c7"
65175,"49892","49892_Cuenca_Chinchipe","IDConfig_65175_completo.xlsx","49892_Cuenca_Chinchipe/_raw_reportes_xlsx/IDConfig_65175_completo.xlsx",65902,64.36,"1cb69340eb83445cdcf77f0c02b685d8"
65313,"49892","49892_Cuenca_Chinchipe","IDConfig_65313_completo.xlsx","49892_Cuenca_Chinchipe/_raw_reportes_xlsx/IDConfig_65313_completo.xlsx",9009,8.8,"1f5c257a87f4d40e5e14d1da6081ce58"
535,"49894","49894_Cuenca_Utcubamba","IDConfig_535_completo.xlsx","49894_Cuenca_Utcubamba/_raw_reportes_xlsx/IDConfig_535_completo.xlsx",39534,38.61,"912aba923b51a30054fabf2f961610a7"
864,"49894","49894_Cuenca_Utcubamba","IDConfig_864_completo.xlsx","49894_Cuenca_Utcubamba/_raw_reportes_xlsx/IDConfig_864_completo.xlsx",26301,25.68,"3694d80040b4ce1f32f62c65ed2012c8"
1069,"49894","49894_Cuenca_Utcubamba","IDConfig_1069_completo.xlsx","49894_Cuenca_Utcubamba/_raw_reportes_xlsx/IDConfig_1069_completo.xlsx",53418,52.17,"89797fc4f316106b2a0af3a1021d0bfb"
1193,"49894","49894_Cuenca_Utcubamba","IDConfig_1193_completo.xlsx","49894_Cuenca_Utcubamba/_raw_reportes_xlsx/IDConfig_1193_completo.xlsx",57318,55.97,"66e6fe0c032bc960cb57f2e9e75282a6"
1343,"49894","49894_Cuenca_Utcubamba","IDConfig_1343_completo.xlsx","49894_Cuenca_Utcubamba/_raw_reportes_xlsx/IDConfig_1343_completo.xlsx",6555,6.4,"0f789423d5130df9eb0069a11e799aa0"
1757,"49894","49894_Cuenca_Utcubamba","IDConfig_1757_completo.xlsx","49894_Cuenca_Utcubamba/_raw_reportes_xlsx/IDConfig_1757_completo.xlsx",46707,45.61,"d8c62e7b8bc9957687279fb4dbd62a15"
2235,"49894","49894_Cuenca_Utcubamba","IDConfig_2235_completo.xlsx","49894_Cuenca_Utcubamba/_raw_reportes_xlsx/IDConfig_2235_completo.xlsx",59690,58.29,"212bb657f753cba26f104f0793640df5"
2362,"49894","49894_Cuenca_Utcubamba","IDConfig_2362_completo.xlsx","49894_Cuenca_Utcubamba/_raw_reportes_xlsx/IDConfig_2362_completo.xlsx",7676,7.5,"c32e2fc09f44fc68e250acb4f2d704fc"
2910,"49894","49894_Cuenca_Utcubamba","IDConfig_2910_completo.xlsx","49894_Cuenca_Utcubamba/_raw_reportes_xlsx/IDConfig_2910_completo.xlsx",6626,6.47,"b7d3c6b6e6633e28375d70005a63afef"
3080,"49894","49894_Cuenca_Utcubamba","IDConfig_3080_completo.xlsx","49894_Cuenca_Utcubamba/_raw_reportes_xlsx/IDConfig_3080_completo.xlsx",69992,68.35,"deccea5957800add77f8ec3813410a2f"
3414,"49894","49894_Cuenca_Utcubamba","IDConfig_3414_completo.xlsx","49894_Cuenca_Utcubamba/_raw_reportes_xlsx/IDConfig_3414_completo.xlsx",73235,71.52,"cb5d2a313948b97948f17844f045b03d"
3673,"49894","49894_Cuenca_Utcubamba","IDConfig_3673_completo.xlsx","49894_Cuenca_Utcubamba/_raw_reportes_xlsx/IDConfig_3673_completo.xlsx",44919,43.87,"7679d83c0c220fd065d1ac220661af9b"
3856,"49894","49894_Cuenca_Utcubamba","IDConfig_3856_completo.xlsx","49894_Cuenca_Utcubamba/_raw_reportes_xlsx/IDConfig_3856_completo.xlsx",15979,15.6,"6d47419c025e09c01cfde530438cb5f6"
3997,"49894","49894_Cuenca_Utcubamba","IDConfig_3997_completo.xlsx","49894_Cuenca_Utcubamba/_raw_reportes_xlsx/IDConfig_3997_completo.xlsx",10227,9.99,"d19679da27a5d879c84c672e28a7f3c6"
6178,"49894","49894_Cuenca_Utcubamba","IDConfig_6178_completo.xlsx","49894_Cuenca_Utcubamba/_raw_reportes_xlsx/IDConfig_6178_completo.xlsx",5423,5.3,"d2b7b59fa9b4aaa44b124b5909feadae"
6188,"49894","49894_Cuenca_Utcubamba","IDConfig_6188_completo.xlsx","49894_Cuenca_Utcubamba/_raw_reportes_xlsx/IDConfig_6188_completo.xlsx",6611,6.46,"679894cea96f65faf3ca581240c29587"
6215,"49894","49894_Cuenca_Utcubamba","IDConfig_6215_completo.xlsx","49894_Cuenca_Utcubamba/_raw_reportes_xlsx/IDConfig_6215_completo.xlsx",66861,65.29,"f9a3148d098853b180b9a7f49ebe65a9"
6221,"49894","49894_Cuenca_Utcubamba","IDConfig_6221_completo.xlsx","49894_Cuenca_Utcubamba/_raw_reportes_xlsx/IDConfig_6221_completo.xlsx",82978,81.03,"7cd24ec18af87745a71c6b069d23e706"
7337,"49894","49894_Cuenca_Utcubamba","IDConfig_7337_completo.xlsx","49894_Cuenca_Utcubamba/_raw_reportes_xlsx/IDConfig_7337_completo.xlsx",167621,163.69,"02bc44d2f01ce44b7d4a473f5ca932df"
7340,"49894","49894_Cuenca_Utcubamba","IDConfig_7340_completo.xlsx","49894_Cuenca_Utcubamba/_raw_reportes_xlsx/IDConfig_7340_completo.xlsx",34375,33.57,"5e880a5d0c721c6716952d6dc875ceeb"
7591,"49894","49894_Cuenca_Utcubamba","IDConfig_7591_completo.xlsx","49894_Cuenca_Utcubamba/_raw_reportes_xlsx/IDConfig_7591_completo.xlsx",6291,6.14,"dfc6175dec0d958666bd4a0e1e94780c"
7594,"49894","49894_Cuenca_Utcubamba","IDConfig_7594_completo.xlsx","49894_Cuenca_Utcubamba/_raw_reportes_xlsx/IDConfig_7594_completo.xlsx",11077,10.82,"f23120eb692dff92d4bbac065408ed5b"
8142,"49894","49894_Cuenca_Utcubamba","IDConfig_8142_completo.xlsx","49894_Cuenca_Utcubamba/_raw_reportes_xlsx/IDConfig_8142_completo.xlsx",254805,248.83,"c01c37259c84cd56a1cf92550ee28cf5"
8261,"49894","49894_Cuenca_Utcubamba","IDConfig_8261_completo.xlsx","49894_Cuenca_Utcubamba/_raw_reportes_xlsx/IDConfig_8261_completo.xlsx",7004,6.84,"d784863020a9bb0f204f581914d21273"
8681,"49894","49894_Cuenca_Utcubamba","IDConfig_8681_completo.xlsx","49894_Cuenca_Utcubamba/_raw_reportes_xlsx/IDConfig_8681_completo.xlsx",12388,12.1,"c4c55f3dcdbdb74d6a35ff1cb5f3e1fe"
8682,"49894","49894_Cuenca_Utcubamba","IDConfig_8682_completo.xlsx","49894_Cuenca_Utcubamba/_raw_reportes_xlsx/IDConfig_8682_completo.xlsx",12601,12.31,"f9a24def22ba2acbff5734047242af79"
61079,"49894","49894_Cuenca_Utcubamba","IDConfig_61079_completo.xlsx","49894_Cuenca_Utcubamba/_raw_reportes_xlsx/IDConfig_61079_completo.xlsx",3292,3.21,"3348455ffe93f2323bcc8bf5fd7783bf"
61080,"49894","49894_Cuenca_Utcubamba","IDConfig_61080_completo.xlsx","49894_Cuenca_Utcubamba/_raw_reportes_xlsx/IDConfig_61080_completo.xlsx",3296,3.22,"bc60b4d71ad469d14e7214de6360a064"
63965,"49894","49894_Cuenca_Utcubamba","IDConfig_63965_completo.xlsx","49894_Cuenca_Utcubamba/_raw_reportes_xlsx/IDConfig_63965_completo.xlsx",4108,4.01,"84af30b1683f157baf3d9619bcfe08dd"
63966,"49894","49894_Cuenca_Utcubamba","IDConfig_63966_completo.xlsx","49894_Cuenca_Utcubamba/_raw_reportes_xlsx/IDConfig_63966_completo.xlsx",34621,33.81,"cd1c9103767c6e57d22fca41447507f3"
65093,"49894","49894_Cuenca_Utcubamba","IDConfig_65093_completo.xlsx","49894_Cuenca_Utcubamba/_raw_reportes_xlsx/IDConfig_65093_completo.xlsx",20332,19.86,"ef68aad03078c73590695031e00992c3"
65251,"49894","49894_Cuenca_Utcubamba","IDConfig_65251_completo.xlsx","49894_Cuenca_Utcubamba/_raw_reportes_xlsx/IDConfig_65251_completo.xlsx",8042,7.85,"6579b46dceb4d77133c2f4cdb2ee6625"
151,"49895","49895_Intercuenca_Alto_Maranon_III","IDConfig_151_completo.xlsx","49895_Intercuenca_Alto_Maranon_III/_raw_reportes_xlsx/IDConfig_151_completo.xlsx",76765,74.97,"a5bd1792a88f6d3e5cf5f92ec29ad811"
872,"49895","49895_Intercuenca_Alto_Maranon_III","IDConfig_872_completo.xlsx","49895_Intercuenca_Alto_Maranon_III/_raw_reportes_xlsx/IDConfig_872_completo.xlsx",35137,34.31,"c1db7b1f5994bce82e4a678e05a334fd"
2411,"49895","49895_Intercuenca_Alto_Maranon_III","IDConfig_2411_completo.xlsx","49895_Intercuenca_Alto_Maranon_III/_raw_reportes_xlsx/IDConfig_2411_completo.xlsx",25757,25.15,"3cea5acef6ce6e854db081ade276ea6c"
6234,"49895","49895_Intercuenca_Alto_Maranon_III","IDConfig_6234_completo.xlsx","49895_Intercuenca_Alto_Maranon_III/_raw_reportes_xlsx/IDConfig_6234_completo.xlsx",84587,82.6,"9afc8e3c5bac6b5929431c87ad877d6b"
6242,"49895","49895_Intercuenca_Alto_Maranon_III","IDConfig_6242_completo.xlsx","49895_Intercuenca_Alto_Maranon_III/_raw_reportes_xlsx/IDConfig_6242_completo.xlsx",47519,46.41,"58ce15863874dc9b551ba936da9451a4"
7544,"49895","49895_Intercuenca_Alto_Maranon_III","IDConfig_7544_completo.xlsx","49895_Intercuenca_Alto_Maranon_III/_raw_reportes_xlsx/IDConfig_7544_completo.xlsx",19233,18.78,"7d074c60d378314d18502243e2389c92"
7586,"49895","49895_Intercuenca_Alto_Maranon_III","IDConfig_7586_completo.xlsx","49895_Intercuenca_Alto_Maranon_III/_raw_reportes_xlsx/IDConfig_7586_completo.xlsx",130330,127.28,"f47038997ba9c27a0b9e318750442bd9"
61058,"49895","49895_Intercuenca_Alto_Maranon_III","IDConfig_61058_completo.xlsx","49895_Intercuenca_Alto_Maranon_III/_raw_reportes_xlsx/IDConfig_61058_completo.xlsx",3701,3.61,"22e3c2f1881c7a2c3991381490b53c3b"
61059,"49895","49895_Intercuenca_Alto_Maranon_III","IDConfig_61059_completo.xlsx","49895_Intercuenca_Alto_Maranon_III/_raw_reportes_xlsx/IDConfig_61059_completo.xlsx",3666,3.58,"c98dcef1b558c92019c27844b9a23c9e"
61476,"49895","49895_Intercuenca_Alto_Maranon_III","IDConfig_61476_completo.xlsx","49895_Intercuenca_Alto_Maranon_III/_raw_reportes_xlsx/IDConfig_61476_completo.xlsx",35255,34.43,"8540cd5a7164c2e8200e7afac5d35272"
65226,"49895","49895_Intercuenca_Alto_Maranon_III","IDConfig_65226_completo.xlsx","49895_Intercuenca_Alto_Maranon_III/_raw_reportes_xlsx/IDConfig_65226_completo.xlsx",140201,136.92,"ac34eb6ab5240c662d1d05b0273cc73a"
65364,"49895","49895_Intercuenca_Alto_Maranon_III","IDConfig_65364_completo.xlsx","49895_Intercuenca_Alto_Maranon_III/_raw_reportes_xlsx/IDConfig_65364_completo.xlsx",10639,10.39,"d9e48107786e88519135d7beae29cd45"
96,"49896","49896_Cuenca_Chamaya","IDConfig_96_completo.xlsx","49896_Cuenca_Chamaya/_raw_reportes_xlsx/IDConfig_96_completo.xlsx",39120,38.2,"a005c13e07fff52d91554ad9d980a9c6"
111,"49896","49896_Cuenca_Chamaya","IDConfig_111_completo.xlsx","49896_Cuenca_Chamaya/_raw_reportes_xlsx/IDConfig_111_completo.xlsx",24776,24.2,"7f758095480a01d8e63aad1cf5225c5f"
112,"49896","49896_Cuenca_Chamaya","IDConfig_112_completo.xlsx","49896_Cuenca_Chamaya/_raw_reportes_xlsx/IDConfig_112_completo.xlsx",3876,3.79,"b1cd1612b44ebda0ba84c18683d858b3"
236,"49896","49896_Cuenca_Chamaya","IDConfig_236_completo.xlsx","49896_Cuenca_Chamaya/_raw_reportes_xlsx/IDConfig_236_completo.xlsx",15591,15.23,"ab0d722749b33989662986acffa6308e"
237,"49896","49896_Cuenca_Chamaya","IDConfig_237_completo.xlsx","49896_Cuenca_Chamaya/_raw_reportes_xlsx/IDConfig_237_completo.xlsx",11234,10.97,"97c0b521d417dbb5ded7ef116d8e4d3c"
371,"49896","49896_Cuenca_Chamaya","IDConfig_371_completo.xlsx","49896_Cuenca_Chamaya/_raw_reportes_xlsx/IDConfig_371_completo.xlsx",31860,31.11,"f2500470e366525751744d6e2a9dd883"
531,"49896","49896_Cuenca_Chamaya","IDConfig_531_completo.xlsx","49896_Cuenca_Chamaya/_raw_reportes_xlsx/IDConfig_531_completo.xlsx",34592,33.78,"f7f9966648c8ef0fe53fafe7425dc092"
532,"49896","49896_Cuenca_Chamaya","IDConfig_532_completo.xlsx","49896_Cuenca_Chamaya/_raw_reportes_xlsx/IDConfig_532_completo.xlsx",14851,14.5,"1583a783c4c9e57abfe7d2bd4f91f967"
579,"49896","49896_Cuenca_Chamaya","IDConfig_579_completo.xlsx","49896_Cuenca_Chamaya/_raw_reportes_xlsx/IDConfig_579_completo.xlsx",72688,70.98,"0d7866e95f5c1aa8da90e2df0200a5e6"
781,"49896","49896_Cuenca_Chamaya","IDConfig_781_completo.xlsx","49896_Cuenca_Chamaya/_raw_reportes_xlsx/IDConfig_781_completo.xlsx",44694,43.65,"b582fcf61c13907f2f43c5cff685c73b"
785,"49896","49896_Cuenca_Chamaya","IDConfig_785_completo.xlsx","49896_Cuenca_Chamaya/_raw_reportes_xlsx/IDConfig_785_completo.xlsx",87946,85.88,"5c592fc95fc7fb657bf291ce4c963920"
822,"49896","49896_Cuenca_Chamaya","IDConfig_822_completo.xlsx","49896_Cuenca_Chamaya/_raw_reportes_xlsx/IDConfig_822_completo.xlsx",31388,30.65,"82425313d001192e3d8a0e485b618ed3"
823,"49896","49896_Cuenca_Chamaya","IDConfig_823_completo.xlsx","49896_Cuenca_Chamaya/_raw_reportes_xlsx/IDConfig_823_completo.xlsx",21141,20.65,"35624077c489f0e978ce04baf88fabaf"
1017,"49896","49896_Cuenca_Chamaya","IDConfig_1017_completo.xlsx","49896_Cuenca_Chamaya/_raw_reportes_xlsx/IDConfig_1017_completo.xlsx",65994,64.45,"53c3d06a08d4165f9b8064280cf92bdf"
1096,"49896","49896_Cuenca_Chamaya","IDConfig_1096_completo.xlsx","49896_Cuenca_Chamaya/_raw_reportes_xlsx/IDConfig_1096_completo.xlsx",32404,31.64,"78c9761cd1583315191813250ee81500"
1097,"49896","49896_Cuenca_Chamaya","IDConfig_1097_completo.xlsx","49896_Cuenca_Chamaya/_raw_reportes_xlsx/IDConfig_1097_completo.xlsx",24894,24.31,"db5312aedb646f4dc0f5f5bf9e494f86"
1192,"49896","49896_Cuenca_Chamaya","IDConfig_1192_completo.xlsx","49896_Cuenca_Chamaya/_raw_reportes_xlsx/IDConfig_1192_completo.xlsx",61163,59.73,"ed7c7c1137177665fd5a36bdf2e66767"
1471,"49896","49896_Cuenca_Chamaya","IDConfig_1471_completo.xlsx","49896_Cuenca_Chamaya/_raw_reportes_xlsx/IDConfig_1471_completo.xlsx",16488,16.1,"111662ad4699977b6ec34d1bdd6fac61"
1509,"49896","49896_Cuenca_Chamaya","IDConfig_1509_completo.xlsx","49896_Cuenca_Chamaya/_raw_reportes_xlsx/IDConfig_1509_completo.xlsx",72517,70.82,"4f27e2a649ba61c19244f3b0ed4b396d"
1552,"49896","49896_Cuenca_Chamaya","IDConfig_1552_completo.xlsx","49896_Cuenca_Chamaya/_raw_reportes_xlsx/IDConfig_1552_completo.xlsx",78316,76.48,"a71afa7a083f988136ab910c2bbe5564"
1595,"49896","49896_Cuenca_Chamaya","IDConfig_1595_completo.xlsx","49896_Cuenca_Chamaya/_raw_reportes_xlsx/IDConfig_1595_completo.xlsx",26993,26.36,"e5aea9fdec0de2413a11881a2977a909"
1818,"49896","49896_Cuenca_Chamaya","IDConfig_1818_completo.xlsx","49896_Cuenca_Chamaya/_raw_reportes_xlsx/IDConfig_1818_completo.xlsx",51820,50.61,"687052ecb6e6ed6ac0ccfa1687e017fb"
1947,"49896","49896_Cuenca_Chamaya","IDConfig_1947_completo.xlsx","49896_Cuenca_Chamaya/_raw_reportes_xlsx/IDConfig_1947_completo.xlsx",76182,74.4,"69f06d9cfd837260adbb1963f3c162aa"
2361,"49896","49896_Cuenca_Chamaya","IDConfig_2361_completo.xlsx","49896_Cuenca_Chamaya/_raw_reportes_xlsx/IDConfig_2361_completo.xlsx",32564,31.8,"63358c01c83777e81b7f5740d628349e"
2640,"49896","49896_Cuenca_Chamaya","IDConfig_2640_completo.xlsx","49896_Cuenca_Chamaya/_raw_reportes_xlsx/IDConfig_2640_completo.xlsx",13388,13.07,"960a0653a66e89d32d2007d7bdfc4d6d"
2738,"49896","49896_Cuenca_Chamaya","IDConfig_2738_completo.xlsx","49896_Cuenca_Chamaya/_raw_reportes_xlsx/IDConfig_2738_completo.xlsx",92762,90.59,"c4ddd0c1757abdabad103d8dd3ff5e0c"
2885,"49896","49896_Cuenca_Chamaya","IDConfig_2885_completo.xlsx","49896_Cuenca_Chamaya/_raw_reportes_xlsx/IDConfig_2885_completo.xlsx",10217,9.98,"40b875651e4ac97912abd400500ee076"
3041,"49896","49896_Cuenca_Chamaya","IDConfig_3041_completo.xlsx","49896_Cuenca_Chamaya/_raw_reportes_xlsx/IDConfig_3041_completo.xlsx",31098,30.37,"53247588c398e63298b65f17ad7c8901"
3204,"49896","49896_Cuenca_Chamaya","IDConfig_3204_completo.xlsx","49896_Cuenca_Chamaya/_raw_reportes_xlsx/IDConfig_3204_completo.xlsx",57692,56.34,"95d597d673f097246d6c4fd5faf51aa6"
3301,"49896","49896_Cuenca_Chamaya","IDConfig_3301_completo.xlsx","49896_Cuenca_Chamaya/_raw_reportes_xlsx/IDConfig_3301_completo.xlsx",29498,28.81,"f927fc2232e21f86612006cfff156382"
3608,"49896","49896_Cuenca_Chamaya","IDConfig_3608_completo.xlsx","49896_Cuenca_Chamaya/_raw_reportes_xlsx/IDConfig_3608_completo.xlsx",23529,22.98,"3ca96b24752335f0c5f63b138a9dd9f2"
3669,"49896","49896_Cuenca_Chamaya","IDConfig_3669_completo.xlsx","49896_Cuenca_Chamaya/_raw_reportes_xlsx/IDConfig_3669_completo.xlsx",78715,76.87,"3973eddf8c43a9f91a42268d3f09f1b1"
3752,"49896","49896_Cuenca_Chamaya","IDConfig_3752_completo.xlsx","49896_Cuenca_Chamaya/_raw_reportes_xlsx/IDConfig_3752_completo.xlsx",66375,64.82,"d8d7f173d7204a0c61a7170600405fbe"
3853,"49896","49896_Cuenca_Chamaya","IDConfig_3853_completo.xlsx","49896_Cuenca_Chamaya/_raw_reportes_xlsx/IDConfig_3853_completo.xlsx",36555,35.7,"87654f75f5162c83c9beb6f003537ca2"
3854,"49896","49896_Cuenca_Chamaya","IDConfig_3854_completo.xlsx","49896_Cuenca_Chamaya/_raw_reportes_xlsx/IDConfig_3854_completo.xlsx",16972,16.57,"523a6e10dc22c2bfb434f55a76b3d383"
4093,"49896","49896_Cuenca_Chamaya","IDConfig_4093_completo.xlsx","49896_Cuenca_Chamaya/_raw_reportes_xlsx/IDConfig_4093_completo.xlsx",27407,26.76,"416d4dd0773a909bf118c3a3892377dc"
4121,"49896","49896_Cuenca_Chamaya","IDConfig_4121_completo.xlsx","49896_Cuenca_Chamaya/_raw_reportes_xlsx/IDConfig_4121_completo.xlsx",8597,8.4,"c53eb9c5a59020df80952b9028a64b19"
4243,"49896","49896_Cuenca_Chamaya","IDConfig_4243_completo.xlsx","49896_Cuenca_Chamaya/_raw_reportes_xlsx/IDConfig_4243_completo.xlsx",33669,32.88,"92c13bdcd348b350364377025d8a7f2f"
6250,"49896","49896_Cuenca_Chamaya","IDConfig_6250_completo.xlsx","49896_Cuenca_Chamaya/_raw_reportes_xlsx/IDConfig_6250_completo.xlsx",143449,140.09,"cae09be6795c76b9ed6ee6a3d9cc0c9f"
6277,"49896","49896_Cuenca_Chamaya","IDConfig_6277_completo.xlsx","49896_Cuenca_Chamaya/_raw_reportes_xlsx/IDConfig_6277_completo.xlsx",97231,94.95,"f84c3a8529fc96a4b28ab25605da665f"
6288,"49896","49896_Cuenca_Chamaya","IDConfig_6288_completo.xlsx","49896_Cuenca_Chamaya/_raw_reportes_xlsx/IDConfig_6288_completo.xlsx",31077,30.35,"9f92b2ebc387530f5fc48adf227db5a8"
6295,"49896","49896_Cuenca_Chamaya","IDConfig_6295_completo.xlsx","49896_Cuenca_Chamaya/_raw_reportes_xlsx/IDConfig_6295_completo.xlsx",5843,5.71,"98e0b057de8dd494021279c34e61ae0e"
6298,"49896","49896_Cuenca_Chamaya","IDConfig_6298_completo.xlsx","49896_Cuenca_Chamaya/_raw_reportes_xlsx/IDConfig_6298_completo.xlsx",92074,89.92,"2c90704c2ab3ac0d9678c0809a3b5eaa"
6302,"49896","49896_Cuenca_Chamaya","IDConfig_6302_completo.xlsx","49896_Cuenca_Chamaya/_raw_reportes_xlsx/IDConfig_6302_completo.xlsx",43709,42.68,"fdaba5e6dee778d150be365368c713df"
6309,"49896","49896_Cuenca_Chamaya","IDConfig_6309_completo.xlsx","49896_Cuenca_Chamaya/_raw_reportes_xlsx/IDConfig_6309_completo.xlsx",45715,44.64,"4d6125f4f54ec0b5335d4f4bc2dfc178"
6311,"49896","49896_Cuenca_Chamaya","IDConfig_6311_completo.xlsx","49896_Cuenca_Chamaya/_raw_reportes_xlsx/IDConfig_6311_completo.xlsx",17393,16.99,"7a0fce9d5920ad695751aa6e7a2935d9"
6313,"49896","49896_Cuenca_Chamaya","IDConfig_6313_completo.xlsx","49896_Cuenca_Chamaya/_raw_reportes_xlsx/IDConfig_6313_completo.xlsx",67648,66.06,"b5ca402a353e10078c02321381fa89f4"
6319,"49896","49896_Cuenca_Chamaya","IDConfig_6319_completo.xlsx","49896_Cuenca_Chamaya/_raw_reportes_xlsx/IDConfig_6319_completo.xlsx",128247,125.24,"6f91263b73aa292a5e4db2d07e837152"
6322,"49896","49896_Cuenca_Chamaya","IDConfig_6322_completo.xlsx","49896_Cuenca_Chamaya/_raw_reportes_xlsx/IDConfig_6322_completo.xlsx",88336,86.27,"ea242192de07c9051a0b660c8a159174"
7270,"49896","49896_Cuenca_Chamaya","IDConfig_7270_completo.xlsx","49896_Cuenca_Chamaya/_raw_reportes_xlsx/IDConfig_7270_completo.xlsx",339210,331.26,"6a500e0b1e0ead79271ba8728c54e3a1"
7273,"49896","49896_Cuenca_Chamaya","IDConfig_7273_completo.xlsx","49896_Cuenca_Chamaya/_raw_reportes_xlsx/IDConfig_7273_completo.xlsx",128356,125.35,"ce59a5de514ac130e3cd476b591a676b"
7316,"49896","49896_Cuenca_Chamaya","IDConfig_7316_completo.xlsx","49896_Cuenca_Chamaya/_raw_reportes_xlsx/IDConfig_7316_completo.xlsx",37123,36.25,"d370c9eb32f6717563f06dc96141d032"
7317,"49896","49896_Cuenca_Chamaya","IDConfig_7317_completo.xlsx","49896_Cuenca_Chamaya/_raw_reportes_xlsx/IDConfig_7317_completo.xlsx",40456,39.51,"b70153e32e6d9d7fb61483b61f4c0dcb"
7321,"49896","49896_Cuenca_Chamaya","IDConfig_7321_completo.xlsx","49896_Cuenca_Chamaya/_raw_reportes_xlsx/IDConfig_7321_completo.xlsx",32194,31.44,"f6786d6b5fd8e55e257f20e3e0127ce6"
7322,"49896","49896_Cuenca_Chamaya","IDConfig_7322_completo.xlsx","49896_Cuenca_Chamaya/_raw_reportes_xlsx/IDConfig_7322_completo.xlsx",37729,36.84,"f36b0c3471f415254052a065f5be2907"
7323,"49896","49896_Cuenca_Chamaya","IDConfig_7323_completo.xlsx","49896_Cuenca_Chamaya/_raw_reportes_xlsx/IDConfig_7323_completo.xlsx",299746,292.72,"a7061d5318fc44535eb134dea335e7af"
7324,"49896","49896_Cuenca_Chamaya","IDConfig_7324_completo.xlsx","49896_Cuenca_Chamaya/_raw_reportes_xlsx/IDConfig_7324_completo.xlsx",18540,18.11,"a3174fe38ca2db72e8278c644314b58c"
7325,"49896","49896_Cuenca_Chamaya","IDConfig_7325_completo.xlsx","49896_Cuenca_Chamaya/_raw_reportes_xlsx/IDConfig_7325_completo.xlsx",64356,62.85,"59f5f66a6a3a9db471ff7f583b0503d3"
7587,"49896","49896_Cuenca_Chamaya","IDConfig_7587_completo.xlsx","49896_Cuenca_Chamaya/_raw_reportes_xlsx/IDConfig_7587_completo.xlsx",164586,160.73,"d04582fe0ae0d4b783bfbaa6556a0e04"
7861,"49896","49896_Cuenca_Chamaya","IDConfig_7861_completo.xlsx","49896_Cuenca_Chamaya/_raw_reportes_xlsx/IDConfig_7861_completo.xlsx",7689,7.51,"402a40270f60425e53d629a1df71ed44"
8144,"49896","49896_Cuenca_Chamaya","IDConfig_8144_completo.xlsx","49896_Cuenca_Chamaya/_raw_reportes_xlsx/IDConfig_8144_completo.xlsx",3838,3.75,"c0560853a46a904b6696ca32a21d82f5"
8241,"49896","49896_Cuenca_Chamaya","IDConfig_8241_completo.xlsx","49896_Cuenca_Chamaya/_raw_reportes_xlsx/IDConfig_8241_completo.xlsx",108958,106.4,"8042d7012569eb5a62b27fd033c24a6f"
8961,"49896","49896_Cuenca_Chamaya","IDConfig_8961_completo.xlsx","49896_Cuenca_Chamaya/_raw_reportes_xlsx/IDConfig_8961_completo.xlsx",99939,97.6,"1e953338a15e4db073e1fc49fc02d3e9"
9061,"49896","49896_Cuenca_Chamaya","IDConfig_9061_completo.xlsx","49896_Cuenca_Chamaya/_raw_reportes_xlsx/IDConfig_9061_completo.xlsx",48376,47.24,"2799e4656f36e43190e287a155ddd742"
10196,"49896","49896_Cuenca_Chamaya","IDConfig_10196_completo.xlsx","49896_Cuenca_Chamaya/_raw_reportes_xlsx/IDConfig_10196_completo.xlsx",131975,128.88,"7a4eeeada2b98d46091253956a13514c"
10197,"49896","49896_Cuenca_Chamaya","IDConfig_10197_completo.xlsx","49896_Cuenca_Chamaya/_raw_reportes_xlsx/IDConfig_10197_completo.xlsx",33916,33.12,"05e013b26dc100114122c8458b9b4dcc"
10974,"49896","49896_Cuenca_Chamaya","IDConfig_10974_completo.xlsx","49896_Cuenca_Chamaya/_raw_reportes_xlsx/IDConfig_10974_completo.xlsx",36389,35.54,"c5599dd0e28a7e24b3075ac57b8bc878"
10975,"49896","49896_Cuenca_Chamaya","IDConfig_10975_completo.xlsx","49896_Cuenca_Chamaya/_raw_reportes_xlsx/IDConfig_10975_completo.xlsx",15108,14.75,"38cddfb295dde0831a37aa9960f9683a"
10988,"49896","49896_Cuenca_Chamaya","IDConfig_10988_completo.xlsx","49896_Cuenca_Chamaya/_raw_reportes_xlsx/IDConfig_10988_completo.xlsx",30805,30.08,"82e3db08eecc23dc8abb45fecdc39a6e"
21149,"49896","49896_Cuenca_Chamaya","IDConfig_21149_completo.xlsx","49896_Cuenca_Chamaya/_raw_reportes_xlsx/IDConfig_21149_completo.xlsx",547193,534.37,"9b9b9ffd6badaacc9a1edb896cf1f141"
21153,"49896","49896_Cuenca_Chamaya","IDConfig_21153_completo.xlsx","49896_Cuenca_Chamaya/_raw_reportes_xlsx/IDConfig_21153_completo.xlsx",23378,22.83,"2eef773be71e23d45b4a51a838d33ca1"
21154,"49896","49896_Cuenca_Chamaya","IDConfig_21154_completo.xlsx","49896_Cuenca_Chamaya/_raw_reportes_xlsx/IDConfig_21154_completo.xlsx",23681,23.13,"28bbfafe5c4776e1ec0be87edae92804"
51728,"49896","49896_Cuenca_Chamaya","IDConfig_51728_completo.xlsx","49896_Cuenca_Chamaya/_raw_reportes_xlsx/IDConfig_51728_completo.xlsx",60868,59.44,"4ca9b27435ca2d6141a40d7090d81c5b"
52068,"49896","49896_Cuenca_Chamaya","IDConfig_52068_completo.xlsx","49896_Cuenca_Chamaya/_raw_reportes_xlsx/IDConfig_52068_completo.xlsx",85948,83.93,"0313dec2f37484f72618f64056072110"
52123,"49896","49896_Cuenca_Chamaya","IDConfig_52123_completo.xlsx","49896_Cuenca_Chamaya/_raw_reportes_xlsx/IDConfig_52123_completo.xlsx",65854,64.31,"e822542a795805519c6b54871fc315e8"
61037,"49896","49896_Cuenca_Chamaya","IDConfig_61037_completo.xlsx","49896_Cuenca_Chamaya/_raw_reportes_xlsx/IDConfig_61037_completo.xlsx",3467,3.39,"4dd00edc62648bf7cd5da4441e9bc697"
61038,"49896","49896_Cuenca_Chamaya","IDConfig_61038_completo.xlsx","49896_Cuenca_Chamaya/_raw_reportes_xlsx/IDConfig_61038_completo.xlsx",3456,3.38,"3da7a087a037bc51600a66b3ce798625"
61065,"49896","49896_Cuenca_Chamaya","IDConfig_61065_completo.xlsx","49896_Cuenca_Chamaya/_raw_reportes_xlsx/IDConfig_61065_completo.xlsx",3527,3.44,"17c19582966519bd5fb59b48a3a28fba"
61095,"49896","49896_Cuenca_Chamaya","IDConfig_61095_completo.xlsx","49896_Cuenca_Chamaya/_raw_reportes_xlsx/IDConfig_61095_completo.xlsx",3375,3.3,"74bdc343200d5170aee35acf39aea355"
61478,"49896","49896_Cuenca_Chamaya","IDConfig_61478_completo.xlsx","49896_Cuenca_Chamaya/_raw_reportes_xlsx/IDConfig_61478_completo.xlsx",45546,44.48,"32b15ac2dab20ad506932db6c338ef18"
61479,"49896","49896_Cuenca_Chamaya","IDConfig_61479_completo.xlsx","49896_Cuenca_Chamaya/_raw_reportes_xlsx/IDConfig_61479_completo.xlsx",38715,37.81,"4f78ac625587dc26414ac3504f7b5547"
63343,"49896","49896_Cuenca_Chamaya","IDConfig_63343_completo.xlsx","49896_Cuenca_Chamaya/_raw_reportes_xlsx/IDConfig_63343_completo.xlsx",4885,4.77,"52c717d4a67848dd0531c8677fff5557"
63832,"49896","49896_Cuenca_Chamaya","IDConfig_63832_completo.xlsx","49896_Cuenca_Chamaya/_raw_reportes_xlsx/IDConfig_63832_completo.xlsx",27543,26.9,"0959ff6988f26394937a79c94f67fa5b"
64909,"49896","49896_Cuenca_Chamaya","IDConfig_64909_completo.xlsx","49896_Cuenca_Chamaya/_raw_reportes_xlsx/IDConfig_64909_completo.xlsx",12548,12.25,"fbbb85e417db72726372190c351af31b"
64979,"49896","49896_Cuenca_Chamaya","IDConfig_64979_completo.xlsx","49896_Cuenca_Chamaya/_raw_reportes_xlsx/IDConfig_64979_completo.xlsx",13103,12.8,"01873f541a5d801702bfd79ab9c78931"
65003,"49896","49896_Cuenca_Chamaya","IDConfig_65003_completo.xlsx","49896_Cuenca_Chamaya/_raw_reportes_xlsx/IDConfig_65003_completo.xlsx",55626,54.32,"f27e4ff1b6a75f84792dfaae8185fe33"
65073,"49896","49896_Cuenca_Chamaya","IDConfig_65073_completo.xlsx","49896_Cuenca_Chamaya/_raw_reportes_xlsx/IDConfig_65073_completo.xlsx",169839,165.86,"de5a3f5681f8a202ce22ea91ea5c021d"
65205,"49896","49896_Cuenca_Chamaya","IDConfig_65205_completo.xlsx","49896_Cuenca_Chamaya/_raw_reportes_xlsx/IDConfig_65205_completo.xlsx",131604,128.52,"6334eb26ed9ff39bf9da4f1f39df9325"
65239,"49896","49896_Cuenca_Chamaya","IDConfig_65239_completo.xlsx","49896_Cuenca_Chamaya/_raw_reportes_xlsx/IDConfig_65239_completo.xlsx",29813,29.11,"621bb803308224e02d228e2355bf8006"
65343,"49896","49896_Cuenca_Chamaya","IDConfig_65343_completo.xlsx","49896_Cuenca_Chamaya/_raw_reportes_xlsx/IDConfig_65343_completo.xlsx",10099,9.86,"19cfba38075935ed6514393d344bc141"
65377,"49896","49896_Cuenca_Chamaya","IDConfig_65377_completo.xlsx","49896_Cuenca_Chamaya/_raw_reportes_xlsx/IDConfig_65377_completo.xlsx",10780,10.53,"903116140b6a41d661ecbe48197f2853"
67568,"49896","49896_Cuenca_Chamaya","IDConfig_67568_completo.xlsx","49896_Cuenca_Chamaya/_raw_reportes_xlsx/IDConfig_67568_completo.xlsx",10468,10.22,"9029de89e77aa4b5b5a70af3e2c47969"
67638,"49896","49896_Cuenca_Chamaya","IDConfig_67638_completo.xlsx","49896_Cuenca_Chamaya/_raw_reportes_xlsx/IDConfig_67638_completo.xlsx",11593,11.32,"1ae37e7bab213b0e020a15eb1e81bb94"
67669,"49896","49896_Cuenca_Chamaya","IDConfig_67669_completo.xlsx","49896_Cuenca_Chamaya/_raw_reportes_xlsx/IDConfig_67669_completo.xlsx",10029,9.79,"102d9cb12a522a8005bb6acbeedf9f4d"
67739,"49896","49896_Cuenca_Chamaya","IDConfig_67739_completo.xlsx","49896_Cuenca_Chamaya/_raw_reportes_xlsx/IDConfig_67739_completo.xlsx",11275,11.01,"cd099500c1f4238a6e1adf9bdd37da5e"
58,"49897","49897_Intercuenca_Alto_Maranon_IV","IDConfig_58_completo.xlsx","49897_Intercuenca_Alto_Maranon_IV/_raw_reportes_xlsx/IDConfig_58_completo.xlsx",37151,36.28,"2edb5019d484ae9232d363ba2ba6ad4a"
74,"49897","49897_Intercuenca_Alto_Maranon_IV","IDConfig_74_completo.xlsx","49897_Intercuenca_Alto_Maranon_IV/_raw_reportes_xlsx/IDConfig_74_completo.xlsx",50286,49.11,"7980092a32b8f771934a485c30c2618c"
590,"49897","49897_Intercuenca_Alto_Maranon_IV","IDConfig_590_completo.xlsx","49897_Intercuenca_Alto_Maranon_IV/_raw_reportes_xlsx/IDConfig_590_completo.xlsx",57953,56.59,"800e40249334b41aed1d0c949d309135"
728,"49897","49897_Intercuenca_Alto_Maranon_IV","IDConfig_728_completo.xlsx","49897_Intercuenca_Alto_Maranon_IV/_raw_reportes_xlsx/IDConfig_728_completo.xlsx",71807,70.12,"9a8c7c22e672e7a19e3c49fd0f8ae7d5"
1216,"49897","49897_Intercuenca_Alto_Maranon_IV","IDConfig_1216_completo.xlsx","49897_Intercuenca_Alto_Maranon_IV/_raw_reportes_xlsx/IDConfig_1216_completo.xlsx",29201,28.52,"471d1671d8da2291a3f0efe64f9fefb4"
1342,"49897","49897_Intercuenca_Alto_Maranon_IV","IDConfig_1342_completo.xlsx","49897_Intercuenca_Alto_Maranon_IV/_raw_reportes_xlsx/IDConfig_1342_completo.xlsx",27749,27.1,"a382f61ffdece361839e08320c0b2a88"
1399,"49897","49897_Intercuenca_Alto_Maranon_IV","IDConfig_1399_completo.xlsx","49897_Intercuenca_Alto_Maranon_IV/_raw_reportes_xlsx/IDConfig_1399_completo.xlsx",15620,15.25,"e23a349069bdd98949ba2a7df3d134f5"
1820,"49897","49897_Intercuenca_Alto_Maranon_IV","IDConfig_1820_completo.xlsx","49897_Intercuenca_Alto_Maranon_IV/_raw_reportes_xlsx/IDConfig_1820_completo.xlsx",29070,28.39,"62005b0cf174c49674cbedf36e8980be"
2024,"49897","49897_Intercuenca_Alto_Maranon_IV","IDConfig_2024_completo.xlsx","49897_Intercuenca_Alto_Maranon_IV/_raw_reportes_xlsx/IDConfig_2024_completo.xlsx",31767,31.02,"f9ce0cda76e445b1126116e78a2630e5"
2909,"49897","49897_Intercuenca_Alto_Maranon_IV","IDConfig_2909_completo.xlsx","49897_Intercuenca_Alto_Maranon_IV/_raw_reportes_xlsx/IDConfig_2909_completo.xlsx",19568,19.11,"e54a027e55a557db6ea77670a2bb718c"
3165,"49897","49897_Intercuenca_Alto_Maranon_IV","IDConfig_3165_completo.xlsx","49897_Intercuenca_Alto_Maranon_IV/_raw_reportes_xlsx/IDConfig_3165_completo.xlsx",46458,45.37,"cc928c312cee48d399c4ca92b4930209"
3257,"49897","49897_Intercuenca_Alto_Maranon_IV","IDConfig_3257_completo.xlsx","49897_Intercuenca_Alto_Maranon_IV/_raw_reportes_xlsx/IDConfig_3257_completo.xlsx",30166,29.46,"d6c1af64075e82181bc2c2fd3cf93291"
3535,"49897","49897_Intercuenca_Alto_Maranon_IV","IDConfig_3535_completo.xlsx","49897_Intercuenca_Alto_Maranon_IV/_raw_reportes_xlsx/IDConfig_3535_completo.xlsx",25447,24.85,"e6feae6bfe82f08fcd421d76f2c1dfff"
4095,"49897","49897_Intercuenca_Alto_Maranon_IV","IDConfig_4095_completo.xlsx","49897_Intercuenca_Alto_Maranon_IV/_raw_reportes_xlsx/IDConfig_4095_completo.xlsx",45786,44.71,"f520ec11f5c652d3e2167077f6d2bcb5"
4430,"49897","49897_Intercuenca_Alto_Maranon_IV","IDConfig_4430_completo.xlsx","49897_Intercuenca_Alto_Maranon_IV/_raw_reportes_xlsx/IDConfig_4430_completo.xlsx",45238,44.18,"b5bf9cd484b070da357a4c260a5a4281"
6349,"49897","49897_Intercuenca_Alto_Maranon_IV","IDConfig_6349_completo.xlsx","49897_Intercuenca_Alto_Maranon_IV/_raw_reportes_xlsx/IDConfig_6349_completo.xlsx",5354,5.23,"ad1f3c2980cd1bc6e878e3269910c637"
6352,"49897","49897_Intercuenca_Alto_Maranon_IV","IDConfig_6352_completo.xlsx","49897_Intercuenca_Alto_Maranon_IV/_raw_reportes_xlsx/IDConfig_6352_completo.xlsx",58583,57.21,"9517317d236ef4a97e86565e776a2995"
6365,"49897","49897_Intercuenca_Alto_Maranon_IV","IDConfig_6365_completo.xlsx","49897_Intercuenca_Alto_Maranon_IV/_raw_reportes_xlsx/IDConfig_6365_completo.xlsx",98448,96.14,"f65927095f5a6be7c819b9825e77965b"
6366,"49897","49897_Intercuenca_Alto_Maranon_IV","IDConfig_6366_completo.xlsx","49897_Intercuenca_Alto_Maranon_IV/_raw_reportes_xlsx/IDConfig_6366_completo.xlsx",7444,7.27,"25ee3e4c5a2fbc3f25af1aae3e28beb1"
6371,"49897","49897_Intercuenca_Alto_Maranon_IV","IDConfig_6371_completo.xlsx","49897_Intercuenca_Alto_Maranon_IV/_raw_reportes_xlsx/IDConfig_6371_completo.xlsx",27937,27.28,"a659bd9068a2ab408e4dbab6199503b4"
6378,"49897","49897_Intercuenca_Alto_Maranon_IV","IDConfig_6378_completo.xlsx","49897_Intercuenca_Alto_Maranon_IV/_raw_reportes_xlsx/IDConfig_6378_completo.xlsx",11561,11.29,"2af4b7f5365d77469b4815c07505b1a9"
6384,"49897","49897_Intercuenca_Alto_Maranon_IV","IDConfig_6384_completo.xlsx","49897_Intercuenca_Alto_Maranon_IV/_raw_reportes_xlsx/IDConfig_6384_completo.xlsx",53047,51.8,"0cdb55991d59bf7dd31fbe6a5a70f406"
6387,"49897","49897_Intercuenca_Alto_Maranon_IV","IDConfig_6387_completo.xlsx","49897_Intercuenca_Alto_Maranon_IV/_raw_reportes_xlsx/IDConfig_6387_completo.xlsx",8566,8.37,"27c04d9204e364fe82b8f8cf5b0e524a"
6395,"49897","49897_Intercuenca_Alto_Maranon_IV","IDConfig_6395_completo.xlsx","49897_Intercuenca_Alto_Maranon_IV/_raw_reportes_xlsx/IDConfig_6395_completo.xlsx",7732,7.55,"b9ea82ab8bf9f5ad96bb2fea0f364c62"
6401,"49897","49897_Intercuenca_Alto_Maranon_IV","IDConfig_6401_completo.xlsx","49897_Intercuenca_Alto_Maranon_IV/_raw_reportes_xlsx/IDConfig_6401_completo.xlsx",50947,49.75,"14ade1d7d595641b02bb08119da119fe"
6403,"49897","49897_Intercuenca_Alto_Maranon_IV","IDConfig_6403_completo.xlsx","49897_Intercuenca_Alto_Maranon_IV/_raw_reportes_xlsx/IDConfig_6403_completo.xlsx",6414,6.26,"d6737c7a42187f4555efa85757bb58f6"
6404,"49897","49897_Intercuenca_Alto_Maranon_IV","IDConfig_6404_completo.xlsx","49897_Intercuenca_Alto_Maranon_IV/_raw_reportes_xlsx/IDConfig_6404_completo.xlsx",54762,53.48,"0d1011871e402240d6e07075a6f1d095"
7293,"49897","49897_Intercuenca_Alto_Maranon_IV","IDConfig_7293_completo.xlsx","49897_Intercuenca_Alto_Maranon_IV/_raw_reportes_xlsx/IDConfig_7293_completo.xlsx",100658,98.3,"18a9216b33385b0e2a249c151a6a6434"
7294,"49897","49897_Intercuenca_Alto_Maranon_IV","IDConfig_7294_completo.xlsx","49897_Intercuenca_Alto_Maranon_IV/_raw_reportes_xlsx/IDConfig_7294_completo.xlsx",332974,325.17,"efd826553a1f985a22f7a7f8dfa0e335"
7307,"49897","49897_Intercuenca_Alto_Maranon_IV","IDConfig_7307_completo.xlsx","49897_Intercuenca_Alto_Maranon_IV/_raw_reportes_xlsx/IDConfig_7307_completo.xlsx",64158,62.65,"9bfbea753d30c5f160c6463583f63066"
7309,"49897","49897_Intercuenca_Alto_Maranon_IV","IDConfig_7309_completo.xlsx","49897_Intercuenca_Alto_Maranon_IV/_raw_reportes_xlsx/IDConfig_7309_completo.xlsx",303382,296.27,"dc0720ab9f10e0036f7cf9849be2b50a"
7320,"49897","49897_Intercuenca_Alto_Maranon_IV","IDConfig_7320_completo.xlsx","49897_Intercuenca_Alto_Maranon_IV/_raw_reportes_xlsx/IDConfig_7320_completo.xlsx",149235,145.74,"10d9b4ec276e0aa8eb6ebeb17567d397"
7343,"49897","49897_Intercuenca_Alto_Maranon_IV","IDConfig_7343_completo.xlsx","49897_Intercuenca_Alto_Maranon_IV/_raw_reportes_xlsx/IDConfig_7343_completo.xlsx",107405,104.89,"b1a5ffa64d6e2e048800974eaf6108f6"
7347,"49897","49897_Intercuenca_Alto_Maranon_IV","IDConfig_7347_completo.xlsx","49897_Intercuenca_Alto_Maranon_IV/_raw_reportes_xlsx/IDConfig_7347_completo.xlsx",56691,55.36,"7ff9b540a4abe7e99ad7e4ee8dbf167b"
7350,"49897","49897_Intercuenca_Alto_Maranon_IV","IDConfig_7350_completo.xlsx","49897_Intercuenca_Alto_Maranon_IV/_raw_reportes_xlsx/IDConfig_7350_completo.xlsx",106629,104.13,"b57afee09e36fe054a15cbc367223b89"
7621,"49897","49897_Intercuenca_Alto_Maranon_IV","IDConfig_7621_completo.xlsx","49897_Intercuenca_Alto_Maranon_IV/_raw_reportes_xlsx/IDConfig_7621_completo.xlsx",187440,183.05,"f0945894fd05d2eae6087c0db57fa5fd"
7622,"49897","49897_Intercuenca_Alto_Maranon_IV","IDConfig_7622_completo.xlsx","49897_Intercuenca_Alto_Maranon_IV/_raw_reportes_xlsx/IDConfig_7622_completo.xlsx",17591,17.18,"ff4d4ce0a9fd4740cdef3e5027f16b24"
11621,"49897","49897_Intercuenca_Alto_Maranon_IV","IDConfig_11621_completo.xlsx","49897_Intercuenca_Alto_Maranon_IV/_raw_reportes_xlsx/IDConfig_11621_completo.xlsx",3352,3.27,"83425aab14d131ec38ce49e3d5400655"
58207,"49897","49897_Intercuenca_Alto_Maranon_IV","IDConfig_58207_completo.xlsx","49897_Intercuenca_Alto_Maranon_IV/_raw_reportes_xlsx/IDConfig_58207_completo.xlsx",46116,45.04,"826e3b4a593fde3b88ce096954539395"
61477,"49897","49897_Intercuenca_Alto_Maranon_IV","IDConfig_61477_completo.xlsx","49897_Intercuenca_Alto_Maranon_IV/_raw_reportes_xlsx/IDConfig_61477_completo.xlsx",18288,17.86,"2b55378d0fe5b7bcbdeca0e4115f8fca"
64907,"49897","49897_Intercuenca_Alto_Maranon_IV","IDConfig_64907_completo.xlsx","49897_Intercuenca_Alto_Maranon_IV/_raw_reportes_xlsx/IDConfig_64907_completo.xlsx",12511,12.22,"7db0702b0932b97eeab11b4a4394e5a1"
64917,"49897","49897_Intercuenca_Alto_Maranon_IV","IDConfig_64917_completo.xlsx","49897_Intercuenca_Alto_Maranon_IV/_raw_reportes_xlsx/IDConfig_64917_completo.xlsx",14887,14.54,"bdbb9aa396f04274c5cbe226c711b8a5"
65001,"49897","49897_Intercuenca_Alto_Maranon_IV","IDConfig_65001_completo.xlsx","49897_Intercuenca_Alto_Maranon_IV/_raw_reportes_xlsx/IDConfig_65001_completo.xlsx",47943,46.82,"25a6ea39069a7b2dfc09bc2ba1f7709f"
65011,"49897","49897_Intercuenca_Alto_Maranon_IV","IDConfig_65011_completo.xlsx","49897_Intercuenca_Alto_Maranon_IV/_raw_reportes_xlsx/IDConfig_65011_completo.xlsx",191720,187.23,"25905b9c426b33064bbc29e3ba4309fe"
65249,"49897","49897_Intercuenca_Alto_Maranon_IV","IDConfig_65249_completo.xlsx","49897_Intercuenca_Alto_Maranon_IV/_raw_reportes_xlsx/IDConfig_65249_completo.xlsx",24078,23.51,"42b4b6e21ee4ea149875a09c9a1a8126"
65387,"49897","49897_Intercuenca_Alto_Maranon_IV","IDConfig_65387_completo.xlsx","49897_Intercuenca_Alto_Maranon_IV/_raw_reportes_xlsx/IDConfig_65387_completo.xlsx",9378,9.16,"184467cb363049b198d35f4b4f639acf"
67566,"49897","49897_Intercuenca_Alto_Maranon_IV","IDConfig_67566_completo.xlsx","49897_Intercuenca_Alto_Maranon_IV/_raw_reportes_xlsx/IDConfig_67566_completo.xlsx",11442,11.17,"a3bf3d0697c32bce8161377fcfd3e33b"
67576,"49897","49897_Intercuenca_Alto_Maranon_IV","IDConfig_67576_completo.xlsx","49897_Intercuenca_Alto_Maranon_IV/_raw_reportes_xlsx/IDConfig_67576_completo.xlsx",14271,13.94,"d6e9f76b74b5055b5a92642954168097"
67667,"49897","49897_Intercuenca_Alto_Maranon_IV","IDConfig_67667_completo.xlsx","49897_Intercuenca_Alto_Maranon_IV/_raw_reportes_xlsx/IDConfig_67667_completo.xlsx",11293,11.03,"0e9a6c146d4c3636d299a7e04f926333"
67677,"49897","49897_Intercuenca_Alto_Maranon_IV","IDConfig_67677_completo.xlsx","49897_Intercuenca_Alto_Maranon_IV/_raw_reportes_xlsx/IDConfig_67677_completo.xlsx",14257,13.92,"80047db1a029a97d36de482e9bba44dd"
530,"49898","49898_Cuenca_Crisnejas","IDConfig_530_completo.xlsx","49898_Cuenca_Crisnejas/_raw_reportes_xlsx/IDConfig_530_completo.xlsx",14026,13.7,"decbf7c2ee9be674c472c8926cddc834"
820,"49898","49898_Cuenca_Crisnejas","IDConfig_820_completo.xlsx","49898_Cuenca_Crisnejas/_raw_reportes_xlsx/IDConfig_820_completo.xlsx",15700,15.33,"4ba48c05f2ef88bb5e06594c85a1b1c0"
928,"49898","49898_Cuenca_Crisnejas","IDConfig_928_completo.xlsx","49898_Cuenca_Crisnejas/_raw_reportes_xlsx/IDConfig_928_completo.xlsx",34874,34.06,"9e92528be67f88ee66b3110e510c0966"
956,"49898","49898_Cuenca_Crisnejas","IDConfig_956_completo.xlsx","49898_Cuenca_Crisnejas/_raw_reportes_xlsx/IDConfig_956_completo.xlsx",43007,42,"3ed562e68327865d21e15160d16d2422"
1009,"49898","49898_Cuenca_Crisnejas","IDConfig_1009_completo.xlsx","49898_Cuenca_Crisnejas/_raw_reportes_xlsx/IDConfig_1009_completo.xlsx",82055,80.13,"1a9af876f34aab4e6f79672adf158007"
1976,"49898","49898_Cuenca_Crisnejas","IDConfig_1976_completo.xlsx","49898_Cuenca_Crisnejas/_raw_reportes_xlsx/IDConfig_1976_completo.xlsx",32382,31.62,"96b4c66d4a0031880de8664b1220cfeb"
2026,"49898","49898_Cuenca_Crisnejas","IDConfig_2026_completo.xlsx","49898_Cuenca_Crisnejas/_raw_reportes_xlsx/IDConfig_2026_completo.xlsx",34730,33.92,"cb5357a75affa595c75c398a8d9d8bf6"
2291,"49898","49898_Cuenca_Crisnejas","IDConfig_2291_completo.xlsx","49898_Cuenca_Crisnejas/_raw_reportes_xlsx/IDConfig_2291_completo.xlsx",81550,79.64,"7c39707cc0db976eaa116999c36cda1d"
2335,"49898","49898_Cuenca_Crisnejas","IDConfig_2335_completo.xlsx","49898_Cuenca_Crisnejas/_raw_reportes_xlsx/IDConfig_2335_completo.xlsx",64976,63.45,"f0b856afc8cb88db309b946f4d747b7e"
2391,"49898","49898_Cuenca_Crisnejas","IDConfig_2391_completo.xlsx","49898_Cuenca_Crisnejas/_raw_reportes_xlsx/IDConfig_2391_completo.xlsx",5729,5.59,"5b8b8a247e165d84257b7e6bf5ed1487"
2776,"49898","49898_Cuenca_Crisnejas","IDConfig_2776_completo.xlsx","49898_Cuenca_Crisnejas/_raw_reportes_xlsx/IDConfig_2776_completo.xlsx",42774,41.77,"63c75d6eda656e438620b982148a40b0"
4120,"49898","49898_Cuenca_Crisnejas","IDConfig_4120_completo.xlsx","49898_Cuenca_Crisnejas/_raw_reportes_xlsx/IDConfig_4120_completo.xlsx",59901,58.5,"b96b6b7f8935dd0706f43cf040b8f40e"
4164,"49898","49898_Cuenca_Crisnejas","IDConfig_4164_completo.xlsx","49898_Cuenca_Crisnejas/_raw_reportes_xlsx/IDConfig_4164_completo.xlsx",80174,78.29,"058ba53ae13ffe3cf41ed8d312915a57"
4387,"49898","49898_Cuenca_Crisnejas","IDConfig_4387_completo.xlsx","49898_Cuenca_Crisnejas/_raw_reportes_xlsx/IDConfig_4387_completo.xlsx",62190,60.73,"7fa87ef7fe5784a092cc67f9d152db0c"
4406,"49898","49898_Cuenca_Crisnejas","IDConfig_4406_completo.xlsx","49898_Cuenca_Crisnejas/_raw_reportes_xlsx/IDConfig_4406_completo.xlsx",15823,15.45,"7bdd12e952a8abf51fcac373afb7dd1e"
6435,"49898","49898_Cuenca_Crisnejas","IDConfig_6435_completo.xlsx","49898_Cuenca_Crisnejas/_raw_reportes_xlsx/IDConfig_6435_completo.xlsx",148340,144.86,"c7d26e1da3184b82cdca31871c2abaa7"
6460,"49898","49898_Cuenca_Crisnejas","IDConfig_6460_completo.xlsx","49898_Cuenca_Crisnejas/_raw_reportes_xlsx/IDConfig_6460_completo.xlsx",4428,4.32,"fa8154eb1b8d89d1a554b062fc7dec98"
6466,"49898","49898_Cuenca_Crisnejas","IDConfig_6466_completo.xlsx","49898_Cuenca_Crisnejas/_raw_reportes_xlsx/IDConfig_6466_completo.xlsx",13632,13.31,"68a2be26429707290ba4819be5412718"
6505,"49898","49898_Cuenca_Crisnejas","IDConfig_6505_completo.xlsx","49898_Cuenca_Crisnejas/_raw_reportes_xlsx/IDConfig_6505_completo.xlsx",66034,64.49,"66c4c5bbb89d17cfdc6f390a416664dc"
7332,"49898","49898_Cuenca_Crisnejas","IDConfig_7332_completo.xlsx","49898_Cuenca_Crisnejas/_raw_reportes_xlsx/IDConfig_7332_completo.xlsx",228827,223.46,"0e693574995b325c74ddb316170692b6"
7334,"49898","49898_Cuenca_Crisnejas","IDConfig_7334_completo.xlsx","49898_Cuenca_Crisnejas/_raw_reportes_xlsx/IDConfig_7334_completo.xlsx",164410,160.56,"d444e832db79c1662ff688d950705bb8"
7583,"49898","49898_Cuenca_Crisnejas","IDConfig_7583_completo.xlsx","49898_Cuenca_Crisnejas/_raw_reportes_xlsx/IDConfig_7583_completo.xlsx",40532,39.58,"d006483bc04ac7ebbb7706a2357d16e8"
7585,"49898","49898_Cuenca_Crisnejas","IDConfig_7585_completo.xlsx","49898_Cuenca_Crisnejas/_raw_reportes_xlsx/IDConfig_7585_completo.xlsx",35077,34.25,"5ffcf491e3814c280417540041e0875e"
7627,"49898","49898_Cuenca_Crisnejas","IDConfig_7627_completo.xlsx","49898_Cuenca_Crisnejas/_raw_reportes_xlsx/IDConfig_7627_completo.xlsx",9220,9,"2ab3e9ba33af580b9a4bb855cf28338f"
7628,"49898","49898_Cuenca_Crisnejas","IDConfig_7628_completo.xlsx","49898_Cuenca_Crisnejas/_raw_reportes_xlsx/IDConfig_7628_completo.xlsx",50772,49.58,"91ce404a8d0275bd6b3d82cb2271d50c"
8145,"49898","49898_Cuenca_Crisnejas","IDConfig_8145_completo.xlsx","49898_Cuenca_Crisnejas/_raw_reportes_xlsx/IDConfig_8145_completo.xlsx",163072,159.25,"b1a4f3f0a2d0e6c45fab6b0a90e337bc"
8146,"49898","49898_Cuenca_Crisnejas","IDConfig_8146_completo.xlsx","49898_Cuenca_Crisnejas/_raw_reportes_xlsx/IDConfig_8146_completo.xlsx",144140,140.76,"9ff7d620c933bf11f5ac7eff0d34d559"
8148,"49898","49898_Cuenca_Crisnejas","IDConfig_8148_completo.xlsx","49898_Cuenca_Crisnejas/_raw_reportes_xlsx/IDConfig_8148_completo.xlsx",164361,160.51,"46f85c16d62dea49d36b2fca3e45c1a5"
8641,"49898","49898_Cuenca_Crisnejas","IDConfig_8641_completo.xlsx","49898_Cuenca_Crisnejas/_raw_reportes_xlsx/IDConfig_8641_completo.xlsx",30404,29.69,"70b04fc01840638c176c8749d06329e3"
8642,"49898","49898_Cuenca_Crisnejas","IDConfig_8642_completo.xlsx","49898_Cuenca_Crisnejas/_raw_reportes_xlsx/IDConfig_8642_completo.xlsx",33301,32.52,"ecc91f6995631a982dfb10cc5f304bb7"
51796,"49898","49898_Cuenca_Crisnejas","IDConfig_51796_completo.xlsx","49898_Cuenca_Crisnejas/_raw_reportes_xlsx/IDConfig_51796_completo.xlsx",81014,79.12,"35bd23d8de7a5c5b253efcd300386c6f"
51988,"49898","49898_Cuenca_Crisnejas","IDConfig_51988_completo.xlsx","49898_Cuenca_Crisnejas/_raw_reportes_xlsx/IDConfig_51988_completo.xlsx",82976,81.03,"4ce0ef86c2422e11559fb4c4ca393204"
52620,"49898","49898_Cuenca_Crisnejas","IDConfig_52620_completo.xlsx","49898_Cuenca_Crisnejas/_raw_reportes_xlsx/IDConfig_52620_completo.xlsx",82830,80.89,"90f8a3db377fdc157ba5f853ecfde625"
61069,"49898","49898_Cuenca_Crisnejas","IDConfig_61069_completo.xlsx","49898_Cuenca_Crisnejas/_raw_reportes_xlsx/IDConfig_61069_completo.xlsx",3206,3.13,"cce25cef3d3e31ffc67c135b09fe8805"
63588,"49898","49898_Cuenca_Crisnejas","IDConfig_63588_completo.xlsx","49898_Cuenca_Crisnejas/_raw_reportes_xlsx/IDConfig_63588_completo.xlsx",17675,17.26,"8963f90e5db1d687701d27a0d9369f99"
63589,"49898","49898_Cuenca_Crisnejas","IDConfig_63589_completo.xlsx","49898_Cuenca_Crisnejas/_raw_reportes_xlsx/IDConfig_63589_completo.xlsx",18337,17.91,"e0bd3ec149e4264489b728223a84b765"
63590,"49898","49898_Cuenca_Crisnejas","IDConfig_63590_completo.xlsx","49898_Cuenca_Crisnejas/_raw_reportes_xlsx/IDConfig_63590_completo.xlsx",34060,33.26,"89a5ff1b83c5d97cba60726c71b2067a"
63591,"49898","49898_Cuenca_Crisnejas","IDConfig_63591_completo.xlsx","49898_Cuenca_Crisnejas/_raw_reportes_xlsx/IDConfig_63591_completo.xlsx",13498,13.18,"cd47e4aa2e441f97821b989f7549fedd"
64364,"49898","49898_Cuenca_Crisnejas","IDConfig_64364_completo.xlsx","49898_Cuenca_Crisnejas/_raw_reportes_xlsx/IDConfig_64364_completo.xlsx",32674,31.91,"155c95bc14a5187d102dee343de6ab51"
64764,"49898","49898_Cuenca_Crisnejas","IDConfig_64764_completo.xlsx","49898_Cuenca_Crisnejas/_raw_reportes_xlsx/IDConfig_64764_completo.xlsx",3534,3.45,"c940bffc11d0d7714d06b1b926d47e4b"
64929,"49898","49898_Cuenca_Crisnejas","IDConfig_64929_completo.xlsx","49898_Cuenca_Crisnejas/_raw_reportes_xlsx/IDConfig_64929_completo.xlsx",13531,13.21,"50461e44a55fddf110aeb4646e961f1e"
64938,"49898","49898_Cuenca_Crisnejas","IDConfig_64938_completo.xlsx","49898_Cuenca_Crisnejas/_raw_reportes_xlsx/IDConfig_64938_completo.xlsx",12784,12.48,"e49eb13c1ab5083a4089a4ec4452e91e"
64947,"49898","49898_Cuenca_Crisnejas","IDConfig_64947_completo.xlsx","49898_Cuenca_Crisnejas/_raw_reportes_xlsx/IDConfig_64947_completo.xlsx",11761,11.49,"2b127c2533830be9092e60ccb3c2397b"
64989,"49898","49898_Cuenca_Crisnejas","IDConfig_64989_completo.xlsx","49898_Cuenca_Crisnejas/_raw_reportes_xlsx/IDConfig_64989_completo.xlsx",12709,12.41,"54f8bda20e1fe22ff20ae43d65b63140"
65023,"49898","49898_Cuenca_Crisnejas","IDConfig_65023_completo.xlsx","49898_Cuenca_Crisnejas/_raw_reportes_xlsx/IDConfig_65023_completo.xlsx",47953,46.83,"8339899f94d6c156afbf337403f194a2"
65032,"49898","49898_Cuenca_Crisnejas","IDConfig_65032_completo.xlsx","49898_Cuenca_Crisnejas/_raw_reportes_xlsx/IDConfig_65032_completo.xlsx",32745,31.98,"fbc9ff0e3d95340e004e82384892f7ba"
65041,"49898","49898_Cuenca_Crisnejas","IDConfig_65041_completo.xlsx","49898_Cuenca_Crisnejas/_raw_reportes_xlsx/IDConfig_65041_completo.xlsx",29184,28.5,"0f57da99991510d07dd2532e647632df"
65083,"49898","49898_Cuenca_Crisnejas","IDConfig_65083_completo.xlsx","49898_Cuenca_Crisnejas/_raw_reportes_xlsx/IDConfig_65083_completo.xlsx",31769,31.02,"fc3ebb5a87c87cf49ca6be9ba5158de5"
67588,"49898","49898_Cuenca_Crisnejas","IDConfig_67588_completo.xlsx","49898_Cuenca_Crisnejas/_raw_reportes_xlsx/IDConfig_67588_completo.xlsx",12234,11.95,"2c8feeadd10383548c481916c4d7149a"
67597,"49898","49898_Cuenca_Crisnejas","IDConfig_67597_completo.xlsx","49898_Cuenca_Crisnejas/_raw_reportes_xlsx/IDConfig_67597_completo.xlsx",11701,11.43,"173b7479b70883d581fb5988dd616b34"
67606,"49898","49898_Cuenca_Crisnejas","IDConfig_67606_completo.xlsx","49898_Cuenca_Crisnejas/_raw_reportes_xlsx/IDConfig_67606_completo.xlsx",10537,10.29,"52a3669e58a69ca8559816b28954a7ad"
67648,"49898","49898_Cuenca_Crisnejas","IDConfig_67648_completo.xlsx","49898_Cuenca_Crisnejas/_raw_reportes_xlsx/IDConfig_67648_completo.xlsx",11315,11.05,"00272e4e103926fe3f5b8645b0272c68"
67689,"49898","49898_Cuenca_Crisnejas","IDConfig_67689_completo.xlsx","49898_Cuenca_Crisnejas/_raw_reportes_xlsx/IDConfig_67689_completo.xlsx",12163,11.88,"219966c8df4af9234422110a5ae40145"
67698,"49898","49898_Cuenca_Crisnejas","IDConfig_67698_completo.xlsx","49898_Cuenca_Crisnejas/_raw_reportes_xlsx/IDConfig_67698_completo.xlsx",11445,11.18,"491dce1b2663a615eff4156516f26bec"
67707,"49898","49898_Cuenca_Crisnejas","IDConfig_67707_completo.xlsx","49898_Cuenca_Crisnejas/_raw_reportes_xlsx/IDConfig_67707_completo.xlsx",10187,9.95,"b0cb8afe4de0ee8953c0803caed97369"
67749,"49898","49898_Cuenca_Crisnejas","IDConfig_67749_completo.xlsx","49898_Cuenca_Crisnejas/_raw_reportes_xlsx/IDConfig_67749_completo.xlsx",11047,10.79,"6ee7258d58df498fd13fa216b1c16597"
293,"49899","49899_Intercuenca_Alto_Maranon_V","IDConfig_293_completo.xlsx","49899_Intercuenca_Alto_Maranon_V/_raw_reportes_xlsx/IDConfig_293_completo.xlsx",48163,47.03,"d8ed60e9c8bc322201faba2b754d5106"
381,"49899","49899_Intercuenca_Alto_Maranon_V","IDConfig_381_completo.xlsx","49899_Intercuenca_Alto_Maranon_V/_raw_reportes_xlsx/IDConfig_381_completo.xlsx",5378,5.25,"13406b67b6fa5fd3a3caec6786c135c6"
623,"49899","49899_Intercuenca_Alto_Maranon_V","IDConfig_623_completo.xlsx","49899_Intercuenca_Alto_Maranon_V/_raw_reportes_xlsx/IDConfig_623_completo.xlsx",27689,27.04,"9510bf8490c2c1eb46156aebe16b8be0"
1449,"49899","49899_Intercuenca_Alto_Maranon_V","IDConfig_1449_completo.xlsx","49899_Intercuenca_Alto_Maranon_V/_raw_reportes_xlsx/IDConfig_1449_completo.xlsx",74641,72.89,"9a56c0a06a36c850e8f98c52431cceed"
1766,"49899","49899_Intercuenca_Alto_Maranon_V","IDConfig_1766_completo.xlsx","49899_Intercuenca_Alto_Maranon_V/_raw_reportes_xlsx/IDConfig_1766_completo.xlsx",43064,42.05,"43e36a8c8058df4db9ef92fb121cc7e6"
1823,"49899","49899_Intercuenca_Alto_Maranon_V","IDConfig_1823_completo.xlsx","49899_Intercuenca_Alto_Maranon_V/_raw_reportes_xlsx/IDConfig_1823_completo.xlsx",34645,33.83,"72e2eef585585e93511634027ec90b1f"
2168,"49899","49899_Intercuenca_Alto_Maranon_V","IDConfig_2168_completo.xlsx","49899_Intercuenca_Alto_Maranon_V/_raw_reportes_xlsx/IDConfig_2168_completo.xlsx",26347,25.73,"257eb1e9d50922ac9bcdbc587d44873f"
3262,"49899","49899_Intercuenca_Alto_Maranon_V","IDConfig_3262_completo.xlsx","49899_Intercuenca_Alto_Maranon_V/_raw_reportes_xlsx/IDConfig_3262_completo.xlsx",31869,31.12,"33d67307f764afaa07725eb9ac478ccb"
4047,"49899","49899_Intercuenca_Alto_Maranon_V","IDConfig_4047_completo.xlsx","49899_Intercuenca_Alto_Maranon_V/_raw_reportes_xlsx/IDConfig_4047_completo.xlsx",24762,24.18,"577be919bb29274d4e378c0ae8204872"
6549,"49899","49899_Intercuenca_Alto_Maranon_V","IDConfig_6549_completo.xlsx","49899_Intercuenca_Alto_Maranon_V/_raw_reportes_xlsx/IDConfig_6549_completo.xlsx",65678,64.14,"8b18d58ddda4c35f57207cde5839f7ef"
6551,"49899","49899_Intercuenca_Alto_Maranon_V","IDConfig_6551_completo.xlsx","49899_Intercuenca_Alto_Maranon_V/_raw_reportes_xlsx/IDConfig_6551_completo.xlsx",64709,63.19,"e00ba045f6cd76212a815016ee2c1b35"
6570,"49899","49899_Intercuenca_Alto_Maranon_V","IDConfig_6570_completo.xlsx","49899_Intercuenca_Alto_Maranon_V/_raw_reportes_xlsx/IDConfig_6570_completo.xlsx",44230,43.19,"53e2f66e1044710e13ed29e402207caf"
6584,"49899","49899_Intercuenca_Alto_Maranon_V","IDConfig_6584_completo.xlsx","49899_Intercuenca_Alto_Maranon_V/_raw_reportes_xlsx/IDConfig_6584_completo.xlsx",13442,13.13,"0b03904f7a0e2bc7e1e19fb396ab4ef4"
6598,"49899","49899_Intercuenca_Alto_Maranon_V","IDConfig_6598_completo.xlsx","49899_Intercuenca_Alto_Maranon_V/_raw_reportes_xlsx/IDConfig_6598_completo.xlsx",6872,6.71,"bd69224e6c4154aae0879185a2ed242e"
6604,"49899","49899_Intercuenca_Alto_Maranon_V","IDConfig_6604_completo.xlsx","49899_Intercuenca_Alto_Maranon_V/_raw_reportes_xlsx/IDConfig_6604_completo.xlsx",48166,47.04,"67c8fc00a2d2ad07c78cd8df32ec6a3d"
63635,"49899","49899_Intercuenca_Alto_Maranon_V","IDConfig_63635_completo.xlsx","49899_Intercuenca_Alto_Maranon_V/_raw_reportes_xlsx/IDConfig_63635_completo.xlsx",14076,13.75,"b4987f9566c1c9c9ca31ee5baab27ead"
3575,"49911","49911_Intercuenca_49911","IDConfig_3575_completo.xlsx","49911_Intercuenca_49911/_raw_reportes_xlsx/IDConfig_3575_completo.xlsx",38928,38.02,"458d4a952f8bae23d7ad042a58f0c1be"
3999,"49911","49911_Intercuenca_49911","IDConfig_3999_completo.xlsx","49911_Intercuenca_49911/_raw_reportes_xlsx/IDConfig_3999_completo.xlsx",35786,34.95,"0518e163e4af59f2eceb22796907269a"
7420,"49911","49911_Intercuenca_49911","IDConfig_7420_completo.xlsx","49911_Intercuenca_49911/_raw_reportes_xlsx/IDConfig_7420_completo.xlsx",83912,81.95,"e5dc287b928af1893a20f5c11d1d1325"
7427,"49911","49911_Intercuenca_49911","IDConfig_7427_completo.xlsx","49911_Intercuenca_49911/_raw_reportes_xlsx/IDConfig_7427_completo.xlsx",134336,131.19,"0adbd62523bf6c2345f092eb2f6f3827"
8201,"49911","49911_Intercuenca_49911","IDConfig_8201_completo.xlsx","49911_Intercuenca_49911/_raw_reportes_xlsx/IDConfig_8201_completo.xlsx",15756,15.39,"b20d36c70f22e4cc08be40ebf54ecfe0"
51777,"49911","49911_Intercuenca_49911","IDConfig_51777_completo.xlsx","49911_Intercuenca_49911/_raw_reportes_xlsx/IDConfig_51777_completo.xlsx",78212,76.38,"7d9b4e080de81b7c431df67d8721a210"
51865,"49911","49911_Intercuenca_49911","IDConfig_51865_completo.xlsx","49911_Intercuenca_49911/_raw_reportes_xlsx/IDConfig_51865_completo.xlsx",86667,84.64,"deb0687dfc8741de2b9974fa05e1aef0"
52077,"49911","49911_Intercuenca_49911","IDConfig_52077_completo.xlsx","49911_Intercuenca_49911/_raw_reportes_xlsx/IDConfig_52077_completo.xlsx",43493,42.47,"6692475d58858e3011eec0403105079e"
65195,"49911","49911_Intercuenca_49911","IDConfig_65195_completo.xlsx","49911_Intercuenca_49911/_raw_reportes_xlsx/IDConfig_65195_completo.xlsx",24428,23.86,"dc304928f19e7d23a6e37e7cf078b829"
65333,"49911","49911_Intercuenca_49911","IDConfig_65333_completo.xlsx","49911_Intercuenca_49911/_raw_reportes_xlsx/IDConfig_65333_completo.xlsx",9081,8.87,"6baada09bf12e8d0c8908638e8297f90"
4512,"49913","49913_Intercuenca_49913","IDConfig_4512_completo.xlsx","49913_Intercuenca_49913/_raw_reportes_xlsx/IDConfig_4512_completo.xlsx",44251,43.21,"736fa2d2922fab5e50e89f07a49b2b2e"
4752,"49913","49913_Intercuenca_49913","IDConfig_4752_completo.xlsx","49913_Intercuenca_49913/_raw_reportes_xlsx/IDConfig_4752_completo.xlsx",5534,5.4,"cea239841ac38a1f63276869b7c2cd8e"
4758,"49913","49913_Intercuenca_49913","IDConfig_4758_completo.xlsx","49913_Intercuenca_49913/_raw_reportes_xlsx/IDConfig_4758_completo.xlsx",126710,123.74,"ffc7bfdc0959fb1d404d21c9933b37ff"
4764,"49913","49913_Intercuenca_49913","IDConfig_4764_completo.xlsx","49913_Intercuenca_49913/_raw_reportes_xlsx/IDConfig_4764_completo.xlsx",45178,44.12,"5c3e94633b7e9b983834b232aa6126f0"
7419,"49913","49913_Intercuenca_49913","IDConfig_7419_completo.xlsx","49913_Intercuenca_49913/_raw_reportes_xlsx/IDConfig_7419_completo.xlsx",124425,121.51,"bafc335a47facf02439a82cd8b81b73b"
51860,"49913","49913_Intercuenca_49913","IDConfig_51860_completo.xlsx","49913_Intercuenca_49913/_raw_reportes_xlsx/IDConfig_51860_completo.xlsx",85501,83.5,"ab67021c3e36f2d78806eff43b0ebba7"
52028,"49913","49913_Intercuenca_49913","IDConfig_52028_completo.xlsx","49913_Intercuenca_49913/_raw_reportes_xlsx/IDConfig_52028_completo.xlsx",67764,66.18,"7cc8958d2bade2ee9b18b8e85ab150b2"
52332,"49913","49913_Intercuenca_49913","IDConfig_52332_completo.xlsx","49913_Intercuenca_49913/_raw_reportes_xlsx/IDConfig_52332_completo.xlsx",82910,80.97,"2d311f998ad5e333c5c2cc68d5033638"
52392,"49913","49913_Intercuenca_49913","IDConfig_52392_completo.xlsx","49913_Intercuenca_49913/_raw_reportes_xlsx/IDConfig_52392_completo.xlsx",79916,78.04,"3e3b3f9513844dbdd3d156b98ccb4990"
4765,"49914","49914_Cuenca_Cushabatay","IDConfig_4765_completo.xlsx","49914_Cuenca_Cushabatay/_raw_reportes_xlsx/IDConfig_4765_completo.xlsx",48611,47.47,"54e17239ed2c203fb034a5e600e39710"
1996,"49915","49915_Intercuenca_49915","IDConfig_1996_completo.xlsx","49915_Intercuenca_49915/_raw_reportes_xlsx/IDConfig_1996_completo.xlsx",17825,17.41,"6a2dcbf50cbae3b9ebe848f57746e001"
4774,"49915","49915_Intercuenca_49915","IDConfig_4774_completo.xlsx","49915_Intercuenca_49915/_raw_reportes_xlsx/IDConfig_4774_completo.xlsx",31463,30.73,"cd0531368e73e980b4e1a4b3014bfebc"
7428,"49915","49915_Intercuenca_49915","IDConfig_7428_completo.xlsx","49915_Intercuenca_49915/_raw_reportes_xlsx/IDConfig_7428_completo.xlsx",137023,133.81,"0ee87b3206db9ae6c4fa309746627c85"
7563,"49915","49915_Intercuenca_49915","IDConfig_7563_completo.xlsx","49915_Intercuenca_49915/_raw_reportes_xlsx/IDConfig_7563_completo.xlsx",5660,5.53,"44282f8a3945ab7dbd5b20b90cdc646b"
63602,"49915","49915_Intercuenca_49915","IDConfig_63602_completo.xlsx","49915_Intercuenca_49915/_raw_reportes_xlsx/IDConfig_63602_completo.xlsx",72792,71.09,"7b159d74b77d2dac3f33a1609bd4c576"
65217,"49915","49915_Intercuenca_49915","IDConfig_65217_completo.xlsx","49915_Intercuenca_49915/_raw_reportes_xlsx/IDConfig_65217_completo.xlsx",32317,31.56,"5c3739e4ea53e46cba9a0f2057085f1d"
65355,"49915","49915_Intercuenca_49915","IDConfig_65355_completo.xlsx","49915_Intercuenca_49915/_raw_reportes_xlsx/IDConfig_65355_completo.xlsx",11177,10.92,"b5a4992621a3eabf9b0856634c5892fe"
4437,"49916","49916_Cuenca_Aguaytia","IDConfig_4437_completo.xlsx","49916_Cuenca_Aguaytia/_raw_reportes_xlsx/IDConfig_4437_completo.xlsx",15338,14.98,"d56384940675259e65847319d0ca249b"
4460,"49916","49916_Cuenca_Aguaytia","IDConfig_4460_completo.xlsx","49916_Cuenca_Aguaytia/_raw_reportes_xlsx/IDConfig_4460_completo.xlsx",32854,32.08,"f895156598b37db56a631a7b5625c34f"
7423,"49916","49916_Cuenca_Aguaytia","IDConfig_7423_completo.xlsx","49916_Cuenca_Aguaytia/_raw_reportes_xlsx/IDConfig_7423_completo.xlsx",176588,172.45,"b50acb5cebe7db13d46410662459aec2"
7426,"49916","49916_Cuenca_Aguaytia","IDConfig_7426_completo.xlsx","49916_Cuenca_Aguaytia/_raw_reportes_xlsx/IDConfig_7426_completo.xlsx",101748,99.36,"26d708ce47bfb3da2c21902bf8d94476"
51851,"49916","49916_Cuenca_Aguaytia","IDConfig_51851_completo.xlsx","49916_Cuenca_Aguaytia/_raw_reportes_xlsx/IDConfig_51851_completo.xlsx",48899,47.75,"b80741d54486daa91a5f185db4d3698b"
62986,"49916","49916_Cuenca_Aguaytia","IDConfig_62986_completo.xlsx","49916_Cuenca_Aguaytia/_raw_reportes_xlsx/IDConfig_62986_completo.xlsx",31745,31,"e0aa117963123ecef1d17e353c231fdc"
63337,"49916","49916_Cuenca_Aguaytia","IDConfig_63337_completo.xlsx","49916_Cuenca_Aguaytia/_raw_reportes_xlsx/IDConfig_63337_completo.xlsx",10972,10.71,"b191829f4f87921fd130c6d36eb15c61"
63592,"49916","49916_Cuenca_Aguaytia","IDConfig_63592_completo.xlsx","49916_Cuenca_Aguaytia/_raw_reportes_xlsx/IDConfig_63592_completo.xlsx",13556,13.24,"cc4e94772cc7f9bbeaf1bf7259eb710b"
63603,"49916","49916_Cuenca_Aguaytia","IDConfig_63603_completo.xlsx","49916_Cuenca_Aguaytia/_raw_reportes_xlsx/IDConfig_63603_completo.xlsx",14856,14.51,"f951bedff15cbd4e312f6822f2509ed1"
64905,"49916","49916_Cuenca_Aguaytia","IDConfig_64905_completo.xlsx","49916_Cuenca_Aguaytia/_raw_reportes_xlsx/IDConfig_64905_completo.xlsx",16529,16.14,"c1733ac173e9a421709a8f39df4f3db6"
64970,"49916","49916_Cuenca_Aguaytia","IDConfig_64970_completo.xlsx","49916_Cuenca_Aguaytia/_raw_reportes_xlsx/IDConfig_64970_completo.xlsx",13814,13.49,"7b8a3b50e2ee809f6917c66a64619c1c"
64999,"49916","49916_Cuenca_Aguaytia","IDConfig_64999_completo.xlsx","49916_Cuenca_Aguaytia/_raw_reportes_xlsx/IDConfig_64999_completo.xlsx",45077,44.02,"c631de5ee2927b7e266981fe1b10b16b"
65064,"49916","49916_Cuenca_Aguaytia","IDConfig_65064_completo.xlsx","49916_Cuenca_Aguaytia/_raw_reportes_xlsx/IDConfig_65064_completo.xlsx",38355,37.46,"dd13bdfe353eeffd891ece1e4fab47ae"
65110,"49916","49916_Cuenca_Aguaytia","IDConfig_65110_completo.xlsx","49916_Cuenca_Aguaytia/_raw_reportes_xlsx/IDConfig_65110_completo.xlsx",30936,30.21,"31c954ca26a6b2850678ebad4c0356fa"
65245,"49916","49916_Cuenca_Aguaytia","IDConfig_65245_completo.xlsx","49916_Cuenca_Aguaytia/_raw_reportes_xlsx/IDConfig_65245_completo.xlsx",32283,31.53,"66bf4e205f6a1358ed1f251c4bee4f77"
65268,"49916","49916_Cuenca_Aguaytia","IDConfig_65268_completo.xlsx","49916_Cuenca_Aguaytia/_raw_reportes_xlsx/IDConfig_65268_completo.xlsx",10909,10.65,"b69b38612e05e8dba63efd10678388c2"
65383,"49916","49916_Cuenca_Aguaytia","IDConfig_65383_completo.xlsx","49916_Cuenca_Aguaytia/_raw_reportes_xlsx/IDConfig_65383_completo.xlsx",11086,10.83,"fb6cfb5e29805db69b1dd5960c586de1"
67564,"49916","49916_Cuenca_Aguaytia","IDConfig_67564_completo.xlsx","49916_Cuenca_Aguaytia/_raw_reportes_xlsx/IDConfig_67564_completo.xlsx",14155,13.82,"33da76227ae468b0b9d36d27e851906f"
67629,"49916","49916_Cuenca_Aguaytia","IDConfig_67629_completo.xlsx","49916_Cuenca_Aguaytia/_raw_reportes_xlsx/IDConfig_67629_completo.xlsx",12586,12.29,"afb69fe79dc9c20e2977fe0fda332e5d"
67665,"49916","49916_Cuenca_Aguaytia","IDConfig_67665_completo.xlsx","49916_Cuenca_Aguaytia/_raw_reportes_xlsx/IDConfig_67665_completo.xlsx",13735,13.41,"6e8730302c9deebf3b7dd20a86224924"
67730,"49916","49916_Cuenca_Aguaytia","IDConfig_67730_completo.xlsx","49916_Cuenca_Aguaytia/_raw_reportes_xlsx/IDConfig_67730_completo.xlsx",11975,11.69,"23693a645b3c9f862be30289dc01a951"
4256,"49917","49917_Intercuenca_49917","IDConfig_4256_completo.xlsx","49917_Intercuenca_49917/_raw_reportes_xlsx/IDConfig_4256_completo.xlsx",97698,95.41,"579a4041bd4001a37f1c78d42a5a9b66"
4514,"49917","49917_Intercuenca_49917","IDConfig_4514_completo.xlsx","49917_Intercuenca_49917/_raw_reportes_xlsx/IDConfig_4514_completo.xlsx",65089,63.56,"bd70300138fc6f65a8d3d1220fd028c6"
7508,"49917","49917_Intercuenca_49917","IDConfig_7508_completo.xlsx","49917_Intercuenca_49917/_raw_reportes_xlsx/IDConfig_7508_completo.xlsx",24877,24.29,"4fccc10545499d6d18b3570020055c97"
8101,"49917","49917_Intercuenca_49917","IDConfig_8101_completo.xlsx","49917_Intercuenca_49917/_raw_reportes_xlsx/IDConfig_8101_completo.xlsx",20318,19.84,"5c2629e0cf4bf81ff23983cc8ec52e30"
9021,"49917","49917_Intercuenca_49917","IDConfig_9021_completo.xlsx","49917_Intercuenca_49917/_raw_reportes_xlsx/IDConfig_9021_completo.xlsx",4976323,4859.69,"93aeed932fa42778289542ffbac72eb3"
9041,"49917","49917_Intercuenca_49917","IDConfig_9041_completo.xlsx","49917_Intercuenca_49917/_raw_reportes_xlsx/IDConfig_9041_completo.xlsx",5629853,5497.9,"f3c72eaf5cdca04129c5c16fe5fc4cfe"
11581,"49917","49917_Intercuenca_49917","IDConfig_11581_completo.xlsx","49917_Intercuenca_49917/_raw_reportes_xlsx/IDConfig_11581_completo.xlsx",12856,12.55,"bc3455db4f721f1040e62a2e57b9b543"
11582,"49917","49917_Intercuenca_49917","IDConfig_11582_completo.xlsx","49917_Intercuenca_49917/_raw_reportes_xlsx/IDConfig_11582_completo.xlsx",16696,16.3,"fa18a9bcf1696f1a1aada66a97cac099"
63593,"49917","49917_Intercuenca_49917","IDConfig_63593_completo.xlsx","49917_Intercuenca_49917/_raw_reportes_xlsx/IDConfig_63593_completo.xlsx",41423,40.45,"4bf4a9870fe6b8473eefcb52d9d68d33"
64043,"49917","49917_Intercuenca_49917","IDConfig_64043_completo.xlsx","49917_Intercuenca_49917/_raw_reportes_xlsx/IDConfig_64043_completo.xlsx",313156,305.82,"24c24df1cf83b2c4f6cc755e8211fc3b"
64063,"49917","49917_Intercuenca_49917","IDConfig_64063_completo.xlsx","49917_Intercuenca_49917/_raw_reportes_xlsx/IDConfig_64063_completo.xlsx",252341,246.43,"2a9fb4e813f1938aa5b4754527a24117"
65108,"49917","49917_Intercuenca_49917","IDConfig_65108_completo.xlsx","49917_Intercuenca_49917/_raw_reportes_xlsx/IDConfig_65108_completo.xlsx",119156,116.36,"0a8e804323a351403ffb61878965cd4a"
65266,"49917","49917_Intercuenca_49917","IDConfig_65266_completo.xlsx","49917_Intercuenca_49917/_raw_reportes_xlsx/IDConfig_65266_completo.xlsx",11644,11.37,"b9da47122f7a6de527e56c4c3f12bba3"
4555,"49919","49919_Intercuenca_49919","IDConfig_4555_completo.xlsx","49919_Intercuenca_49919/_raw_reportes_xlsx/IDConfig_4555_completo.xlsx",42265,41.27,"146c928ed30b924585403cbd9921f13b"
2779,"4992","4992_Cuenca_Pachitea","IDConfig_2779_completo.xlsx","4992_Cuenca_Pachitea/_raw_reportes_xlsx/IDConfig_2779_completo.xlsx",21518,21.01,"6804e8c893d95093e92e43ba5ce06cc0"
4561,"4992","4992_Cuenca_Pachitea","IDConfig_4561_completo.xlsx","4992_Cuenca_Pachitea/_raw_reportes_xlsx/IDConfig_4561_completo.xlsx",7570,7.39,"db605ef15e3dc43f146ddcc50adae75a"
4568,"4992","4992_Cuenca_Pachitea","IDConfig_4568_completo.xlsx","4992_Cuenca_Pachitea/_raw_reportes_xlsx/IDConfig_4568_completo.xlsx",9932,9.7,"3bf24ce5c411e5b03d3bff0493d10399"
4574,"4992","4992_Cuenca_Pachitea","IDConfig_4574_completo.xlsx","4992_Cuenca_Pachitea/_raw_reportes_xlsx/IDConfig_4574_completo.xlsx",25776,25.17,"d085ba12c0c528c2c960b9383b469fc9"
4591,"4992","4992_Cuenca_Pachitea","IDConfig_4591_completo.xlsx","4992_Cuenca_Pachitea/_raw_reportes_xlsx/IDConfig_4591_completo.xlsx",131124,128.05,"ef732b7f7b2846072be69861ede8e0f6"
4598,"4992","4992_Cuenca_Pachitea","IDConfig_4598_completo.xlsx","4992_Cuenca_Pachitea/_raw_reportes_xlsx/IDConfig_4598_completo.xlsx",33179,32.4,"e35e18debf096d971990398e8eeddf4f"
4612,"4992","4992_Cuenca_Pachitea","IDConfig_4612_completo.xlsx","4992_Cuenca_Pachitea/_raw_reportes_xlsx/IDConfig_4612_completo.xlsx",42313,41.32,"53131fa451081f34f6dee58cad30d075"
4614,"4992","4992_Cuenca_Pachitea","IDConfig_4614_completo.xlsx","4992_Cuenca_Pachitea/_raw_reportes_xlsx/IDConfig_4614_completo.xlsx",37919,37.03,"e85723a979924053371ea2871095a07e"
4620,"4992","4992_Cuenca_Pachitea","IDConfig_4620_completo.xlsx","4992_Cuenca_Pachitea/_raw_reportes_xlsx/IDConfig_4620_completo.xlsx",97743,95.45,"217628ccaec9161d4cdf96812fe9e710"
7429,"4992","4992_Cuenca_Pachitea","IDConfig_7429_completo.xlsx","4992_Cuenca_Pachitea/_raw_reportes_xlsx/IDConfig_7429_completo.xlsx",183474,179.17,"929e1c8c6dd70d1d0f45354cbc8c6ebd"
62989,"4992","4992_Cuenca_Pachitea","IDConfig_62989_completo.xlsx","4992_Cuenca_Pachitea/_raw_reportes_xlsx/IDConfig_62989_completo.xlsx",43097,42.09,"ca6cdd66a2b12fc24ad516704475b60f"
63338,"4992","4992_Cuenca_Pachitea","IDConfig_63338_completo.xlsx","4992_Cuenca_Pachitea/_raw_reportes_xlsx/IDConfig_63338_completo.xlsx",12326,12.04,"954d7b33131334ea96d65d2c36383f6c"
63594,"4992","4992_Cuenca_Pachitea","IDConfig_63594_completo.xlsx","4992_Cuenca_Pachitea/_raw_reportes_xlsx/IDConfig_63594_completo.xlsx",14391,14.05,"6e63f5e9f3b95878557e743ceaa502e4"
63595,"4992","4992_Cuenca_Pachitea","IDConfig_63595_completo.xlsx","4992_Cuenca_Pachitea/_raw_reportes_xlsx/IDConfig_63595_completo.xlsx",14391,14.05,"7fbc7b03ebff6a56723661ffff43de5d"
64966,"4992","4992_Cuenca_Pachitea","IDConfig_64966_completo.xlsx","4992_Cuenca_Pachitea/_raw_reportes_xlsx/IDConfig_64966_completo.xlsx",15521,15.16,"0c59f6703276e3dd87eaadb720f07a21"
65060,"4992","4992_Cuenca_Pachitea","IDConfig_65060_completo.xlsx","4992_Cuenca_Pachitea/_raw_reportes_xlsx/IDConfig_65060_completo.xlsx",46271,45.19,"a677a9f087e59766f067c47a6e94e7dc"
65230,"4992","4992_Cuenca_Pachitea","IDConfig_65230_completo.xlsx","4992_Cuenca_Pachitea/_raw_reportes_xlsx/IDConfig_65230_completo.xlsx",35107,34.28,"7bd6a09d031c003282a1dd7ca1853461"
65368,"4992","4992_Cuenca_Pachitea","IDConfig_65368_completo.xlsx","4992_Cuenca_Pachitea/_raw_reportes_xlsx/IDConfig_65368_completo.xlsx",11752,11.48,"64e4be75c56df7a8cccbabfa6a5765b7"
67625,"4992","4992_Cuenca_Pachitea","IDConfig_67625_completo.xlsx","4992_Cuenca_Pachitea/_raw_reportes_xlsx/IDConfig_67625_completo.xlsx",14490,14.15,"583edf869d53b307a1c5d15bee2606ab"
67726,"4992","4992_Cuenca_Pachitea","IDConfig_67726_completo.xlsx","4992_Cuenca_Pachitea/_raw_reportes_xlsx/IDConfig_67726_completo.xlsx",14374,14.04,"9dd994d1ab6c5ca5841bdb91bf0301ae"
253,"4993","4993_Intercuenca_Medio_Bajo_Ucayali","IDConfig_253_completo.xlsx","4993_Intercuenca_Medio_Bajo_Ucayali/_raw_reportes_xlsx/IDConfig_253_completo.xlsx",12390,12.1,"d532e3c767626e818b8ab08b0783c196"
4559,"4993","4993_Intercuenca_Medio_Bajo_Ucayali","IDConfig_4559_completo.xlsx","4993_Intercuenca_Medio_Bajo_Ucayali/_raw_reportes_xlsx/IDConfig_4559_completo.xlsx",40446,39.5,"75dcc66bfc25877ca1fa96750969244b"
4783,"4993","4993_Intercuenca_Medio_Bajo_Ucayali","IDConfig_4783_completo.xlsx","4993_Intercuenca_Medio_Bajo_Ucayali/_raw_reportes_xlsx/IDConfig_4783_completo.xlsx",9402,9.18,"749b8c41433f86d7799e72c41fc4dd99"
4789,"4993","4993_Intercuenca_Medio_Bajo_Ucayali","IDConfig_4789_completo.xlsx","4993_Intercuenca_Medio_Bajo_Ucayali/_raw_reportes_xlsx/IDConfig_4789_completo.xlsx",31018,30.29,"22bab87c984c645bfe9f866dbde9429a"
65105,"4993","4993_Intercuenca_Medio_Bajo_Ucayali","IDConfig_65105_completo.xlsx","4993_Intercuenca_Medio_Bajo_Ucayali/_raw_reportes_xlsx/IDConfig_65105_completo.xlsx",17213,16.81,"cfba20e0f17193a993ab86887df421e4"
65263,"4993","4993_Intercuenca_Medio_Bajo_Ucayali","IDConfig_65263_completo.xlsx","4993_Intercuenca_Medio_Bajo_Ucayali/_raw_reportes_xlsx/IDConfig_65263_completo.xlsx",9705,9.48,"cc62dc1a7ba23c1c42f910f2f5927e8a"
40,"4994","4994_Cuenca_Urubamba","IDConfig_40_completo.xlsx","4994_Cuenca_Urubamba/_raw_reportes_xlsx/IDConfig_40_completo.xlsx",30188,29.48,"9c8b4a7e07caecad5bc135e39c3dd283"
185,"4994","4994_Cuenca_Urubamba","IDConfig_185_completo.xlsx","4994_Cuenca_Urubamba/_raw_reportes_xlsx/IDConfig_185_completo.xlsx",74818,73.06,"6c2f8b3dea49e55d5e72d6760acff5c7"
352,"4994","4994_Cuenca_Urubamba","IDConfig_352_completo.xlsx","4994_Cuenca_Urubamba/_raw_reportes_xlsx/IDConfig_352_completo.xlsx",33561,32.77,"dc60512d1fcb86e030bcc70357854126"
390,"4994","4994_Cuenca_Urubamba","IDConfig_390_completo.xlsx","4994_Cuenca_Urubamba/_raw_reportes_xlsx/IDConfig_390_completo.xlsx",4653,4.54,"9b31db349c0bbd1b8548e9bb0f5d07c6"
609,"4994","4994_Cuenca_Urubamba","IDConfig_609_completo.xlsx","4994_Cuenca_Urubamba/_raw_reportes_xlsx/IDConfig_609_completo.xlsx",44987,43.93,"9e77094d3d65713673b6b3da6f7ad430"
613,"4994","4994_Cuenca_Urubamba","IDConfig_613_completo.xlsx","4994_Cuenca_Urubamba/_raw_reportes_xlsx/IDConfig_613_completo.xlsx",11211,10.95,"7c80a14eda16969ebdb4b1e8a8f24e36"
686,"4994","4994_Cuenca_Urubamba","IDConfig_686_completo.xlsx","4994_Cuenca_Urubamba/_raw_reportes_xlsx/IDConfig_686_completo.xlsx",4046,3.95,"afaf2c32b95457dc2301f3d406bfb579"
902,"4994","4994_Cuenca_Urubamba","IDConfig_902_completo.xlsx","4994_Cuenca_Urubamba/_raw_reportes_xlsx/IDConfig_902_completo.xlsx",72908,71.2,"594a990f6cf1d5ba87446791eab1ff79"
1231,"4994","4994_Cuenca_Urubamba","IDConfig_1231_completo.xlsx","4994_Cuenca_Urubamba/_raw_reportes_xlsx/IDConfig_1231_completo.xlsx",3744,3.66,"d443fa0da50607e34782935a5d11054a"
1422,"4994","4994_Cuenca_Urubamba","IDConfig_1422_completo.xlsx","4994_Cuenca_Urubamba/_raw_reportes_xlsx/IDConfig_1422_completo.xlsx",58499,57.13,"92e061eae2da3b5baf1bcaed9bda9e85"
1527,"4994","4994_Cuenca_Urubamba","IDConfig_1527_completo.xlsx","4994_Cuenca_Urubamba/_raw_reportes_xlsx/IDConfig_1527_completo.xlsx",30097,29.39,"5eed2ef5dea648c0619fcb46f5262d7b"
1959,"4994","4994_Cuenca_Urubamba","IDConfig_1959_completo.xlsx","4994_Cuenca_Urubamba/_raw_reportes_xlsx/IDConfig_1959_completo.xlsx",76577,74.78,"66e4c01754c9a97665969e197a3595e5"
1990,"4994","4994_Cuenca_Urubamba","IDConfig_1990_completo.xlsx","4994_Cuenca_Urubamba/_raw_reportes_xlsx/IDConfig_1990_completo.xlsx",4797,4.68,"f5ca24835997fc34b38533c05cb7ec90"
2116,"4994","4994_Cuenca_Urubamba","IDConfig_2116_completo.xlsx","4994_Cuenca_Urubamba/_raw_reportes_xlsx/IDConfig_2116_completo.xlsx",4265,4.17,"c0e5c7ce5ef6336a60bf2e2276d321ac"
2178,"4994","4994_Cuenca_Urubamba","IDConfig_2178_completo.xlsx","4994_Cuenca_Urubamba/_raw_reportes_xlsx/IDConfig_2178_completo.xlsx",20031,19.56,"5c11063ff703857d42312bec658e364b"
2237,"4994","4994_Cuenca_Urubamba","IDConfig_2237_completo.xlsx","4994_Cuenca_Urubamba/_raw_reportes_xlsx/IDConfig_2237_completo.xlsx",22439,21.91,"5a4546befa23aa3e84a67163350d4e3e"
2365,"4994","4994_Cuenca_Urubamba","IDConfig_2365_completo.xlsx","4994_Cuenca_Urubamba/_raw_reportes_xlsx/IDConfig_2365_completo.xlsx",144732,141.34,"c6a9be6367ee9e508adfae0e84e9a994"
2455,"4994","4994_Cuenca_Urubamba","IDConfig_2455_completo.xlsx","4994_Cuenca_Urubamba/_raw_reportes_xlsx/IDConfig_2455_completo.xlsx",70872,69.21,"d1ad7607a43aa138f980ae0273feefaa"
2464,"4994","4994_Cuenca_Urubamba","IDConfig_2464_completo.xlsx","4994_Cuenca_Urubamba/_raw_reportes_xlsx/IDConfig_2464_completo.xlsx",44374,43.33,"8034ec4fbb36861c350060454dcfd8c2"
2473,"4994","4994_Cuenca_Urubamba","IDConfig_2473_completo.xlsx","4994_Cuenca_Urubamba/_raw_reportes_xlsx/IDConfig_2473_completo.xlsx",14066,13.74,"ba9f318fc7dcb741ae6c1d25d673649a"
2570,"4994","4994_Cuenca_Urubamba","IDConfig_2570_completo.xlsx","4994_Cuenca_Urubamba/_raw_reportes_xlsx/IDConfig_2570_completo.xlsx",32791,32.02,"4ba76a85fe5482707cbb7f21eaf4d1bc"
2572,"4994","4994_Cuenca_Urubamba","IDConfig_2572_completo.xlsx","4994_Cuenca_Urubamba/_raw_reportes_xlsx/IDConfig_2572_completo.xlsx",19875,19.41,"5f16bdd239272b0a45c571fc9422cf5a"
2713,"4994","4994_Cuenca_Urubamba","IDConfig_2713_completo.xlsx","4994_Cuenca_Urubamba/_raw_reportes_xlsx/IDConfig_2713_completo.xlsx",13995,13.67,"33a3274b67906ffcc7327dfecef7a74a"
2760,"4994","4994_Cuenca_Urubamba","IDConfig_2760_completo.xlsx","4994_Cuenca_Urubamba/_raw_reportes_xlsx/IDConfig_2760_completo.xlsx",27232,26.59,"4799657288974a751718c3747ae7e333"
3175,"4994","4994_Cuenca_Urubamba","IDConfig_3175_completo.xlsx","4994_Cuenca_Urubamba/_raw_reportes_xlsx/IDConfig_3175_completo.xlsx",51226,50.03,"347ac533576404f904b27866a05e612e"
3395,"4994","4994_Cuenca_Urubamba","IDConfig_3395_completo.xlsx","4994_Cuenca_Urubamba/_raw_reportes_xlsx/IDConfig_3395_completo.xlsx",72946,71.24,"9fa5fcc7de8d7a083547f7f8a0bfa6f5"
3451,"4994","4994_Cuenca_Urubamba","IDConfig_3451_completo.xlsx","4994_Cuenca_Urubamba/_raw_reportes_xlsx/IDConfig_3451_completo.xlsx",18380,17.95,"0802869901ba45ccb5f6c6cb47f4f296"
3453,"4994","4994_Cuenca_Urubamba","IDConfig_3453_completo.xlsx","4994_Cuenca_Urubamba/_raw_reportes_xlsx/IDConfig_3453_completo.xlsx",233226,227.76,"6f92659184339888536f804d9f731cfb"
3581,"4994","4994_Cuenca_Urubamba","IDConfig_3581_completo.xlsx","4994_Cuenca_Urubamba/_raw_reportes_xlsx/IDConfig_3581_completo.xlsx",93558,91.37,"2557857c155423695f9874ff184d8ece"
3684,"4994","4994_Cuenca_Urubamba","IDConfig_3684_completo.xlsx","4994_Cuenca_Urubamba/_raw_reportes_xlsx/IDConfig_3684_completo.xlsx",24660,24.08,"b512d6f9303d39d10bd083a333a40667"
3783,"4994","4994_Cuenca_Urubamba","IDConfig_3783_completo.xlsx","4994_Cuenca_Urubamba/_raw_reportes_xlsx/IDConfig_3783_completo.xlsx",25374,24.78,"8c6b6d3716c5bcb6789a74a807711b8a"
3940,"4994","4994_Cuenca_Urubamba","IDConfig_3940_completo.xlsx","4994_Cuenca_Urubamba/_raw_reportes_xlsx/IDConfig_3940_completo.xlsx",56835,55.5,"647d5121f66fa18b6e94ffea8898b00d"
3961,"4994","4994_Cuenca_Urubamba","IDConfig_3961_completo.xlsx","4994_Cuenca_Urubamba/_raw_reportes_xlsx/IDConfig_3961_completo.xlsx",28056,27.4,"6440660c984346bc7a6fd87448a4408e"
4053,"4994","4994_Cuenca_Urubamba","IDConfig_4053_completo.xlsx","4994_Cuenca_Urubamba/_raw_reportes_xlsx/IDConfig_4053_completo.xlsx",60903,59.48,"70534a7e3e20377078f1ae6798753c0b"
4190,"4994","4994_Cuenca_Urubamba","IDConfig_4190_completo.xlsx","4994_Cuenca_Urubamba/_raw_reportes_xlsx/IDConfig_4190_completo.xlsx",38422,37.52,"1c5c823fb68e96890abc5124bdd89c69"
4198,"4994","4994_Cuenca_Urubamba","IDConfig_4198_completo.xlsx","4994_Cuenca_Urubamba/_raw_reportes_xlsx/IDConfig_4198_completo.xlsx",67504,65.92,"dce40ef8e137ebe7378d25e6e8d41b53"
4254,"4994","4994_Cuenca_Urubamba","IDConfig_4254_completo.xlsx","4994_Cuenca_Urubamba/_raw_reportes_xlsx/IDConfig_4254_completo.xlsx",6326,6.18,"18af2c9543d31f5f0be2938db305f88b"
7050,"4994","4994_Cuenca_Urubamba","IDConfig_7050_completo.xlsx","4994_Cuenca_Urubamba/_raw_reportes_xlsx/IDConfig_7050_completo.xlsx",23939,23.38,"30601b8d46a651f1b71c5cb003a9961d"
7066,"4994","4994_Cuenca_Urubamba","IDConfig_7066_completo.xlsx","4994_Cuenca_Urubamba/_raw_reportes_xlsx/IDConfig_7066_completo.xlsx",73599,71.87,"8f30a58539dd5c0e55f18547fe01405a"
7077,"4994","4994_Cuenca_Urubamba","IDConfig_7077_completo.xlsx","4994_Cuenca_Urubamba/_raw_reportes_xlsx/IDConfig_7077_completo.xlsx",3407,3.33,"f9ef1e88cd071ae5d8b2d02989a4ff7e"
7095,"4994","4994_Cuenca_Urubamba","IDConfig_7095_completo.xlsx","4994_Cuenca_Urubamba/_raw_reportes_xlsx/IDConfig_7095_completo.xlsx",97239,94.96,"a236c09162ebbc8c569cfdf2bc1aa6ca"
7096,"4994","4994_Cuenca_Urubamba","IDConfig_7096_completo.xlsx","4994_Cuenca_Urubamba/_raw_reportes_xlsx/IDConfig_7096_completo.xlsx",37441,36.56,"bedba2ce7b3b159050b794834b0a0033"
7103,"4994","4994_Cuenca_Urubamba","IDConfig_7103_completo.xlsx","4994_Cuenca_Urubamba/_raw_reportes_xlsx/IDConfig_7103_completo.xlsx",84772,82.79,"c4c8de7bbf6dd5d7ae5063edab82764e"
7106,"4994","4994_Cuenca_Urubamba","IDConfig_7106_completo.xlsx","4994_Cuenca_Urubamba/_raw_reportes_xlsx/IDConfig_7106_completo.xlsx",50065,48.89,"627b5b771ab5d6f807641259db3832e6"
7107,"4994","4994_Cuenca_Urubamba","IDConfig_7107_completo.xlsx","4994_Cuenca_Urubamba/_raw_reportes_xlsx/IDConfig_7107_completo.xlsx",6144,6,"ab44c29026dde50c4f0845c1a3fc0a11"
7108,"4994","4994_Cuenca_Urubamba","IDConfig_7108_completo.xlsx","4994_Cuenca_Urubamba/_raw_reportes_xlsx/IDConfig_7108_completo.xlsx",44345,43.31,"2b17d24fac4aca5d69fc2bbab81e70df"
7109,"4994","4994_Cuenca_Urubamba","IDConfig_7109_completo.xlsx","4994_Cuenca_Urubamba/_raw_reportes_xlsx/IDConfig_7109_completo.xlsx",15856,15.48,"b78b3909a0ef103b74f0c6297306f4e0"
7115,"4994","4994_Cuenca_Urubamba","IDConfig_7115_completo.xlsx","4994_Cuenca_Urubamba/_raw_reportes_xlsx/IDConfig_7115_completo.xlsx",54268,53,"c258cebeb8d16e64ad015e040446e0d8"
7131,"4994","4994_Cuenca_Urubamba","IDConfig_7131_completo.xlsx","4994_Cuenca_Urubamba/_raw_reportes_xlsx/IDConfig_7131_completo.xlsx",24288,23.72,"4ad27bb710b49e047ca217b2bcad34e8"
7137,"4994","4994_Cuenca_Urubamba","IDConfig_7137_completo.xlsx","4994_Cuenca_Urubamba/_raw_reportes_xlsx/IDConfig_7137_completo.xlsx",57780,56.43,"cdd032ba034bab8b36b884fe7509a8d3"
7143,"4994","4994_Cuenca_Urubamba","IDConfig_7143_completo.xlsx","4994_Cuenca_Urubamba/_raw_reportes_xlsx/IDConfig_7143_completo.xlsx",17290,16.88,"5ba3dad2ac3f947beb54e3b6ce6bd8f9"
7192,"4994","4994_Cuenca_Urubamba","IDConfig_7192_completo.xlsx","4994_Cuenca_Urubamba/_raw_reportes_xlsx/IDConfig_7192_completo.xlsx",47264,46.16,"5f855d5aabcc9f8c982f07204ed23c8c"
7206,"4994","4994_Cuenca_Urubamba","IDConfig_7206_completo.xlsx","4994_Cuenca_Urubamba/_raw_reportes_xlsx/IDConfig_7206_completo.xlsx",19339,18.89,"af2817340f4f27fc8e6c66327a1d4d1a"
7218,"4994","4994_Cuenca_Urubamba","IDConfig_7218_completo.xlsx","4994_Cuenca_Urubamba/_raw_reportes_xlsx/IDConfig_7218_completo.xlsx",37144,36.27,"93a3e12514177e7b731125ccf2f50b79"
7224,"4994","4994_Cuenca_Urubamba","IDConfig_7224_completo.xlsx","4994_Cuenca_Urubamba/_raw_reportes_xlsx/IDConfig_7224_completo.xlsx",52731,51.5,"f8888b5f1bbce123a53db3e2a37bfa35"
7430,"4994","4994_Cuenca_Urubamba","IDConfig_7430_completo.xlsx","4994_Cuenca_Urubamba/_raw_reportes_xlsx/IDConfig_7430_completo.xlsx",8304,8.11,"6e13860ff410a13ef8bfc41923ddcc2a"
7431,"4994","4994_Cuenca_Urubamba","IDConfig_7431_completo.xlsx","4994_Cuenca_Urubamba/_raw_reportes_xlsx/IDConfig_7431_completo.xlsx",98793,96.48,"ee41b990b663ec526f35be71a57c2cdf"
7432,"4994","4994_Cuenca_Urubamba","IDConfig_7432_completo.xlsx","4994_Cuenca_Urubamba/_raw_reportes_xlsx/IDConfig_7432_completo.xlsx",12602,12.31,"45104687b16fdf85fd72655eded74748"
7433,"4994","4994_Cuenca_Urubamba","IDConfig_7433_completo.xlsx","4994_Cuenca_Urubamba/_raw_reportes_xlsx/IDConfig_7433_completo.xlsx",202723,197.97,"90f6529d4809e6b9704dcdc3adcaa132"
7434,"4994","4994_Cuenca_Urubamba","IDConfig_7434_completo.xlsx","4994_Cuenca_Urubamba/_raw_reportes_xlsx/IDConfig_7434_completo.xlsx",308442,301.21,"9b0a5718eecb40a99aaabdcb2d67c672"
7536,"4994","4994_Cuenca_Urubamba","IDConfig_7536_completo.xlsx","4994_Cuenca_Urubamba/_raw_reportes_xlsx/IDConfig_7536_completo.xlsx",17135,16.73,"baa12353d06991577fae887d28797106"
7542,"4994","4994_Cuenca_Urubamba","IDConfig_7542_completo.xlsx","4994_Cuenca_Urubamba/_raw_reportes_xlsx/IDConfig_7542_completo.xlsx",11991,11.71,"7e8f049a711faccf796ce24ecaa71f14"
8063,"4994","4994_Cuenca_Urubamba","IDConfig_8063_completo.xlsx","4994_Cuenca_Urubamba/_raw_reportes_xlsx/IDConfig_8063_completo.xlsx",12392,12.1,"66774f0a39e92233722740c7b546424f"
8064,"4994","4994_Cuenca_Urubamba","IDConfig_8064_completo.xlsx","4994_Cuenca_Urubamba/_raw_reportes_xlsx/IDConfig_8064_completo.xlsx",122848,119.97,"7c179eceeb46b40a13a92aaf1e486b9a"
8065,"4994","4994_Cuenca_Urubamba","IDConfig_8065_completo.xlsx","4994_Cuenca_Urubamba/_raw_reportes_xlsx/IDConfig_8065_completo.xlsx",8703,8.5,"516de17cd1e4c94ac78ad330daa07fb4"
8066,"4994","4994_Cuenca_Urubamba","IDConfig_8066_completo.xlsx","4994_Cuenca_Urubamba/_raw_reportes_xlsx/IDConfig_8066_completo.xlsx",85279,83.28,"75f9d7f61e351733540a40ca8990f96a"
51867,"4994","4994_Cuenca_Urubamba","IDConfig_51867_completo.xlsx","4994_Cuenca_Urubamba/_raw_reportes_xlsx/IDConfig_51867_completo.xlsx",88746,86.67,"1d4e218a2e356848aefe80fb72d19531"
52496,"4994","4994_Cuenca_Urubamba","IDConfig_52496_completo.xlsx","4994_Cuenca_Urubamba/_raw_reportes_xlsx/IDConfig_52496_completo.xlsx",75951,74.17,"faf880cb0341213833a5d6fdf30b4e19"
64941,"4994","4994_Cuenca_Urubamba","IDConfig_64941_completo.xlsx","4994_Cuenca_Urubamba/_raw_reportes_xlsx/IDConfig_64941_completo.xlsx",12544,12.25,"83998526491520bb546e902f0d921385"
64950,"4994","4994_Cuenca_Urubamba","IDConfig_64950_completo.xlsx","4994_Cuenca_Urubamba/_raw_reportes_xlsx/IDConfig_64950_completo.xlsx",13337,13.02,"82c49d73322e71a9d732a45504239b48"
64951,"4994","4994_Cuenca_Urubamba","IDConfig_64951_completo.xlsx","4994_Cuenca_Urubamba/_raw_reportes_xlsx/IDConfig_64951_completo.xlsx",14230,13.9,"61bb697bc99d0dac7d061d71b4e44d75"
65035,"4994","4994_Cuenca_Urubamba","IDConfig_65035_completo.xlsx","4994_Cuenca_Urubamba/_raw_reportes_xlsx/IDConfig_65035_completo.xlsx",135868,132.68,"810cd9840feef284af03636edde03925"
65044,"4994","4994_Cuenca_Urubamba","IDConfig_65044_completo.xlsx","4994_Cuenca_Urubamba/_raw_reportes_xlsx/IDConfig_65044_completo.xlsx",69957,68.32,"8a5f2c5d9a154cc6f4b09b717517f4e7"
65045,"4994","4994_Cuenca_Urubamba","IDConfig_65045_completo.xlsx","4994_Cuenca_Urubamba/_raw_reportes_xlsx/IDConfig_65045_completo.xlsx",169071,165.11,"caaf92bb33cc7996d5b6241c72c9d2b7"
65236,"4994","4994_Cuenca_Urubamba","IDConfig_65236_completo.xlsx","4994_Cuenca_Urubamba/_raw_reportes_xlsx/IDConfig_65236_completo.xlsx",135471,132.3,"1482282292102ef20797a6b5aea22700"
65241,"4994","4994_Cuenca_Urubamba","IDConfig_65241_completo.xlsx","4994_Cuenca_Urubamba/_raw_reportes_xlsx/IDConfig_65241_completo.xlsx",121782,118.93,"00efb7efff332e81efa36aaabcaf88f8"
65374,"4994","4994_Cuenca_Urubamba","IDConfig_65374_completo.xlsx","4994_Cuenca_Urubamba/_raw_reportes_xlsx/IDConfig_65374_completo.xlsx",10627,10.38,"4debcfe4072401280e973c8032bf315e"
65379,"4994","4994_Cuenca_Urubamba","IDConfig_65379_completo.xlsx","4994_Cuenca_Urubamba/_raw_reportes_xlsx/IDConfig_65379_completo.xlsx",11033,10.77,"e36610e2bcd2f03d7e083f04c69ccc1d"
67600,"4994","4994_Cuenca_Urubamba","IDConfig_67600_completo.xlsx","4994_Cuenca_Urubamba/_raw_reportes_xlsx/IDConfig_67600_completo.xlsx",10887,10.63,"087cec03344137b2edc88cfc5c5eb055"
67609,"4994","4994_Cuenca_Urubamba","IDConfig_67609_completo.xlsx","4994_Cuenca_Urubamba/_raw_reportes_xlsx/IDConfig_67609_completo.xlsx",12144,11.86,"adbadd6c0ad7c37d5b55ff326117542a"
67610,"4994","4994_Cuenca_Urubamba","IDConfig_67610_completo.xlsx","4994_Cuenca_Urubamba/_raw_reportes_xlsx/IDConfig_67610_completo.xlsx",12261,11.97,"7788b5cdd982494eced2ce55ab5dcd1a"
67701,"4994","4994_Cuenca_Urubamba","IDConfig_67701_completo.xlsx","4994_Cuenca_Urubamba/_raw_reportes_xlsx/IDConfig_67701_completo.xlsx",10618,10.37,"42bb5ad904bc91673906f9621715640d"
67710,"4994","4994_Cuenca_Urubamba","IDConfig_67710_completo.xlsx","4994_Cuenca_Urubamba/_raw_reportes_xlsx/IDConfig_67710_completo.xlsx",11876,11.6,"a97d1688c6518a75216d10da4fdb8c90"
67711,"4994","4994_Cuenca_Urubamba","IDConfig_67711_completo.xlsx","4994_Cuenca_Urubamba/_raw_reportes_xlsx/IDConfig_67711_completo.xlsx",12056,11.77,"80020103001516b743cf1b7095117094"
547,"49951","49951_Intercuenca_49951","IDConfig_547_completo.xlsx","49951_Intercuenca_49951/_raw_reportes_xlsx/IDConfig_547_completo.xlsx",13023,12.72,"1ce275997eabb9a8995d8cbb31a2efd2"
2518,"49951","49951_Intercuenca_49951","IDConfig_2518_completo.xlsx","49951_Intercuenca_49951/_raw_reportes_xlsx/IDConfig_2518_completo.xlsx",9187,8.97,"b3fd7ef3268366b35fde1b0dcbe65a0f"
4471,"49954","49954_Cuenca_Perene","IDConfig_4471_completo.xlsx","49954_Cuenca_Perene/_raw_reportes_xlsx/IDConfig_4471_completo.xlsx",108261,105.72,"bbc4288396955eaafa92a048e8867b5f"
4478,"49954","49954_Cuenca_Perene","IDConfig_4478_completo.xlsx","49954_Cuenca_Perene/_raw_reportes_xlsx/IDConfig_4478_completo.xlsx",30254,29.54,"dd38ccf3aaaa96a31667f7821d45cba5"
4790,"49954","49954_Cuenca_Perene","IDConfig_4790_completo.xlsx","49954_Cuenca_Perene/_raw_reportes_xlsx/IDConfig_4790_completo.xlsx",6809,6.65,"525c96bf9a82c402fb588a65cec24995"
4797,"49954","49954_Cuenca_Perene","IDConfig_4797_completo.xlsx","49954_Cuenca_Perene/_raw_reportes_xlsx/IDConfig_4797_completo.xlsx",120245,117.43,"a212faf27517f885262591d43d42a73e"
4889,"49954","49954_Cuenca_Perene","IDConfig_4889_completo.xlsx","49954_Cuenca_Perene/_raw_reportes_xlsx/IDConfig_4889_completo.xlsx",43067,42.06,"c38010127ff1845447c942d612c97e28"
4902,"49954","49954_Cuenca_Perene","IDConfig_4902_completo.xlsx","49954_Cuenca_Perene/_raw_reportes_xlsx/IDConfig_4902_completo.xlsx",18954,18.51,"ae3f3c66c31cdcbdcdb8938a23029a8a"
4941,"49954","49954_Cuenca_Perene","IDConfig_4941_completo.xlsx","49954_Cuenca_Perene/_raw_reportes_xlsx/IDConfig_4941_completo.xlsx",85487,83.48,"f05f8a1fbb76af40c187831d8b8d1ae1"
4948,"49954","49954_Cuenca_Perene","IDConfig_4948_completo.xlsx","49954_Cuenca_Perene/_raw_reportes_xlsx/IDConfig_4948_completo.xlsx",36839,35.98,"977427ce62091e72928555c709ba13f0"
4963,"49954","49954_Cuenca_Perene","IDConfig_4963_completo.xlsx","49954_Cuenca_Perene/_raw_reportes_xlsx/IDConfig_4963_completo.xlsx",33411,32.63,"1a2b7e3b435e92327c5355666d2d6349"
5195,"49954","49954_Cuenca_Perene","IDConfig_5195_completo.xlsx","49954_Cuenca_Perene/_raw_reportes_xlsx/IDConfig_5195_completo.xlsx",59914,58.51,"432877920e14bbeabf2bf43ff86819d0"
5211,"49954","49954_Cuenca_Perene","IDConfig_5211_completo.xlsx","49954_Cuenca_Perene/_raw_reportes_xlsx/IDConfig_5211_completo.xlsx",4527,4.42,"33b3f9b87af21abaa7b35759de30ea13"
7421,"49954","49954_Cuenca_Perene","IDConfig_7421_completo.xlsx","49954_Cuenca_Perene/_raw_reportes_xlsx/IDConfig_7421_completo.xlsx",3520,3.44,"6e76e5ed51efeb97629afbe56e584b07"
7422,"49954","49954_Cuenca_Perene","IDConfig_7422_completo.xlsx","49954_Cuenca_Perene/_raw_reportes_xlsx/IDConfig_7422_completo.xlsx",152000,148.44,"0fe58ee62f461a7197e1ffe7d386bdc7"
7424,"49954","49954_Cuenca_Perene","IDConfig_7424_completo.xlsx","49954_Cuenca_Perene/_raw_reportes_xlsx/IDConfig_7424_completo.xlsx",3464,3.38,"cb64a066bb0bba5094c7042a86d24433"
7425,"49954","49954_Cuenca_Perene","IDConfig_7425_completo.xlsx","49954_Cuenca_Perene/_raw_reportes_xlsx/IDConfig_7425_completo.xlsx",54069,52.8,"92f992f65ba0df213d7e64c0b8bc747a"
52112,"49954","49954_Cuenca_Perene","IDConfig_52112_completo.xlsx","49954_Cuenca_Perene/_raw_reportes_xlsx/IDConfig_52112_completo.xlsx",86723,84.69,"6c5ab717b4d0bbb4066b238ff805b5e8"
62990,"49954","49954_Cuenca_Perene","IDConfig_62990_completo.xlsx","49954_Cuenca_Perene/_raw_reportes_xlsx/IDConfig_62990_completo.xlsx",32019,31.27,"0a584cf9a80130baf01904a6bb6ac405"
63339,"49954","49954_Cuenca_Perene","IDConfig_63339_completo.xlsx","49954_Cuenca_Perene/_raw_reportes_xlsx/IDConfig_63339_completo.xlsx",11362,11.1,"541455e036c3eef0f882dfc6dc0cd28c"
63604,"49954","49954_Cuenca_Perene","IDConfig_63604_completo.xlsx","49954_Cuenca_Perene/_raw_reportes_xlsx/IDConfig_63604_completo.xlsx",14099,13.77,"cf3d4b95d60f53a6f88cf9a1b7f1e927"
63609,"49954","49954_Cuenca_Perene","IDConfig_63609_completo.xlsx","49954_Cuenca_Perene/_raw_reportes_xlsx/IDConfig_63609_completo.xlsx",12608,12.31,"08e1d033109dec723b61b42038e0ca23"
63613,"49954","49954_Cuenca_Perene","IDConfig_63613_completo.xlsx","49954_Cuenca_Perene/_raw_reportes_xlsx/IDConfig_63613_completo.xlsx",38152,37.26,"e8a9076f6cf47e3be189f6928e0d5939"
63621,"49954","49954_Cuenca_Perene","IDConfig_63621_completo.xlsx","49954_Cuenca_Perene/_raw_reportes_xlsx/IDConfig_63621_completo.xlsx",15064,14.71,"fa26dd6ce2acc6dbeb477d551eb51b5f"
63622,"49954","49954_Cuenca_Perene","IDConfig_63622_completo.xlsx","49954_Cuenca_Perene/_raw_reportes_xlsx/IDConfig_63622_completo.xlsx",14424,14.09,"bb9112c388720d5253ca6e10e3ec1a26"
63623,"49954","49954_Cuenca_Perene","IDConfig_63623_completo.xlsx","49954_Cuenca_Perene/_raw_reportes_xlsx/IDConfig_63623_completo.xlsx",13807,13.48,"bfe760e8a8d22fc479a5fc640a1b32c8"
64967,"49954","49954_Cuenca_Perene","IDConfig_64967_completo.xlsx","49954_Cuenca_Perene/_raw_reportes_xlsx/IDConfig_64967_completo.xlsx",14311,13.98,"0f565414044cf6ec874125029f002431"
64984,"49954","49954_Cuenca_Perene","IDConfig_64984_completo.xlsx","49954_Cuenca_Perene/_raw_reportes_xlsx/IDConfig_64984_completo.xlsx",12493,12.2,"72b2b8837dc2ec28bbd02201dd441aeb"
65061,"49954","49954_Cuenca_Perene","IDConfig_65061_completo.xlsx","49954_Cuenca_Perene/_raw_reportes_xlsx/IDConfig_65061_completo.xlsx",34460,33.65,"ef3ae5da320c14dbacf042c65e536890"
65078,"49954","49954_Cuenca_Perene","IDConfig_65078_completo.xlsx","49954_Cuenca_Perene/_raw_reportes_xlsx/IDConfig_65078_completo.xlsx",31115,30.39,"33b052c75a0096a8388940007c59e753"
65204,"49954","49954_Cuenca_Perene","IDConfig_65204_completo.xlsx","49954_Cuenca_Perene/_raw_reportes_xlsx/IDConfig_65204_completo.xlsx",25951,25.34,"d6341ce3275c5223ee8003a95e3a2d37"
65342,"49954","49954_Cuenca_Perene","IDConfig_65342_completo.xlsx","49954_Cuenca_Perene/_raw_reportes_xlsx/IDConfig_65342_completo.xlsx",9443,9.22,"082a66c9820a7b7c3cddb29f8a76a1de"
67626,"49954","49954_Cuenca_Perene","IDConfig_67626_completo.xlsx","49954_Cuenca_Perene/_raw_reportes_xlsx/IDConfig_67626_completo.xlsx",11561,11.29,"c9f3127b2fd97bd31e5888f36456f724"
67643,"49954","49954_Cuenca_Perene","IDConfig_67643_completo.xlsx","49954_Cuenca_Perene/_raw_reportes_xlsx/IDConfig_67643_completo.xlsx",10748,10.5,"f93b53f66f90da28a236c602a118cb0f"
67727,"49954","49954_Cuenca_Perene","IDConfig_67727_completo.xlsx","49954_Cuenca_Perene/_raw_reportes_xlsx/IDConfig_67727_completo.xlsx",11215,10.95,"2b8cee81ea392ee8c16b169ea2e6cd89"
67744,"49954","49954_Cuenca_Perene","IDConfig_67744_completo.xlsx","49954_Cuenca_Perene/_raw_reportes_xlsx/IDConfig_67744_completo.xlsx",10670,10.42,"9ed21840587e0d18808f8b915c662d77"
59,"4996","4996_Cuenca_Mantaro","IDConfig_59_completo.xlsx","4996_Cuenca_Mantaro/_raw_reportes_xlsx/IDConfig_59_completo.xlsx",67187,65.61,"96e1958c6708b9d5c84eedfa37fa2058"
80,"4996","4996_Cuenca_Mantaro","IDConfig_80_completo.xlsx","4996_Cuenca_Mantaro/_raw_reportes_xlsx/IDConfig_80_completo.xlsx",72926,71.22,"f37c115b609c79c50f54a601a0c6b148"
88,"4996","4996_Cuenca_Mantaro","IDConfig_88_completo.xlsx","4996_Cuenca_Mantaro/_raw_reportes_xlsx/IDConfig_88_completo.xlsx",29673,28.98,"f5f44915a85cb793156a313bc5f8f9ae"
113,"4996","4996_Cuenca_Mantaro","IDConfig_113_completo.xlsx","4996_Cuenca_Mantaro/_raw_reportes_xlsx/IDConfig_113_completo.xlsx",7670,7.49,"fc01706344bb69b3837924cf08d57881"
129,"4996","4996_Cuenca_Mantaro","IDConfig_129_completo.xlsx","4996_Cuenca_Mantaro/_raw_reportes_xlsx/IDConfig_129_completo.xlsx",11472,11.2,"9c0ba08accf5d1b93989ccb6d4720947"
176,"4996","4996_Cuenca_Mantaro","IDConfig_176_completo.xlsx","4996_Cuenca_Mantaro/_raw_reportes_xlsx/IDConfig_176_completo.xlsx",74402,72.66,"7858ef929470862c34b5ad42a33bf3d3"
183,"4996","4996_Cuenca_Mantaro","IDConfig_183_completo.xlsx","4996_Cuenca_Mantaro/_raw_reportes_xlsx/IDConfig_183_completo.xlsx",40232,39.29,"cfd9b3a385d78021230c4fc211fbd3ed"
241,"4996","4996_Cuenca_Mantaro","IDConfig_241_completo.xlsx","4996_Cuenca_Mantaro/_raw_reportes_xlsx/IDConfig_241_completo.xlsx",18017,17.59,"e3ca0d21dd63d45130988eefc0711ef5"
242,"4996","4996_Cuenca_Mantaro","IDConfig_242_completo.xlsx","4996_Cuenca_Mantaro/_raw_reportes_xlsx/IDConfig_242_completo.xlsx",4782,4.67,"4ca39ec9f4cb823a015868afc33273bb"
254,"4996","4996_Cuenca_Mantaro","IDConfig_254_completo.xlsx","4996_Cuenca_Mantaro/_raw_reportes_xlsx/IDConfig_254_completo.xlsx",9226,9.01,"3e803f72b6043bcfc42e3b3e94dbd6f2"
299,"4996","4996_Cuenca_Mantaro","IDConfig_299_completo.xlsx","4996_Cuenca_Mantaro/_raw_reportes_xlsx/IDConfig_299_completo.xlsx",15423,15.06,"7d09df04d86470fbd56c9697619f03f6"
453,"4996","4996_Cuenca_Mantaro","IDConfig_453_completo.xlsx","4996_Cuenca_Mantaro/_raw_reportes_xlsx/IDConfig_453_completo.xlsx",64965,63.44,"2ce1542a25038eb759c43a523059d713"
512,"4996","4996_Cuenca_Mantaro","IDConfig_512_completo.xlsx","4996_Cuenca_Mantaro/_raw_reportes_xlsx/IDConfig_512_completo.xlsx",24462,23.89,"97c3c545cb0f1ce094e06319ef6cecfe"
514,"4996","4996_Cuenca_Mantaro","IDConfig_514_completo.xlsx","4996_Cuenca_Mantaro/_raw_reportes_xlsx/IDConfig_514_completo.xlsx",91700,89.55,"73876c00311f038b62972f0aaf0e8fd5"
537,"4996","4996_Cuenca_Mantaro","IDConfig_537_completo.xlsx","4996_Cuenca_Mantaro/_raw_reportes_xlsx/IDConfig_537_completo.xlsx",4766,4.65,"9a9e44d937199b1067eacc0ed5c27a41"
626,"4996","4996_Cuenca_Mantaro","IDConfig_626_completo.xlsx","4996_Cuenca_Mantaro/_raw_reportes_xlsx/IDConfig_626_completo.xlsx",29400,28.71,"8b1b10981e31e835d3442c01dbd54f3e"
645,"4996","4996_Cuenca_Mantaro","IDConfig_645_completo.xlsx","4996_Cuenca_Mantaro/_raw_reportes_xlsx/IDConfig_645_completo.xlsx",43165,42.15,"a059420eb84ccda004c6bc3a47655ac6"
668,"4996","4996_Cuenca_Mantaro","IDConfig_668_completo.xlsx","4996_Cuenca_Mantaro/_raw_reportes_xlsx/IDConfig_668_completo.xlsx",29215,28.53,"63501994d7a0b4a5dca2ded88bac303a"
669,"4996","4996_Cuenca_Mantaro","IDConfig_669_completo.xlsx","4996_Cuenca_Mantaro/_raw_reportes_xlsx/IDConfig_669_completo.xlsx",5000,4.88,"768f106235cfab619c98b88f51dcc7e5"
759,"4996","4996_Cuenca_Mantaro","IDConfig_759_completo.xlsx","4996_Cuenca_Mantaro/_raw_reportes_xlsx/IDConfig_759_completo.xlsx",35219,34.39,"08615804cfada2f675951cdbb5acbaf3"
789,"4996","4996_Cuenca_Mantaro","IDConfig_789_completo.xlsx","4996_Cuenca_Mantaro/_raw_reportes_xlsx/IDConfig_789_completo.xlsx",81480,79.57,"4ab2aa75b140d3dba8957d00ec7319ee"
824,"4996","4996_Cuenca_Mantaro","IDConfig_824_completo.xlsx","4996_Cuenca_Mantaro/_raw_reportes_xlsx/IDConfig_824_completo.xlsx",13568,13.25,"5ae9538954ab2a943f3d51d8607c74dd"
825,"4996","4996_Cuenca_Mantaro","IDConfig_825_completo.xlsx","4996_Cuenca_Mantaro/_raw_reportes_xlsx/IDConfig_825_completo.xlsx",3576,3.49,"169e602720f600721e469d89b570b8a5"
892,"4996","4996_Cuenca_Mantaro","IDConfig_892_completo.xlsx","4996_Cuenca_Mantaro/_raw_reportes_xlsx/IDConfig_892_completo.xlsx",22423,21.9,"b342baa8dbe63662430eded62121f1a7"
914,"4996","4996_Cuenca_Mantaro","IDConfig_914_completo.xlsx","4996_Cuenca_Mantaro/_raw_reportes_xlsx/IDConfig_914_completo.xlsx",13952,13.62,"ccc622d6d53ab1974a10d0b87997e799"
932,"4996","4996_Cuenca_Mantaro","IDConfig_932_completo.xlsx","4996_Cuenca_Mantaro/_raw_reportes_xlsx/IDConfig_932_completo.xlsx",40133,39.19,"ce47a4d9d40f20431e80b84d7f5ca5b3"
977,"4996","4996_Cuenca_Mantaro","IDConfig_977_completo.xlsx","4996_Cuenca_Mantaro/_raw_reportes_xlsx/IDConfig_977_completo.xlsx",10647,10.4,"bf4ce5497c848771d8a68e4070b0bd48"
1098,"4996","4996_Cuenca_Mantaro","IDConfig_1098_completo.xlsx","4996_Cuenca_Mantaro/_raw_reportes_xlsx/IDConfig_1098_completo.xlsx",25119,24.53,"52328ef217139c1a10e37efbfb5f3b2a"
1158,"4996","4996_Cuenca_Mantaro","IDConfig_1158_completo.xlsx","4996_Cuenca_Mantaro/_raw_reportes_xlsx/IDConfig_1158_completo.xlsx",46779,45.68,"55dec522e617c28ecd0468613bc69a5e"
1219,"4996","4996_Cuenca_Mantaro","IDConfig_1219_completo.xlsx","4996_Cuenca_Mantaro/_raw_reportes_xlsx/IDConfig_1219_completo.xlsx",25090,24.5,"0d78df65a00a1b8235778acdd122ed3a"
1220,"4996","4996_Cuenca_Mantaro","IDConfig_1220_completo.xlsx","4996_Cuenca_Mantaro/_raw_reportes_xlsx/IDConfig_1220_completo.xlsx",7857,7.67,"0a00c7a50e9887b4b88343b4f3981f0e"
1221,"4996","4996_Cuenca_Mantaro","IDConfig_1221_completo.xlsx","4996_Cuenca_Mantaro/_raw_reportes_xlsx/IDConfig_1221_completo.xlsx",5024,4.91,"7279fca0bbfe60d1e5ea6ef8a0d8a520"
1472,"4996","4996_Cuenca_Mantaro","IDConfig_1472_completo.xlsx","4996_Cuenca_Mantaro/_raw_reportes_xlsx/IDConfig_1472_completo.xlsx",4821,4.71,"63c05397cbb03e21cd7526797c66dea9"
1564,"4996","4996_Cuenca_Mantaro","IDConfig_1564_completo.xlsx","4996_Cuenca_Mantaro/_raw_reportes_xlsx/IDConfig_1564_completo.xlsx",26177,25.56,"34e65032882bcd629aed405af4ec19d8"
1575,"4996","4996_Cuenca_Mantaro","IDConfig_1575_completo.xlsx","4996_Cuenca_Mantaro/_raw_reportes_xlsx/IDConfig_1575_completo.xlsx",40934,39.97,"17a77d109a3b5c74a1cd7563b64c2ce1"
1611,"4996","4996_Cuenca_Mantaro","IDConfig_1611_completo.xlsx","4996_Cuenca_Mantaro/_raw_reportes_xlsx/IDConfig_1611_completo.xlsx",9931,9.7,"24afabb8354ed201e9c8b3d1aa62009b"
1612,"4996","4996_Cuenca_Mantaro","IDConfig_1612_completo.xlsx","4996_Cuenca_Mantaro/_raw_reportes_xlsx/IDConfig_1612_completo.xlsx",10426,10.18,"e9ff9ff127d654909f0a83ed2b361b73"
1656,"4996","4996_Cuenca_Mantaro","IDConfig_1656_completo.xlsx","4996_Cuenca_Mantaro/_raw_reportes_xlsx/IDConfig_1656_completo.xlsx",70746,69.09,"c55820b5fc1111f7b06a90ffd65881bb"
1687,"4996","4996_Cuenca_Mantaro","IDConfig_1687_completo.xlsx","4996_Cuenca_Mantaro/_raw_reportes_xlsx/IDConfig_1687_completo.xlsx",25245,24.65,"a11f3d599b44cae2d56ac8b8bc958b8c"
1692,"4996","4996_Cuenca_Mantaro","IDConfig_1692_completo.xlsx","4996_Cuenca_Mantaro/_raw_reportes_xlsx/IDConfig_1692_completo.xlsx",21864,21.35,"e89b972ea86002292d5686cbd7a1e4e1"
1732,"4996","4996_Cuenca_Mantaro","IDConfig_1732_completo.xlsx","4996_Cuenca_Mantaro/_raw_reportes_xlsx/IDConfig_1732_completo.xlsx",10232,9.99,"4879de113722b80fa884b0c4ff579166"
1768,"4996","4996_Cuenca_Mantaro","IDConfig_1768_completo.xlsx","4996_Cuenca_Mantaro/_raw_reportes_xlsx/IDConfig_1768_completo.xlsx",42877,41.87,"5aa2109ac5c9018a96e1a6d1ac7f0b61"
1781,"4996","4996_Cuenca_Mantaro","IDConfig_1781_completo.xlsx","4996_Cuenca_Mantaro/_raw_reportes_xlsx/IDConfig_1781_completo.xlsx",54805,53.52,"8aa16b35b194219b41516d6e87c2f6b4"
1829,"4996","4996_Cuenca_Mantaro","IDConfig_1829_completo.xlsx","4996_Cuenca_Mantaro/_raw_reportes_xlsx/IDConfig_1829_completo.xlsx",50505,49.32,"756a359ada17036a62df638615f543c7"
1865,"4996","4996_Cuenca_Mantaro","IDConfig_1865_completo.xlsx","4996_Cuenca_Mantaro/_raw_reportes_xlsx/IDConfig_1865_completo.xlsx",10159,9.92,"b686c7494ab9e36f43bad59b7bfa02d6"
1981,"4996","4996_Cuenca_Mantaro","IDConfig_1981_completo.xlsx","4996_Cuenca_Mantaro/_raw_reportes_xlsx/IDConfig_1981_completo.xlsx",8253,8.06,"b3cb5da6b52196178c785f3ee80e0b9f"
2032,"4996","4996_Cuenca_Mantaro","IDConfig_2032_completo.xlsx","4996_Cuenca_Mantaro/_raw_reportes_xlsx/IDConfig_2032_completo.xlsx",68461,66.86,"d2189f323c9e6c9a0ba665f33af33feb"
2040,"4996","4996_Cuenca_Mantaro","IDConfig_2040_completo.xlsx","4996_Cuenca_Mantaro/_raw_reportes_xlsx/IDConfig_2040_completo.xlsx",15048,14.7,"d6ff488a045e565d26998d4c58ad46af"
2173,"4996","4996_Cuenca_Mantaro","IDConfig_2173_completo.xlsx","4996_Cuenca_Mantaro/_raw_reportes_xlsx/IDConfig_2173_completo.xlsx",41489,40.52,"41beda15dc8ca7952d4b42944bdbcf55"
2238,"4996","4996_Cuenca_Mantaro","IDConfig_2238_completo.xlsx","4996_Cuenca_Mantaro/_raw_reportes_xlsx/IDConfig_2238_completo.xlsx",107900,105.37,"d1610f172ead1c4bf76b58af940daadd"
2239,"4996","4996_Cuenca_Mantaro","IDConfig_2239_completo.xlsx","4996_Cuenca_Mantaro/_raw_reportes_xlsx/IDConfig_2239_completo.xlsx",30072,29.37,"ae1298e242e21dbf5a0d07508862bde4"
2240,"4996","4996_Cuenca_Mantaro","IDConfig_2240_completo.xlsx","4996_Cuenca_Mantaro/_raw_reportes_xlsx/IDConfig_2240_completo.xlsx",5528,5.4,"6c4cd38430276b7b70804970130e9544"
2309,"4996","4996_Cuenca_Mantaro","IDConfig_2309_completo.xlsx","4996_Cuenca_Mantaro/_raw_reportes_xlsx/IDConfig_2309_completo.xlsx",55100,53.81,"0a9d32ad83a42a520733ec3b7adea7f3"
2326,"4996","4996_Cuenca_Mantaro","IDConfig_2326_completo.xlsx","4996_Cuenca_Mantaro/_raw_reportes_xlsx/IDConfig_2326_completo.xlsx",11276,11.01,"61c6aeae18b32db598b8892c668fa156"
2367,"4996","4996_Cuenca_Mantaro","IDConfig_2367_completo.xlsx","4996_Cuenca_Mantaro/_raw_reportes_xlsx/IDConfig_2367_completo.xlsx",25528,24.93,"5cd4e948bea9afff26c0eee7f92cee8f"
2368,"4996","4996_Cuenca_Mantaro","IDConfig_2368_completo.xlsx","4996_Cuenca_Mantaro/_raw_reportes_xlsx/IDConfig_2368_completo.xlsx",8225,8.03,"4ed6e0984994cbdfdbfa429190aa1a42"
2379,"4996","4996_Cuenca_Mantaro","IDConfig_2379_completo.xlsx","4996_Cuenca_Mantaro/_raw_reportes_xlsx/IDConfig_2379_completo.xlsx",3216,3.14,"88bde1b6bf98b2223bf5b01381e69f85"
2380,"4996","4996_Cuenca_Mantaro","IDConfig_2380_completo.xlsx","4996_Cuenca_Mantaro/_raw_reportes_xlsx/IDConfig_2380_completo.xlsx",10170,9.93,"c682b6266102033972be68564122ae20"
2454,"4996","4996_Cuenca_Mantaro","IDConfig_2454_completo.xlsx","4996_Cuenca_Mantaro/_raw_reportes_xlsx/IDConfig_2454_completo.xlsx",73165,71.45,"dd44ddaa7006cb078ef00f3aa8848a26"
2470,"4996","4996_Cuenca_Mantaro","IDConfig_2470_completo.xlsx","4996_Cuenca_Mantaro/_raw_reportes_xlsx/IDConfig_2470_completo.xlsx",15950,15.58,"5c8b8afa9e55b468cbb972fdf43243ef"
2644,"4996","4996_Cuenca_Mantaro","IDConfig_2644_completo.xlsx","4996_Cuenca_Mantaro/_raw_reportes_xlsx/IDConfig_2644_completo.xlsx",4613,4.5,"7f90e4f2b54a0d59629e90367fdd4b47"
2645,"4996","4996_Cuenca_Mantaro","IDConfig_2645_completo.xlsx","4996_Cuenca_Mantaro/_raw_reportes_xlsx/IDConfig_2645_completo.xlsx",45986,44.91,"d3d1686b208d987e69409337911e7fd7"
2777,"4996","4996_Cuenca_Mantaro","IDConfig_2777_completo.xlsx","4996_Cuenca_Mantaro/_raw_reportes_xlsx/IDConfig_2777_completo.xlsx",19373,18.92,"1e35c1217a925254fa3a693264693d07"
2778,"4996","4996_Cuenca_Mantaro","IDConfig_2778_completo.xlsx","4996_Cuenca_Mantaro/_raw_reportes_xlsx/IDConfig_2778_completo.xlsx",34772,33.96,"038d6c6c398e5dbae36c92a494bbef4c"
2852,"4996","4996_Cuenca_Mantaro","IDConfig_2852_completo.xlsx","4996_Cuenca_Mantaro/_raw_reportes_xlsx/IDConfig_2852_completo.xlsx",84537,82.56,"02320550790bba05f020e51925679dce"
2899,"4996","4996_Cuenca_Mantaro","IDConfig_2899_completo.xlsx","4996_Cuenca_Mantaro/_raw_reportes_xlsx/IDConfig_2899_completo.xlsx",54232,52.96,"13c3cb5a4363155838c8ba407c6100f8"
2911,"4996","4996_Cuenca_Mantaro","IDConfig_2911_completo.xlsx","4996_Cuenca_Mantaro/_raw_reportes_xlsx/IDConfig_2911_completo.xlsx",4952,4.84,"2112da429e17aa097919c3c769e75add"
2923,"4996","4996_Cuenca_Mantaro","IDConfig_2923_completo.xlsx","4996_Cuenca_Mantaro/_raw_reportes_xlsx/IDConfig_2923_completo.xlsx",11477,11.21,"afbe47f175f293cbb5bc5db55eac2aa9"
3022,"4996","4996_Cuenca_Mantaro","IDConfig_3022_completo.xlsx","4996_Cuenca_Mantaro/_raw_reportes_xlsx/IDConfig_3022_completo.xlsx",22112,21.59,"44f0e541cf09acef507fb95ba3b2e1d0"
3044,"4996","4996_Cuenca_Mantaro","IDConfig_3044_completo.xlsx","4996_Cuenca_Mantaro/_raw_reportes_xlsx/IDConfig_3044_completo.xlsx",14116,13.79,"6812ac807f3fa01277e39db7ef0db620"
3053,"4996","4996_Cuenca_Mantaro","IDConfig_3053_completo.xlsx","4996_Cuenca_Mantaro/_raw_reportes_xlsx/IDConfig_3053_completo.xlsx",39807,38.87,"8578394cb370dbce8550ef20fda36fb3"
3144,"4996","4996_Cuenca_Mantaro","IDConfig_3144_completo.xlsx","4996_Cuenca_Mantaro/_raw_reportes_xlsx/IDConfig_3144_completo.xlsx",78775,76.93,"4bdff74307ecf3715923d208bd3e4cfa"
3227,"4996","4996_Cuenca_Mantaro","IDConfig_3227_completo.xlsx","4996_Cuenca_Mantaro/_raw_reportes_xlsx/IDConfig_3227_completo.xlsx",37820,36.93,"74a5eba468ed421287bb1b61254d2c12"
3303,"4996","4996_Cuenca_Mantaro","IDConfig_3303_completo.xlsx","4996_Cuenca_Mantaro/_raw_reportes_xlsx/IDConfig_3303_completo.xlsx",12823,12.52,"a54517a47e8dac9aa8359dd3b793c4a3"
3371,"4996","4996_Cuenca_Mantaro","IDConfig_3371_completo.xlsx","4996_Cuenca_Mantaro/_raw_reportes_xlsx/IDConfig_3371_completo.xlsx",46863,45.76,"b846587540570ad99d32f1d73a7e55be"
3377,"4996","4996_Cuenca_Mantaro","IDConfig_3377_completo.xlsx","4996_Cuenca_Mantaro/_raw_reportes_xlsx/IDConfig_3377_completo.xlsx",44520,43.48,"b62c0c43c51ff42f52585ae56d7c636f"
3441,"4996","4996_Cuenca_Mantaro","IDConfig_3441_completo.xlsx","4996_Cuenca_Mantaro/_raw_reportes_xlsx/IDConfig_3441_completo.xlsx",4716,4.61,"2389e3f21215c3843037885f67006052"
3461,"4996","4996_Cuenca_Mantaro","IDConfig_3461_completo.xlsx","4996_Cuenca_Mantaro/_raw_reportes_xlsx/IDConfig_3461_completo.xlsx",3264,3.19,"096988028ff379d2e9761264ce14ef37"
3462,"4996","4996_Cuenca_Mantaro","IDConfig_3462_completo.xlsx","4996_Cuenca_Mantaro/_raw_reportes_xlsx/IDConfig_3462_completo.xlsx",10275,10.03,"57a3888c05b39650624cdbe6f393b260"
3573,"4996","4996_Cuenca_Mantaro","IDConfig_3573_completo.xlsx","4996_Cuenca_Mantaro/_raw_reportes_xlsx/IDConfig_3573_completo.xlsx",4771,4.66,"92133e93b9c0bbf2fa79862fcfa75f0b"
3642,"4996","4996_Cuenca_Mantaro","IDConfig_3642_completo.xlsx","4996_Cuenca_Mantaro/_raw_reportes_xlsx/IDConfig_3642_completo.xlsx",19858,19.39,"a25d30717dae2589c99abb1000c6e9e5"
3643,"4996","4996_Cuenca_Mantaro","IDConfig_3643_completo.xlsx","4996_Cuenca_Mantaro/_raw_reportes_xlsx/IDConfig_3643_completo.xlsx",75486,73.72,"fbfec709bfcd7a898f62dc6d4c00a170"
3703,"4996","4996_Cuenca_Mantaro","IDConfig_3703_completo.xlsx","4996_Cuenca_Mantaro/_raw_reportes_xlsx/IDConfig_3703_completo.xlsx",29621,28.93,"9783105cdb987faf95df6b98ef35a8df"
3716,"4996","4996_Cuenca_Mantaro","IDConfig_3716_completo.xlsx","4996_Cuenca_Mantaro/_raw_reportes_xlsx/IDConfig_3716_completo.xlsx",9331,9.11,"62ad1a85c0e9df6d29e78444bc4eaac8"
3781,"4996","4996_Cuenca_Mantaro","IDConfig_3781_completo.xlsx","4996_Cuenca_Mantaro/_raw_reportes_xlsx/IDConfig_3781_completo.xlsx",74684,72.93,"4dba94d9b4238e428b0aa6e68fd0e6ea"
3857,"4996","4996_Cuenca_Mantaro","IDConfig_3857_completo.xlsx","4996_Cuenca_Mantaro/_raw_reportes_xlsx/IDConfig_3857_completo.xlsx",28232,27.57,"9c3dfeec070bc4234ee8914958928749"
3862,"4996","4996_Cuenca_Mantaro","IDConfig_3862_completo.xlsx","4996_Cuenca_Mantaro/_raw_reportes_xlsx/IDConfig_3862_completo.xlsx",14491,14.15,"e6d1a4ad3bc7d0df92deeb1b5aae48f7"
3872,"4996","4996_Cuenca_Mantaro","IDConfig_3872_completo.xlsx","4996_Cuenca_Mantaro/_raw_reportes_xlsx/IDConfig_3872_completo.xlsx",9832,9.6,"f5a996bbf3eb48faa30e746ce6ff4f56"
3926,"4996","4996_Cuenca_Mantaro","IDConfig_3926_completo.xlsx","4996_Cuenca_Mantaro/_raw_reportes_xlsx/IDConfig_3926_completo.xlsx",36292,35.44,"9054c6345674528f322e0f4066184163"
3929,"4996","4996_Cuenca_Mantaro","IDConfig_3929_completo.xlsx","4996_Cuenca_Mantaro/_raw_reportes_xlsx/IDConfig_3929_completo.xlsx",70654,69,"f847f9cacd96e29c66df24698468f24d"
3936,"4996","4996_Cuenca_Mantaro","IDConfig_3936_completo.xlsx","4996_Cuenca_Mantaro/_raw_reportes_xlsx/IDConfig_3936_completo.xlsx",72779,71.07,"289d6666270f805147933de125adb089"
4079,"4996","4996_Cuenca_Mantaro","IDConfig_4079_completo.xlsx","4996_Cuenca_Mantaro/_raw_reportes_xlsx/IDConfig_4079_completo.xlsx",14184,13.85,"96732b34d6b058f9ea09f91464a81585"
4245,"4996","4996_Cuenca_Mantaro","IDConfig_4245_completo.xlsx","4996_Cuenca_Mantaro/_raw_reportes_xlsx/IDConfig_4245_completo.xlsx",20370,19.89,"067710a8c9b21beebb2c1d77def1187c"
5241,"4996","4996_Cuenca_Mantaro","IDConfig_5241_completo.xlsx","4996_Cuenca_Mantaro/_raw_reportes_xlsx/IDConfig_5241_completo.xlsx",55838,54.53,"9a4ddfd39f4ee8a8ff7a4ecdfcd5c4c1"
5248,"4996","4996_Cuenca_Mantaro","IDConfig_5248_completo.xlsx","4996_Cuenca_Mantaro/_raw_reportes_xlsx/IDConfig_5248_completo.xlsx",5097,4.98,"97915e3dc759d6a593fcc5446a66749b"
5255,"4996","4996_Cuenca_Mantaro","IDConfig_5255_completo.xlsx","4996_Cuenca_Mantaro/_raw_reportes_xlsx/IDConfig_5255_completo.xlsx",72580,70.88,"b41107461e1a7a4f865cc875c52b455a"
5261,"4996","4996_Cuenca_Mantaro","IDConfig_5261_completo.xlsx","4996_Cuenca_Mantaro/_raw_reportes_xlsx/IDConfig_5261_completo.xlsx",53693,52.43,"24bec8188c7fca2c0b7ea16b292f74d3"
5262,"4996","4996_Cuenca_Mantaro","IDConfig_5262_completo.xlsx","4996_Cuenca_Mantaro/_raw_reportes_xlsx/IDConfig_5262_completo.xlsx",63069,61.59,"980549f06c3c91c71844defd162744a7"
5272,"4996","4996_Cuenca_Mantaro","IDConfig_5272_completo.xlsx","4996_Cuenca_Mantaro/_raw_reportes_xlsx/IDConfig_5272_completo.xlsx",27661,27.01,"7dbce1113c22e0fc562fb087b9fd8a6b"
5291,"4996","4996_Cuenca_Mantaro","IDConfig_5291_completo.xlsx","4996_Cuenca_Mantaro/_raw_reportes_xlsx/IDConfig_5291_completo.xlsx",22442,21.92,"4c57346798b49e56b8119bf9bcc0f792"
5308,"4996","4996_Cuenca_Mantaro","IDConfig_5308_completo.xlsx","4996_Cuenca_Mantaro/_raw_reportes_xlsx/IDConfig_5308_completo.xlsx",39708,38.78,"f088ebe5787a9c1da3893e8ad39eefd9"
5309,"4996","4996_Cuenca_Mantaro","IDConfig_5309_completo.xlsx","4996_Cuenca_Mantaro/_raw_reportes_xlsx/IDConfig_5309_completo.xlsx",5146,5.03,"f0b348ddd201711976b13b92c149f604"
5316,"4996","4996_Cuenca_Mantaro","IDConfig_5316_completo.xlsx","4996_Cuenca_Mantaro/_raw_reportes_xlsx/IDConfig_5316_completo.xlsx",90455,88.33,"79570a31284b992179551621e2fb323f"
5331,"4996","4996_Cuenca_Mantaro","IDConfig_5331_completo.xlsx","4996_Cuenca_Mantaro/_raw_reportes_xlsx/IDConfig_5331_completo.xlsx",127806,124.81,"1cb6e41c4ac4aff49c4ce8cdc3f98aa4"
5337,"4996","4996_Cuenca_Mantaro","IDConfig_5337_completo.xlsx","4996_Cuenca_Mantaro/_raw_reportes_xlsx/IDConfig_5337_completo.xlsx",35794,34.96,"dd84d2db2ae768a34e75584e78fe9af2"
5376,"4996","4996_Cuenca_Mantaro","IDConfig_5376_completo.xlsx","4996_Cuenca_Mantaro/_raw_reportes_xlsx/IDConfig_5376_completo.xlsx",47068,45.96,"322d8ca9643dd7415d5b7975103004c1"
5405,"4996","4996_Cuenca_Mantaro","IDConfig_5405_completo.xlsx","4996_Cuenca_Mantaro/_raw_reportes_xlsx/IDConfig_5405_completo.xlsx",81607,79.69,"e047694677a9a16df11243f88ea3c22d"
5406,"4996","4996_Cuenca_Mantaro","IDConfig_5406_completo.xlsx","4996_Cuenca_Mantaro/_raw_reportes_xlsx/IDConfig_5406_completo.xlsx",41309,40.34,"8a5401172319d2884b61e0f57b62a1e3"
5416,"4996","4996_Cuenca_Mantaro","IDConfig_5416_completo.xlsx","4996_Cuenca_Mantaro/_raw_reportes_xlsx/IDConfig_5416_completo.xlsx",56834,55.5,"fe12e644b08341b0772b53793f25fd19"
5425,"4996","4996_Cuenca_Mantaro","IDConfig_5425_completo.xlsx","4996_Cuenca_Mantaro/_raw_reportes_xlsx/IDConfig_5425_completo.xlsx",40400,39.45,"b60fc594f5fef3d676dd3394ace40cb5"
5431,"4996","4996_Cuenca_Mantaro","IDConfig_5431_completo.xlsx","4996_Cuenca_Mantaro/_raw_reportes_xlsx/IDConfig_5431_completo.xlsx",24404,23.83,"1aba299f52d52af80d05058683b513a7"
5456,"4996","4996_Cuenca_Mantaro","IDConfig_5456_completo.xlsx","4996_Cuenca_Mantaro/_raw_reportes_xlsx/IDConfig_5456_completo.xlsx",20319,19.84,"7acb9054c4a25144fcb2990d0a2f9d69"
5462,"4996","4996_Cuenca_Mantaro","IDConfig_5462_completo.xlsx","4996_Cuenca_Mantaro/_raw_reportes_xlsx/IDConfig_5462_completo.xlsx",12467,12.17,"92b91bc92fa09abc81e7b7cc11d1a2c9"
5467,"4996","4996_Cuenca_Mantaro","IDConfig_5467_completo.xlsx","4996_Cuenca_Mantaro/_raw_reportes_xlsx/IDConfig_5467_completo.xlsx",9577,9.35,"23bcad22607fd6fdd5a5efcbe6a91874"
5472,"4996","4996_Cuenca_Mantaro","IDConfig_5472_completo.xlsx","4996_Cuenca_Mantaro/_raw_reportes_xlsx/IDConfig_5472_completo.xlsx",46121,45.04,"2a5d42aacb6c607a91e48800a2a6bfb7"
5479,"4996","4996_Cuenca_Mantaro","IDConfig_5479_completo.xlsx","4996_Cuenca_Mantaro/_raw_reportes_xlsx/IDConfig_5479_completo.xlsx",101512,99.13,"f53177802df410f534a92b48ce46cff0"
5488,"4996","4996_Cuenca_Mantaro","IDConfig_5488_completo.xlsx","4996_Cuenca_Mantaro/_raw_reportes_xlsx/IDConfig_5488_completo.xlsx",71847,70.16,"768aa5ee8bc386b3e38cff5ceaa58d08"
5495,"4996","4996_Cuenca_Mantaro","IDConfig_5495_completo.xlsx","4996_Cuenca_Mantaro/_raw_reportes_xlsx/IDConfig_5495_completo.xlsx",106242,103.75,"418b7818464b30b7846cfaf311dd981f"
5506,"4996","4996_Cuenca_Mantaro","IDConfig_5506_completo.xlsx","4996_Cuenca_Mantaro/_raw_reportes_xlsx/IDConfig_5506_completo.xlsx",77462,75.65,"805dae4bfae13ec5f9684e496520ff08"
5514,"4996","4996_Cuenca_Mantaro","IDConfig_5514_completo.xlsx","4996_Cuenca_Mantaro/_raw_reportes_xlsx/IDConfig_5514_completo.xlsx",5175,5.05,"748166c6ea91e5f2ecf2a0893981e436"
5519,"4996","4996_Cuenca_Mantaro","IDConfig_5519_completo.xlsx","4996_Cuenca_Mantaro/_raw_reportes_xlsx/IDConfig_5519_completo.xlsx",48064,46.94,"bf51d8ad6486594e76112e69669160ae"
5525,"4996","4996_Cuenca_Mantaro","IDConfig_5525_completo.xlsx","4996_Cuenca_Mantaro/_raw_reportes_xlsx/IDConfig_5525_completo.xlsx",24121,23.56,"85a6a2248b0bb1af7e2d585ef4a5dad9"
5530,"4996","4996_Cuenca_Mantaro","IDConfig_5530_completo.xlsx","4996_Cuenca_Mantaro/_raw_reportes_xlsx/IDConfig_5530_completo.xlsx",51768,50.55,"119d176ec8f86b9e38cadc4299b47be9"
5531,"4996","4996_Cuenca_Mantaro","IDConfig_5531_completo.xlsx","4996_Cuenca_Mantaro/_raw_reportes_xlsx/IDConfig_5531_completo.xlsx",5270,5.15,"a5e2a2c2596f4c27c8ed0805606c195e"
5537,"4996","4996_Cuenca_Mantaro","IDConfig_5537_completo.xlsx","4996_Cuenca_Mantaro/_raw_reportes_xlsx/IDConfig_5537_completo.xlsx",27158,26.52,"f2c69da77b6b41eb7578ae7d75566c4e"
7247,"4996","4996_Cuenca_Mantaro","IDConfig_7247_completo.xlsx","4996_Cuenca_Mantaro/_raw_reportes_xlsx/IDConfig_7247_completo.xlsx",150069,146.55,"fea90e64dbaf82fdbfd7cbad24f81585"
7248,"4996","4996_Cuenca_Mantaro","IDConfig_7248_completo.xlsx","4996_Cuenca_Mantaro/_raw_reportes_xlsx/IDConfig_7248_completo.xlsx",35513,34.68,"90b104081114c92266a175231759d6d0"
7249,"4996","4996_Cuenca_Mantaro","IDConfig_7249_completo.xlsx","4996_Cuenca_Mantaro/_raw_reportes_xlsx/IDConfig_7249_completo.xlsx",235748,230.22,"46fa76513c760aaccc11fe700ac5c397"
7250,"4996","4996_Cuenca_Mantaro","IDConfig_7250_completo.xlsx","4996_Cuenca_Mantaro/_raw_reportes_xlsx/IDConfig_7250_completo.xlsx",13687,13.37,"30779a84d0d253a099c5554ad642cb93"
7258,"4996","4996_Cuenca_Mantaro","IDConfig_7258_completo.xlsx","4996_Cuenca_Mantaro/_raw_reportes_xlsx/IDConfig_7258_completo.xlsx",263196,257.03,"480f05aeaaa49c8056deefd37014b53b"
8841,"4996","4996_Cuenca_Mantaro","IDConfig_8841_completo.xlsx","4996_Cuenca_Mantaro/_raw_reportes_xlsx/IDConfig_8841_completo.xlsx",27817,27.17,"036e94c6274e8705e1aa3ff2ab1235fa"
8901,"4996","4996_Cuenca_Mantaro","IDConfig_8901_completo.xlsx","4996_Cuenca_Mantaro/_raw_reportes_xlsx/IDConfig_8901_completo.xlsx",3710,3.62,"ed4c5eb1df7906112b4106cc6113b4b1"
25950,"4996","4996_Cuenca_Mantaro","IDConfig_25950_completo.xlsx","4996_Cuenca_Mantaro/_raw_reportes_xlsx/IDConfig_25950_completo.xlsx",22853,22.32,"db3b320c7a9b0ddf50134a2ebe0c71fc"
61136,"4996","4996_Cuenca_Mantaro","IDConfig_61136_completo.xlsx","4996_Cuenca_Mantaro/_raw_reportes_xlsx/IDConfig_61136_completo.xlsx",19757,19.29,"f6b6a54362623e65a4974928e6150740"
62297,"4996","4996_Cuenca_Mantaro","IDConfig_62297_completo.xlsx","4996_Cuenca_Mantaro/_raw_reportes_xlsx/IDConfig_62297_completo.xlsx",7998,7.81,"3635c6b8837a8b0dd0ed4aa228727cea"
62378,"4996","4996_Cuenca_Mantaro","IDConfig_62378_completo.xlsx","4996_Cuenca_Mantaro/_raw_reportes_xlsx/IDConfig_62378_completo.xlsx",5241,5.12,"6439aef613385e21797f11554de138c8"
62396,"4996","4996_Cuenca_Mantaro","IDConfig_62396_completo.xlsx","4996_Cuenca_Mantaro/_raw_reportes_xlsx/IDConfig_62396_completo.xlsx",5069,4.95,"e167d22503447b242dfef83ded7389cf"
62400,"4996","4996_Cuenca_Mantaro","IDConfig_62400_completo.xlsx","4996_Cuenca_Mantaro/_raw_reportes_xlsx/IDConfig_62400_completo.xlsx",5665,5.53,"05c59e1d950f6982a0adf74a1e8590c8"
62401,"4996","4996_Cuenca_Mantaro","IDConfig_62401_completo.xlsx","4996_Cuenca_Mantaro/_raw_reportes_xlsx/IDConfig_62401_completo.xlsx",5308,5.18,"7a88fb9c3cb51724ec963ab77b183b23"
62415,"4996","4996_Cuenca_Mantaro","IDConfig_62415_completo.xlsx","4996_Cuenca_Mantaro/_raw_reportes_xlsx/IDConfig_62415_completo.xlsx",5289,5.17,"c6da423b1f8e7ab493f1ea962121161e"
63624,"4996","4996_Cuenca_Mantaro","IDConfig_63624_completo.xlsx","4996_Cuenca_Mantaro/_raw_reportes_xlsx/IDConfig_63624_completo.xlsx",16715,16.32,"3ebaca454ec47b049ae2e010b6f2c1af"
63625,"4996","4996_Cuenca_Mantaro","IDConfig_63625_completo.xlsx","4996_Cuenca_Mantaro/_raw_reportes_xlsx/IDConfig_63625_completo.xlsx",16242,15.86,"4ca692395639a256fc7cda65dbee3617"
63626,"4996","4996_Cuenca_Mantaro","IDConfig_63626_completo.xlsx","4996_Cuenca_Mantaro/_raw_reportes_xlsx/IDConfig_63626_completo.xlsx",17193,16.79,"f7bdab9066fdd7fe00d437e977152045"
63831,"4996","4996_Cuenca_Mantaro","IDConfig_63831_completo.xlsx","4996_Cuenca_Mantaro/_raw_reportes_xlsx/IDConfig_63831_completo.xlsx",21383,20.88,"a304a0538ceec79e1e1805bd79ca1f5c"
64124,"4996","4996_Cuenca_Mantaro","IDConfig_64124_completo.xlsx","4996_Cuenca_Mantaro/_raw_reportes_xlsx/IDConfig_64124_completo.xlsx",20117,19.65,"8eccdafd40eb94603870f0165c7a99ca"
64983,"4996","4996_Cuenca_Mantaro","IDConfig_64983_completo.xlsx","4996_Cuenca_Mantaro/_raw_reportes_xlsx/IDConfig_64983_completo.xlsx",9393,9.17,"f96fb6ab58de578e522986300fed27c3"
65077,"4996","4996_Cuenca_Mantaro","IDConfig_65077_completo.xlsx","4996_Cuenca_Mantaro/_raw_reportes_xlsx/IDConfig_65077_completo.xlsx",23572,23.02,"cea9c45f5f49164482576c69158b2f51"
67642,"4996","4996_Cuenca_Mantaro","IDConfig_67642_completo.xlsx","4996_Cuenca_Mantaro/_raw_reportes_xlsx/IDConfig_67642_completo.xlsx",8869,8.66,"e9f150125f520340b65e8f1a133f9ba3"
67743,"4996","4996_Cuenca_Mantaro","IDConfig_67743_completo.xlsx","4996_Cuenca_Mantaro/_raw_reportes_xlsx/IDConfig_67743_completo.xlsx",8860,8.65,"e4561f0a2224bf6e19d3a45af1b670e9"
1699,"4997","4997_Intercuenca_Bajo_Apurimac","IDConfig_1699_completo.xlsx","4997_Intercuenca_Bajo_Apurimac/_raw_reportes_xlsx/IDConfig_1699_completo.xlsx",27671,27.02,"2a5610b70a02d4d1f847ffca3cef4162"
5563,"4997","4997_Intercuenca_Bajo_Apurimac","IDConfig_5563_completo.xlsx","4997_Intercuenca_Bajo_Apurimac/_raw_reportes_xlsx/IDConfig_5563_completo.xlsx",52811,51.57,"0e70d54410cb9005c6339d9ff08e5b9c"
5564,"4997","4997_Intercuenca_Bajo_Apurimac","IDConfig_5564_completo.xlsx","4997_Intercuenca_Bajo_Apurimac/_raw_reportes_xlsx/IDConfig_5564_completo.xlsx",53749,52.49,"cf6b160093cb9c4f2aa7b9ebf4e71cb3"
5567,"4997","4997_Intercuenca_Bajo_Apurimac","IDConfig_5567_completo.xlsx","4997_Intercuenca_Bajo_Apurimac/_raw_reportes_xlsx/IDConfig_5567_completo.xlsx",12282,11.99,"9b98ff50af04975eeb390de215d10e84"
5576,"4997","4997_Intercuenca_Bajo_Apurimac","IDConfig_5576_completo.xlsx","4997_Intercuenca_Bajo_Apurimac/_raw_reportes_xlsx/IDConfig_5576_completo.xlsx",14658,14.31,"5059695f60788901b75fc622525142d9"
89,"4998","4998_Cuenca_Pampas","IDConfig_89_completo.xlsx","4998_Cuenca_Pampas/_raw_reportes_xlsx/IDConfig_89_completo.xlsx",26762,26.13,"a8cb1b2d46734e30a8b9cc4c66055a6c"
186,"4998","4998_Cuenca_Pampas","IDConfig_186_completo.xlsx","4998_Cuenca_Pampas/_raw_reportes_xlsx/IDConfig_186_completo.xlsx",15166,14.81,"bed4b2e6c98a5b071bb7faff55aeb0b0"
223,"4998","4998_Cuenca_Pampas","IDConfig_223_completo.xlsx","4998_Cuenca_Pampas/_raw_reportes_xlsx/IDConfig_223_completo.xlsx",25725,25.12,"813385949a1197734f3c66d1e11a429e"
355,"4998","4998_Cuenca_Pampas","IDConfig_355_completo.xlsx","4998_Cuenca_Pampas/_raw_reportes_xlsx/IDConfig_355_completo.xlsx",65857,64.31,"4e5ed2c578c9db69863b62b6463b598c"
469,"4998","4998_Cuenca_Pampas","IDConfig_469_completo.xlsx","4998_Cuenca_Pampas/_raw_reportes_xlsx/IDConfig_469_completo.xlsx",54166,52.9,"1b67685176873643b50302eac6289b70"
650,"4998","4998_Cuenca_Pampas","IDConfig_650_completo.xlsx","4998_Cuenca_Pampas/_raw_reportes_xlsx/IDConfig_650_completo.xlsx",24602,24.03,"b9e9d62836b69787dd2a9ef120d9c30f"
1168,"4998","4998_Cuenca_Pampas","IDConfig_1168_completo.xlsx","4998_Cuenca_Pampas/_raw_reportes_xlsx/IDConfig_1168_completo.xlsx",12824,12.52,"710dfa2404d06dfec73b812a06018745"
1326,"4998","4998_Cuenca_Pampas","IDConfig_1326_completo.xlsx","4998_Cuenca_Pampas/_raw_reportes_xlsx/IDConfig_1326_completo.xlsx",17622,17.21,"5672c66623135ed945ab0520a4ad03f7"
1454,"4998","4998_Cuenca_Pampas","IDConfig_1454_completo.xlsx","4998_Cuenca_Pampas/_raw_reportes_xlsx/IDConfig_1454_completo.xlsx",25588,24.99,"36403c853b6021c6142d6f6b0a87fd18"
1573,"4998","4998_Cuenca_Pampas","IDConfig_1573_completo.xlsx","4998_Cuenca_Pampas/_raw_reportes_xlsx/IDConfig_1573_completo.xlsx",18689,18.25,"730e5fc28b2add45b9f8e7022f81b2f5"
1577,"4998","4998_Cuenca_Pampas","IDConfig_1577_completo.xlsx","4998_Cuenca_Pampas/_raw_reportes_xlsx/IDConfig_1577_completo.xlsx",26699,26.07,"ef45dfe2e0fb4f3a1274e491b1554d0a"
1782,"4998","4998_Cuenca_Pampas","IDConfig_1782_completo.xlsx","4998_Cuenca_Pampas/_raw_reportes_xlsx/IDConfig_1782_completo.xlsx",26079,25.47,"6e989a69abe9ad4e8e5698ea515d90d7"
1920,"4998","4998_Cuenca_Pampas","IDConfig_1920_completo.xlsx","4998_Cuenca_Pampas/_raw_reportes_xlsx/IDConfig_1920_completo.xlsx",79754,77.88,"d10902e3dd549d6fabc16038f00bcf3b"
1921,"4998","4998_Cuenca_Pampas","IDConfig_1921_completo.xlsx","4998_Cuenca_Pampas/_raw_reportes_xlsx/IDConfig_1921_completo.xlsx",25618,25.02,"f75ab4a8b0663823a18f5b3af01ab64d"
1980,"4998","4998_Cuenca_Pampas","IDConfig_1980_completo.xlsx","4998_Cuenca_Pampas/_raw_reportes_xlsx/IDConfig_1980_completo.xlsx",22728,22.2,"c594f7a818db902f1b20bfea0b63d4bd"
2089,"4998","4998_Cuenca_Pampas","IDConfig_2089_completo.xlsx","4998_Cuenca_Pampas/_raw_reportes_xlsx/IDConfig_2089_completo.xlsx",46207,45.12,"726e3fc2efc4a7d9af7417d540cad631"
2090,"4998","4998_Cuenca_Pampas","IDConfig_2090_completo.xlsx","4998_Cuenca_Pampas/_raw_reportes_xlsx/IDConfig_2090_completo.xlsx",25369,24.77,"0cf5c8211dd4f4175ba83031a9fa3d6e"
2614,"4998","4998_Cuenca_Pampas","IDConfig_2614_completo.xlsx","4998_Cuenca_Pampas/_raw_reportes_xlsx/IDConfig_2614_completo.xlsx",42768,41.77,"e808833eec2b49890abbe1d759684384"
2615,"4998","4998_Cuenca_Pampas","IDConfig_2615_completo.xlsx","4998_Cuenca_Pampas/_raw_reportes_xlsx/IDConfig_2615_completo.xlsx",27327,26.69,"2a2a5ae6ad0f142414bacb43ef4a7032"
2617,"4998","4998_Cuenca_Pampas","IDConfig_2617_completo.xlsx","4998_Cuenca_Pampas/_raw_reportes_xlsx/IDConfig_2617_completo.xlsx",19425,18.97,"e8b81cbe1f61ffe98dd8caa492e777bf"
2757,"4998","4998_Cuenca_Pampas","IDConfig_2757_completo.xlsx","4998_Cuenca_Pampas/_raw_reportes_xlsx/IDConfig_2757_completo.xlsx",72300,70.61,"bd3e3039e4333bf5a4da67419d22c3d1"
3023,"4998","4998_Cuenca_Pampas","IDConfig_3023_completo.xlsx","4998_Cuenca_Pampas/_raw_reportes_xlsx/IDConfig_3023_completo.xlsx",26523,25.9,"1ef75e8bf7958335b8ddda200b16a6e9"
3026,"4998","4998_Cuenca_Pampas","IDConfig_3026_completo.xlsx","4998_Cuenca_Pampas/_raw_reportes_xlsx/IDConfig_3026_completo.xlsx",46564,45.47,"e027f6e79d9f70c678f5c167276a0a6b"
3147,"4998","4998_Cuenca_Pampas","IDConfig_3147_completo.xlsx","4998_Cuenca_Pampas/_raw_reportes_xlsx/IDConfig_3147_completo.xlsx",21918,21.4,"09ae3c7904798aee835e7b7cd8a1cd8d"
3229,"4998","4998_Cuenca_Pampas","IDConfig_3229_completo.xlsx","4998_Cuenca_Pampas/_raw_reportes_xlsx/IDConfig_3229_completo.xlsx",58696,57.32,"3e6a0905a665cbd841a74900e52a148d"
3382,"4998","4998_Cuenca_Pampas","IDConfig_3382_completo.xlsx","4998_Cuenca_Pampas/_raw_reportes_xlsx/IDConfig_3382_completo.xlsx",26462,25.84,"5da676e342222e0829b6fd08636af332"
3425,"4998","4998_Cuenca_Pampas","IDConfig_3425_completo.xlsx","4998_Cuenca_Pampas/_raw_reportes_xlsx/IDConfig_3425_completo.xlsx",13484,13.17,"4ee157a66eed233a0dbeaaffa30a94dc"
3550,"4998","4998_Cuenca_Pampas","IDConfig_3550_completo.xlsx","4998_Cuenca_Pampas/_raw_reportes_xlsx/IDConfig_3550_completo.xlsx",27634,26.99,"63a285b79bc2431a00d5ff96a028d791"
3551,"4998","4998_Cuenca_Pampas","IDConfig_3551_completo.xlsx","4998_Cuenca_Pampas/_raw_reportes_xlsx/IDConfig_3551_completo.xlsx",11531,11.26,"9a846c27355a7ea1e003d10eef9a17b7"
3553,"4998","4998_Cuenca_Pampas","IDConfig_3553_completo.xlsx","4998_Cuenca_Pampas/_raw_reportes_xlsx/IDConfig_3553_completo.xlsx",24809,24.23,"2aa8a77671e196004b9c0f5ca8b7ef45"
3685,"4998","4998_Cuenca_Pampas","IDConfig_3685_completo.xlsx","4998_Cuenca_Pampas/_raw_reportes_xlsx/IDConfig_3685_completo.xlsx",20689,20.2,"99a92562046dfadfd073eae834af1e6c"
3786,"4998","4998_Cuenca_Pampas","IDConfig_3786_completo.xlsx","4998_Cuenca_Pampas/_raw_reportes_xlsx/IDConfig_3786_completo.xlsx",19827,19.36,"fdcd823be01429860891d9c17df0d2e2"
3935,"4998","4998_Cuenca_Pampas","IDConfig_3935_completo.xlsx","4998_Cuenca_Pampas/_raw_reportes_xlsx/IDConfig_3935_completo.xlsx",32044,31.29,"41bda856ccc7f1d4a41759835aaa35c6"
4103,"4998","4998_Cuenca_Pampas","IDConfig_4103_completo.xlsx","4998_Cuenca_Pampas/_raw_reportes_xlsx/IDConfig_4103_completo.xlsx",83049,81.1,"cb963adc23cb797642477b63f6f0517e"
4226,"4998","4998_Cuenca_Pampas","IDConfig_4226_completo.xlsx","4998_Cuenca_Pampas/_raw_reportes_xlsx/IDConfig_4226_completo.xlsx",31545,30.81,"d3da5ef574ab6e801968349b8d21660c"
4241,"4998","4998_Cuenca_Pampas","IDConfig_4241_completo.xlsx","4998_Cuenca_Pampas/_raw_reportes_xlsx/IDConfig_4241_completo.xlsx",3853,3.76,"10afed04059cb3508be1cf49212ecf00"
5580,"4998","4998_Cuenca_Pampas","IDConfig_5580_completo.xlsx","4998_Cuenca_Pampas/_raw_reportes_xlsx/IDConfig_5580_completo.xlsx",60642,59.22,"93c3dceb3d7e80394123d2ecc1ec3e74"
5595,"4998","4998_Cuenca_Pampas","IDConfig_5595_completo.xlsx","4998_Cuenca_Pampas/_raw_reportes_xlsx/IDConfig_5595_completo.xlsx",51637,50.43,"d5d448e8f0cd043abefaa9e0cabe2b68"
5600,"4998","4998_Cuenca_Pampas","IDConfig_5600_completo.xlsx","4998_Cuenca_Pampas/_raw_reportes_xlsx/IDConfig_5600_completo.xlsx",48808,47.66,"bd001f3b6c0685a747f7f7a1d0bf65ef"
5601,"4998","4998_Cuenca_Pampas","IDConfig_5601_completo.xlsx","4998_Cuenca_Pampas/_raw_reportes_xlsx/IDConfig_5601_completo.xlsx",62916,61.44,"d040ddaf98767cb7007795923e96d73a"
5602,"4998","4998_Cuenca_Pampas","IDConfig_5602_completo.xlsx","4998_Cuenca_Pampas/_raw_reportes_xlsx/IDConfig_5602_completo.xlsx",50418,49.24,"e8e7e1f0ff648725ef60167844c1e245"
5611,"4998","4998_Cuenca_Pampas","IDConfig_5611_completo.xlsx","4998_Cuenca_Pampas/_raw_reportes_xlsx/IDConfig_5611_completo.xlsx",22232,21.71,"65d8a3383a97e6e09d29ec92e6fe7e88"
5617,"4998","4998_Cuenca_Pampas","IDConfig_5617_completo.xlsx","4998_Cuenca_Pampas/_raw_reportes_xlsx/IDConfig_5617_completo.xlsx",51267,50.07,"0d5dbf7c997e9c9c4aa77ffc2a70624c"
5624,"4998","4998_Cuenca_Pampas","IDConfig_5624_completo.xlsx","4998_Cuenca_Pampas/_raw_reportes_xlsx/IDConfig_5624_completo.xlsx",43008,42,"71d7583f6a56e6e3af957f3c8b19bd79"
5625,"4998","4998_Cuenca_Pampas","IDConfig_5625_completo.xlsx","4998_Cuenca_Pampas/_raw_reportes_xlsx/IDConfig_5625_completo.xlsx",54080,52.81,"3701f676ce14fc447d86ad55539d831d"
5626,"4998","4998_Cuenca_Pampas","IDConfig_5626_completo.xlsx","4998_Cuenca_Pampas/_raw_reportes_xlsx/IDConfig_5626_completo.xlsx",32740,31.97,"4229459708db1c547b1ebdf935f215f9"
5627,"4998","4998_Cuenca_Pampas","IDConfig_5627_completo.xlsx","4998_Cuenca_Pampas/_raw_reportes_xlsx/IDConfig_5627_completo.xlsx",50223,49.05,"5b71df4a055412d97c493e1015077c30"
5628,"4998","4998_Cuenca_Pampas","IDConfig_5628_completo.xlsx","4998_Cuenca_Pampas/_raw_reportes_xlsx/IDConfig_5628_completo.xlsx",47062,45.96,"5a6e6a0419eaa47ca74f5d280c025448"
5638,"4998","4998_Cuenca_Pampas","IDConfig_5638_completo.xlsx","4998_Cuenca_Pampas/_raw_reportes_xlsx/IDConfig_5638_completo.xlsx",49170,48.02,"c15a0f198ba2471a201d04d5f01abf79"
6020,"4998","4998_Cuenca_Pampas","IDConfig_6020_completo.xlsx","4998_Cuenca_Pampas/_raw_reportes_xlsx/IDConfig_6020_completo.xlsx",33883,33.09,"93fe2ee308f4d220bc85adb8d06826a9"
6031,"4998","4998_Cuenca_Pampas","IDConfig_6031_completo.xlsx","4998_Cuenca_Pampas/_raw_reportes_xlsx/IDConfig_6031_completo.xlsx",29371,28.68,"676164fc61440b648955f3b14002cbc9"
6049,"4998","4998_Cuenca_Pampas","IDConfig_6049_completo.xlsx","4998_Cuenca_Pampas/_raw_reportes_xlsx/IDConfig_6049_completo.xlsx",93717,91.52,"291d2411e6e39195235c2847906fd87d"
6058,"4998","4998_Cuenca_Pampas","IDConfig_6058_completo.xlsx","4998_Cuenca_Pampas/_raw_reportes_xlsx/IDConfig_6058_completo.xlsx",4864,4.75,"39b5cdf01585fab12ae9acba51a9983f"
6071,"4998","4998_Cuenca_Pampas","IDConfig_6071_completo.xlsx","4998_Cuenca_Pampas/_raw_reportes_xlsx/IDConfig_6071_completo.xlsx",37897,37.01,"e64393f2059d0f7a94a7b9788d739c5c"
6078,"4998","4998_Cuenca_Pampas","IDConfig_6078_completo.xlsx","4998_Cuenca_Pampas/_raw_reportes_xlsx/IDConfig_6078_completo.xlsx",90617,88.49,"fe86e031e68fba5fe2daac5d7aa7d257"
6090,"4998","4998_Cuenca_Pampas","IDConfig_6090_completo.xlsx","4998_Cuenca_Pampas/_raw_reportes_xlsx/IDConfig_6090_completo.xlsx",47719,46.6,"780ccf5fd3db39e946daf2a3634a6c9a"
6091,"4998","4998_Cuenca_Pampas","IDConfig_6091_completo.xlsx","4998_Cuenca_Pampas/_raw_reportes_xlsx/IDConfig_6091_completo.xlsx",16354,15.97,"01d1600ff8b1a02cf66e25b5818b9cfc"
6108,"4998","4998_Cuenca_Pampas","IDConfig_6108_completo.xlsx","4998_Cuenca_Pampas/_raw_reportes_xlsx/IDConfig_6108_completo.xlsx",40175,39.23,"53d73ff850958c67e95c6a0911a1c103"
6117,"4998","4998_Cuenca_Pampas","IDConfig_6117_completo.xlsx","4998_Cuenca_Pampas/_raw_reportes_xlsx/IDConfig_6117_completo.xlsx",38257,37.36,"7d042529228119f490b4da36841d32b7"
6129,"4998","4998_Cuenca_Pampas","IDConfig_6129_completo.xlsx","4998_Cuenca_Pampas/_raw_reportes_xlsx/IDConfig_6129_completo.xlsx",32096,31.34,"8dfee03de34b82cc23016924e7939498"
6136,"4998","4998_Cuenca_Pampas","IDConfig_6136_completo.xlsx","4998_Cuenca_Pampas/_raw_reportes_xlsx/IDConfig_6136_completo.xlsx",82360,80.43,"f22858b8591c9e109db6e40d1ae17b89"
6146,"4998","4998_Cuenca_Pampas","IDConfig_6146_completo.xlsx","4998_Cuenca_Pampas/_raw_reportes_xlsx/IDConfig_6146_completo.xlsx",48423,47.29,"16a5f6fecaa48873ae9e1e941a8b2b3a"
6153,"4998","4998_Cuenca_Pampas","IDConfig_6153_completo.xlsx","4998_Cuenca_Pampas/_raw_reportes_xlsx/IDConfig_6153_completo.xlsx",16522,16.13,"207a09e27d30ca9b13a9bf6116ba59c9"
6393,"4998","4998_Cuenca_Pampas","IDConfig_6393_completo.xlsx","4998_Cuenca_Pampas/_raw_reportes_xlsx/IDConfig_6393_completo.xlsx",21700,21.19,"6a4ed114fcd752ea23739e382241a185"
6406,"4998","4998_Cuenca_Pampas","IDConfig_6406_completo.xlsx","4998_Cuenca_Pampas/_raw_reportes_xlsx/IDConfig_6406_completo.xlsx",16566,16.18,"bba9117545aa01dd4db8da3e95530e29"
6412,"4998","4998_Cuenca_Pampas","IDConfig_6412_completo.xlsx","4998_Cuenca_Pampas/_raw_reportes_xlsx/IDConfig_6412_completo.xlsx",25524,24.93,"db307ea57a0d02c2aa1dc6180ca73b96"
6419,"4998","4998_Cuenca_Pampas","IDConfig_6419_completo.xlsx","4998_Cuenca_Pampas/_raw_reportes_xlsx/IDConfig_6419_completo.xlsx",51395,50.19,"cd7860a5a7165eec9a1060f051793d6f"
7374,"4998","4998_Cuenca_Pampas","IDConfig_7374_completo.xlsx","4998_Cuenca_Pampas/_raw_reportes_xlsx/IDConfig_7374_completo.xlsx",30551,29.83,"6590beab60f2ee63dfc711efcd2a8e75"
7376,"4998","4998_Cuenca_Pampas","IDConfig_7376_completo.xlsx","4998_Cuenca_Pampas/_raw_reportes_xlsx/IDConfig_7376_completo.xlsx",189998,185.54,"3e817b7cb17b6cb9fe24b5e39af51cd8"
7381,"4998","4998_Cuenca_Pampas","IDConfig_7381_completo.xlsx","4998_Cuenca_Pampas/_raw_reportes_xlsx/IDConfig_7381_completo.xlsx",320004,312.5,"16ea9c62bfe2758b518a91d09f686438"
11481,"4998","4998_Cuenca_Pampas","IDConfig_11481_completo.xlsx","4998_Cuenca_Pampas/_raw_reportes_xlsx/IDConfig_11481_completo.xlsx",23338,22.79,"1a870158268b71a7fd85606095dc6bb2"
63627,"4998","4998_Cuenca_Pampas","IDConfig_63627_completo.xlsx","4998_Cuenca_Pampas/_raw_reportes_xlsx/IDConfig_63627_completo.xlsx",10490,10.24,"34c47e60e4a20fbb9aaafacafa70b935"
63628,"4998","4998_Cuenca_Pampas","IDConfig_63628_completo.xlsx","4998_Cuenca_Pampas/_raw_reportes_xlsx/IDConfig_63628_completo.xlsx",36234,35.38,"9e2c9f5a72b66ec05a536c8e6bdde4f4"
63973,"4998","4998_Cuenca_Pampas","IDConfig_63973_completo.xlsx","4998_Cuenca_Pampas/_raw_reportes_xlsx/IDConfig_63973_completo.xlsx",4238,4.14,"9e1c3fc3468a582dcca09464c2f0bb67"
63974,"4998","4998_Cuenca_Pampas","IDConfig_63974_completo.xlsx","4998_Cuenca_Pampas/_raw_reportes_xlsx/IDConfig_63974_completo.xlsx",23873,23.31,"e9fcc9a58c2c3381c65aca2ef1c6694d"
64887,"4998","4998_Cuenca_Pampas","IDConfig_64887_completo.xlsx","4998_Cuenca_Pampas/_raw_reportes_xlsx/IDConfig_64887_completo.xlsx",3379,3.3,"bdd67f5bb49e8c597e08f660e14080f5"
64888,"4998","4998_Cuenca_Pampas","IDConfig_64888_completo.xlsx","4998_Cuenca_Pampas/_raw_reportes_xlsx/IDConfig_64888_completo.xlsx",4032,3.94,"8efc1d6029e08bb1b8e2593a9dafb87a"
65122,"4998","4998_Cuenca_Pampas","IDConfig_65122_completo.xlsx","4998_Cuenca_Pampas/_raw_reportes_xlsx/IDConfig_65122_completo.xlsx",94633,92.42,"65b15075518565a70871e3feb35ecf38"
65280,"4998","4998_Cuenca_Pampas","IDConfig_65280_completo.xlsx","4998_Cuenca_Pampas/_raw_reportes_xlsx/IDConfig_65280_completo.xlsx",10847,10.59,"638a8cf14475f0dff680942ccafdc021"
374,"4999","4999_Intercuenca_Alto_Apurimac","IDConfig_374_completo.xlsx","4999_Intercuenca_Alto_Apurimac/_raw_reportes_xlsx/IDConfig_374_completo.xlsx",20937,20.45,"f206482bff4466e91b47d120f415a9df"
1186,"4999","4999_Intercuenca_Alto_Apurimac","IDConfig_1186_completo.xlsx","4999_Intercuenca_Alto_Apurimac/_raw_reportes_xlsx/IDConfig_1186_completo.xlsx",41979,41,"907f7bea2952e160d4415ccce8d60268"
1526,"4999","4999_Intercuenca_Alto_Apurimac","IDConfig_1526_completo.xlsx","4999_Intercuenca_Alto_Apurimac/_raw_reportes_xlsx/IDConfig_1526_completo.xlsx",53680,52.42,"f66576ce031dced88bd0a097eeab79b7"
1853,"4999","4999_Intercuenca_Alto_Apurimac","IDConfig_1853_completo.xlsx","4999_Intercuenca_Alto_Apurimac/_raw_reportes_xlsx/IDConfig_1853_completo.xlsx",17188,16.79,"09f6de495664edc03c58f25ea0ce4a7c"
1922,"4999","4999_Intercuenca_Alto_Apurimac","IDConfig_1922_completo.xlsx","4999_Intercuenca_Alto_Apurimac/_raw_reportes_xlsx/IDConfig_1922_completo.xlsx",21485,20.98,"bac13bdea28a92ffe658e0016d2805bf"
2463,"4999","4999_Intercuenca_Alto_Apurimac","IDConfig_2463_completo.xlsx","4999_Intercuenca_Alto_Apurimac/_raw_reportes_xlsx/IDConfig_2463_completo.xlsx",34185,33.38,"5195f275ea67f46c88bed9312c88174f"
2643,"4999","4999_Intercuenca_Alto_Apurimac","IDConfig_2643_completo.xlsx","4999_Intercuenca_Alto_Apurimac/_raw_reportes_xlsx/IDConfig_2643_completo.xlsx",16079,15.7,"6a4de7cdc04cbc7a3a6afb592a5d4f57"
2985,"4999","4999_Intercuenca_Alto_Apurimac","IDConfig_2985_completo.xlsx","4999_Intercuenca_Alto_Apurimac/_raw_reportes_xlsx/IDConfig_2985_completo.xlsx",19340,18.89,"d7abe7dfda7fabd281e0af3f232dfa36"
3945,"4999","4999_Intercuenca_Alto_Apurimac","IDConfig_3945_completo.xlsx","4999_Intercuenca_Alto_Apurimac/_raw_reportes_xlsx/IDConfig_3945_completo.xlsx",16654,16.26,"9349deccafd25f7b1ac3ea9250e13876"
3984,"4999","4999_Intercuenca_Alto_Apurimac","IDConfig_3984_completo.xlsx","4999_Intercuenca_Alto_Apurimac/_raw_reportes_xlsx/IDConfig_3984_completo.xlsx",25766,25.16,"815df9551af2e5c18e37c04f17662e3f"
4052,"4999","4999_Intercuenca_Alto_Apurimac","IDConfig_4052_completo.xlsx","4999_Intercuenca_Alto_Apurimac/_raw_reportes_xlsx/IDConfig_4052_completo.xlsx",56455,55.13,"a1b77c94819eb6a29a6829e7b6811f48"
6420,"4999","4999_Intercuenca_Alto_Apurimac","IDConfig_6420_completo.xlsx","4999_Intercuenca_Alto_Apurimac/_raw_reportes_xlsx/IDConfig_6420_completo.xlsx",7339,7.17,"35469ce83acdba1a93379bc774d5ed86"
6429,"4999","4999_Intercuenca_Alto_Apurimac","IDConfig_6429_completo.xlsx","4999_Intercuenca_Alto_Apurimac/_raw_reportes_xlsx/IDConfig_6429_completo.xlsx",112197,109.57,"73f6b773f0c064918ec815cd005e64da"
6442,"4999","4999_Intercuenca_Alto_Apurimac","IDConfig_6442_completo.xlsx","4999_Intercuenca_Alto_Apurimac/_raw_reportes_xlsx/IDConfig_6442_completo.xlsx",143224,139.87,"d7f7a49d9b857cc552d20faa0bf96154"
6454,"4999","4999_Intercuenca_Alto_Apurimac","IDConfig_6454_completo.xlsx","4999_Intercuenca_Alto_Apurimac/_raw_reportes_xlsx/IDConfig_6454_completo.xlsx",29524,28.83,"47a3317920b5bbcec644355eeab50568"
6485,"4999","4999_Intercuenca_Alto_Apurimac","IDConfig_6485_completo.xlsx","4999_Intercuenca_Alto_Apurimac/_raw_reportes_xlsx/IDConfig_6485_completo.xlsx",79002,77.15,"69a2ea474f5386f2305205805d3e1d6e"
6499,"4999","4999_Intercuenca_Alto_Apurimac","IDConfig_6499_completo.xlsx","4999_Intercuenca_Alto_Apurimac/_raw_reportes_xlsx/IDConfig_6499_completo.xlsx",40635,39.68,"63d20c891bcfc1627c876f35f8ff086a"
6559,"4999","4999_Intercuenca_Alto_Apurimac","IDConfig_6559_completo.xlsx","4999_Intercuenca_Alto_Apurimac/_raw_reportes_xlsx/IDConfig_6559_completo.xlsx",5980,5.84,"c6c90ffcf27a64be9b79a5aa67a48128"
6578,"4999","4999_Intercuenca_Alto_Apurimac","IDConfig_6578_completo.xlsx","4999_Intercuenca_Alto_Apurimac/_raw_reportes_xlsx/IDConfig_6578_completo.xlsx",129315,126.28,"a864c5987f9a6727f9d7e4766b5d4cc1"
6591,"4999","4999_Intercuenca_Alto_Apurimac","IDConfig_6591_completo.xlsx","4999_Intercuenca_Alto_Apurimac/_raw_reportes_xlsx/IDConfig_6591_completo.xlsx",53515,52.26,"8d73e22320db8ab7f6e5f3246aff1af6"
6597,"4999","4999_Intercuenca_Alto_Apurimac","IDConfig_6597_completo.xlsx","4999_Intercuenca_Alto_Apurimac/_raw_reportes_xlsx/IDConfig_6597_completo.xlsx",26949,26.32,"147b29c5029d167b9cc04fbf6bbce965"
6603,"4999","4999_Intercuenca_Alto_Apurimac","IDConfig_6603_completo.xlsx","4999_Intercuenca_Alto_Apurimac/_raw_reportes_xlsx/IDConfig_6603_completo.xlsx",40839,39.88,"437ce9b160c42b3f02beeb84c4eba299"
6639,"4999","4999_Intercuenca_Alto_Apurimac","IDConfig_6639_completo.xlsx","4999_Intercuenca_Alto_Apurimac/_raw_reportes_xlsx/IDConfig_6639_completo.xlsx",34003,33.21,"ee3f99f6f8079409c94683c2a7ea7036"
6656,"4999","4999_Intercuenca_Alto_Apurimac","IDConfig_6656_completo.xlsx","4999_Intercuenca_Alto_Apurimac/_raw_reportes_xlsx/IDConfig_6656_completo.xlsx",119571,116.77,"1441ee7397e953f89e1fc5f5cd2b69ed"
7354,"4999","4999_Intercuenca_Alto_Apurimac","IDConfig_7354_completo.xlsx","4999_Intercuenca_Alto_Apurimac/_raw_reportes_xlsx/IDConfig_7354_completo.xlsx",104886,102.43,"080a3f0e02057b72b9b7070488089042"
7383,"4999","4999_Intercuenca_Alto_Apurimac","IDConfig_7383_completo.xlsx","4999_Intercuenca_Alto_Apurimac/_raw_reportes_xlsx/IDConfig_7383_completo.xlsx",275430,268.97,"462efaba95bd2537bc8795dabe834b43"
7561,"4999","4999_Intercuenca_Alto_Apurimac","IDConfig_7561_completo.xlsx","4999_Intercuenca_Alto_Apurimac/_raw_reportes_xlsx/IDConfig_7561_completo.xlsx",16825,16.43,"7517bc17f7a6e7d9b153629a0e750010"
7562,"4999","4999_Intercuenca_Alto_Apurimac","IDConfig_7562_completo.xlsx","4999_Intercuenca_Alto_Apurimac/_raw_reportes_xlsx/IDConfig_7562_completo.xlsx",24737,24.16,"853714b07247cb33cb3188c09237a004"
8168,"4999","4999_Intercuenca_Alto_Apurimac","IDConfig_8168_completo.xlsx","4999_Intercuenca_Alto_Apurimac/_raw_reportes_xlsx/IDConfig_8168_completo.xlsx",153071,149.48,"e6a077c7116d58f904ec6cb147df4e19"
51743,"4999","4999_Intercuenca_Alto_Apurimac","IDConfig_51743_completo.xlsx","4999_Intercuenca_Alto_Apurimac/_raw_reportes_xlsx/IDConfig_51743_completo.xlsx",69269,67.65,"9f466a40c61532f66d634268a4e37a58"
52164,"4999","4999_Intercuenca_Alto_Apurimac","IDConfig_52164_completo.xlsx","4999_Intercuenca_Alto_Apurimac/_raw_reportes_xlsx/IDConfig_52164_completo.xlsx",71087,69.42,"8241477db84c2df1b75d8f6704766040"
52526,"4999","4999_Intercuenca_Alto_Apurimac","IDConfig_52526_completo.xlsx","4999_Intercuenca_Alto_Apurimac/_raw_reportes_xlsx/IDConfig_52526_completo.xlsx",82639,80.7,"048622e2b499b7a8799499b3c37a7907"
62315,"4999","4999_Intercuenca_Alto_Apurimac","IDConfig_62315_completo.xlsx","4999_Intercuenca_Alto_Apurimac/_raw_reportes_xlsx/IDConfig_62315_completo.xlsx",11719,11.44,"9f9313ac7628668e1cc1c05436aea857"
63633,"4999","4999_Intercuenca_Alto_Apurimac","IDConfig_63633_completo.xlsx","4999_Intercuenca_Alto_Apurimac/_raw_reportes_xlsx/IDConfig_63633_completo.xlsx",13766,13.44,"c7a58506fdd87b64d27af758e4f8c276"
63634,"4999","4999_Intercuenca_Alto_Apurimac","IDConfig_63634_completo.xlsx","4999_Intercuenca_Alto_Apurimac/_raw_reportes_xlsx/IDConfig_63634_completo.xlsx",11459,11.19,"f0c16dd6867bc611e231dd6a9eeb06ad"
63636,"4999","4999_Intercuenca_Alto_Apurimac","IDConfig_63636_completo.xlsx","4999_Intercuenca_Alto_Apurimac/_raw_reportes_xlsx/IDConfig_63636_completo.xlsx",14254,13.92,"59c1127bd8b67c7696adddee7e6b7d2d"
63969,"4999","4999_Intercuenca_Alto_Apurimac","IDConfig_63969_completo.xlsx","4999_Intercuenca_Alto_Apurimac/_raw_reportes_xlsx/IDConfig_63969_completo.xlsx",19752,19.29,"d6edb4cc27327a51c0dcee55bf290a5e"
63970,"4999","4999_Intercuenca_Alto_Apurimac","IDConfig_63970_completo.xlsx","4999_Intercuenca_Alto_Apurimac/_raw_reportes_xlsx/IDConfig_63970_completo.xlsx",7450,7.28,"c938ce8bd7ea819f36d14ff2aafe2d87"
64824,"4999","4999_Intercuenca_Alto_Apurimac","IDConfig_64824_completo.xlsx","4999_Intercuenca_Alto_Apurimac/_raw_reportes_xlsx/IDConfig_64824_completo.xlsx",3699,3.61,"0fb97f1b2aa6b5c7d979d718f8c96038"
64933,"4999","4999_Intercuenca_Alto_Apurimac","IDConfig_64933_completo.xlsx","4999_Intercuenca_Alto_Apurimac/_raw_reportes_xlsx/IDConfig_64933_completo.xlsx",21075,20.58,"414ff577cd84d5c5aad13ce37ea3e2c9"
65027,"4999","4999_Intercuenca_Alto_Apurimac","IDConfig_65027_completo.xlsx","4999_Intercuenca_Alto_Apurimac/_raw_reportes_xlsx/IDConfig_65027_completo.xlsx",139244,135.98,"78f73c4ade5195c6c45149acba06cc06"
65098,"4999","4999_Intercuenca_Alto_Apurimac","IDConfig_65098_completo.xlsx","4999_Intercuenca_Alto_Apurimac/_raw_reportes_xlsx/IDConfig_65098_completo.xlsx",123636,120.74,"70eaa8958ebf827ed9c8a5dba48ba50d"
65256,"4999","4999_Intercuenca_Alto_Apurimac","IDConfig_65256_completo.xlsx","4999_Intercuenca_Alto_Apurimac/_raw_reportes_xlsx/IDConfig_65256_completo.xlsx",10013,9.78,"41b467f54cc3f2a0e9931b4757c08442"
67592,"4999","4999_Intercuenca_Alto_Apurimac","IDConfig_67592_completo.xlsx","4999_Intercuenca_Alto_Apurimac/_raw_reportes_xlsx/IDConfig_67592_completo.xlsx",18792,18.35,"a68033584f3fd60ea43a5e8d3a347bb2"
67693,"4999","4999_Intercuenca_Alto_Apurimac","IDConfig_67693_completo.xlsx","4999_Intercuenca_Alto_Apurimac/_raw_reportes_xlsx/IDConfig_67693_completo.xlsx",18560,18.12,"68415bb5a8ac2d2adef475c8b22f1c8f"
